elapsed_s,attack_time_s,activated,gps_sent,inj_lat,inj_lon,inj_alt,inj_vn,inj_ve,inj_vd,fix_type,h_acc,v_acc,s_acc,truth_lat,truth_lon,truth_alt,e_inject_h_m
4.497000190895051e-06,nan,1,1,35.93051398,-84.31067453,0.0,0.0,0.0,0.0,3,0.5,2.0,0.5,nan,nan,nan,nan
0.2005409020002844,nan,1,1,35.93051398,-84.31067453,0.0,0.0,0.0,0.0,3,0.5,2.0,0.5,nan,nan,nan,nan
0.4026665100000173,nan,1,1,35.93051398,-84.31067453,0.0,0.0,0.0,0.0,3,0.5,2.0,0.5,nan,nan,nan,nan
0.6039851240002463,nan,1,1,35.93051398,-84.31067453,0.0,0.0,0.0,0.0,3,0.5,2.0,0.5,nan,nan,nan,nan
0.8055917279998539,nan,1,1,35.93051398,-84.31067453,0.0,0.0,0.0,0.0,3,0.5,2.0,0.5,nan,nan,nan,nan
1.0064241290001519,nan,1,1,35.93051398,-84.31067453,0.0,0.0,0.0,0.0,3,0.5,2.0,0.5,nan,nan,nan,nan
1.207573087000128,nan,1,1,35.9305139,-84.3106744,0.0,0.0,0.0,0.0,3,0.5,2.0,0.5,35.9305139,-84.3106744,nan,0.0
1.4127991810000822,nan,1,1,35.9305139,-84.3106744,0.0,0.0,0.0,0.0,3,0.5,2.0,0.5,35.9305139,-84.3106744,nan,0.0
1.6134089460001633,nan,1,1,35.9305139,-84.3106744,0.0,0.0,0.0,0.0,3,0.5,2.0,0.5,35.9305139,-84.3106744,nan,0.0
1.815230667999458,nan,1,1,35.9305139,-84.3106744,0.0,0.0,0.0,0.0,3,0.5,2.0,0.5,35.9305139,-84.3106744,nan,0.0
2.0169207689996256,nan,1,1,35.9305139,-84.3106744,0.0,0.0,0.0,0.0,3,0.5,2.0,0.5,35.9305139,-84.3106744,nan,0.0
2.219124864999685,nan,1,1,35.9305139,-84.3106744,0.0,0.0,0.0,0.0,3,0.5,2.0,0.5,35.9305139,-84.3106744,nan,0.0
2.4206009780000386,nan,1,1,35.9305139,-84.3106744,0.0,0.0,0.0,0.0,3,0.5,2.0,0.5,35.9305139,-84.3106744,nan,0.0
2.6224859060002927,nan,1,1,35.9305139,-84.3106744,0.0,0.0,0.0,0.0,3,0.5,2.0,0.5,35.9305139,-84.3106744,nan,0.0
2.8237575450002623,nan,1,1,35.9305139,-84.3106744,0.0,0.0,0.0,0.0,3,0.5,2.0,0.5,35.9305139,-84.3106744,nan,0.0
3.024856092999471,nan,1,1,35.9305139,-84.3106744,0.0,0.0,0.0,0.0,3,0.5,2.0,0.5,35.9305139,-84.3106744,nan,0.0
3.2258948799999416,nan,1,1,35.9305139,-84.3106744,0.0,0.0,0.0,0.0,3,0.5,2.0,0.5,35.9305139,-84.3106744,nan,0.0
3.42679292899993,nan,1,1,35.9305139,-84.3106744,0.0,0.0,0.0,0.0,3,0.5,2.0,0.5,35.9305139,-84.3106744,nan,0.0
3.6279632340001626,nan,1,1,35.9305139,-84.3106744,0.0,0.0,0.0,0.0,3,0.5,2.0,0.5,35.9305139,-84.3106744,nan,0.0
3.828782016000332,nan,1,1,35.9305139,-84.3106744,0.0,0.0,0.0,0.0,3,0.5,2.0,0.5,35.9305139,-84.3106744,nan,0.0
4.031967742999768,nan,1,1,35.9305139,-84.3106744,0.0,0.0,0.0,0.0,3,0.5,2.0,0.5,35.9305139,-84.3106744,nan,0.0
4.233646167999723,nan,1,1,35.9305139,-84.3106744,0.0,0.0,0.0,0.0,3,0.5,2.0,0.5,35.9305139,-84.3106744,nan,0.0
4.435152731999551,nan,1,1,35.9305139,-84.3106744,0.0,0.0,0.0,0.0,3,0.5,2.0,0.5,35.9305139,-84.3106744,nan,0.0
4.63781640399975,nan,1,1,35.9305139,-84.3106744,0.0,0.0,0.0,0.0,3,0.5,2.0,0.5,35.9305139,-84.3106744,nan,0.0
4.838405243999659,nan,1,1,35.9305139,-84.3106744,0.0,0.0,0.0,0.0,3,0.5,2.0,0.5,35.9305139,-84.3106744,nan,0.0
5.0393426539994834,nan,1,1,35.9305139,-84.3106744,0.0,0.0,0.0,0.0,3,0.5,2.0,0.5,35.9305139,-84.3106744,nan,0.0
5.239987695000309,nan,1,1,35.9305139,-84.3106744,0.0,0.0,0.0,0.0,3,0.5,2.0,0.5,35.9305139,-84.3106744,nan,0.0
5.442135618000066,nan,1,1,35.9305139,-84.3106744,0.0,0.0,0.0,0.0,3,0.5,2.0,0.5,35.9305139,-84.3106744,nan,0.0
5.643466861999514,nan,1,1,35.9305139,-84.3106744,0.0,0.0,0.0,0.0,3,0.5,2.0,0.5,35.9305139,-84.3106744,nan,0.0
5.845210196000153,nan,1,1,35.9305139,-84.3106744,0.0,0.0,0.0,0.0,3,0.5,2.0,0.5,35.9305139,-84.3106744,nan,0.0
6.046801305999907,nan,1,1,35.9305139,-84.3106744,0.0,0.0,0.0,0.0,3,0.5,2.0,0.5,35.9305139,-84.3106744,nan,0.0
6.24862279700028,nan,1,1,35.9305139,-84.3106744,0.0,0.0,0.0,0.0,3,0.5,2.0,0.5,35.9305139,-84.3106744,nan,0.0
6.449917762999576,nan,1,1,35.9305139,-84.3106744,0.0,0.0,0.0,0.0,3,0.5,2.0,0.5,35.9305139,-84.3106744,nan,0.0
6.65180460099964,nan,1,1,35.9305139,-84.3106744,0.0,0.0,0.0,0.0,3,0.5,2.0,0.5,35.9305139,-84.3106744,nan,0.0
6.853027830999963,nan,1,1,35.9305139,-84.3106744,0.0,0.0,0.0,0.0,3,0.5,2.0,0.5,35.9305139,-84.3106744,nan,0.0
7.053753164999762,nan,1,1,35.9305139,-84.3106744,0.1,0.0,0.0,-0.03,3,0.5,2.0,0.5,35.9305139,-84.3106744,nan,0.0
7.2546117450001475,nan,1,1,35.9305139,-84.3106744,0.1,0.0,0.0,-0.03,3,0.5,2.0,0.5,35.9305139,-84.3106744,nan,0.0
7.4551143809994755,nan,1,1,35.9305139,-84.3106744,0.1,0.0,0.0,-0.03,3,0.5,2.0,0.5,35.9305139,-84.3106744,nan,0.0
7.655726310999853,nan,1,1,35.9305139,-84.3106744,0.1,0.0,0.0,-0.03,3,0.5,2.0,0.5,35.9305139,-84.3106744,nan,0.0
7.856395617999624,nan,1,1,35.9305139,-84.3106744,0.1,0.0,0.0,-0.03,3,0.5,2.0,0.5,35.9305139,-84.3106744,nan,0.0
8.059677438000108,nan,1,1,35.9305139,-84.3106744,0.1,0.0,0.0,-0.03,3,0.5,2.0,0.5,35.9305139,-84.3106744,nan,0.0
8.261769386999731,nan,1,1,35.9305139,-84.3106744,0.1,0.0,0.0,-0.03,3,0.5,2.0,0.5,35.9305139,-84.3106744,nan,0.0
8.463106273999983,nan,1,1,35.9305139,-84.3106744,0.1,0.0,0.0,-0.02,3,0.5,2.0,0.5,35.9305139,-84.3106744,nan,0.0
8.666026627000065,nan,1,1,35.9305139,-84.3106744,0.1,0.0,0.0,-0.02,3,0.5,2.0,0.5,35.9305139,-84.3106744,nan,0.0
8.86717494899949,nan,1,1,35.9305139,-84.3106744,0.1,0.0,0.0,-0.02,3,0.5,2.0,0.5,35.9305139,-84.3106744,nan,0.0
9.069020896999973,nan,1,1,35.9305139,-84.3106744,0.1,0.0,0.0,-0.02,3,0.5,2.0,0.5,35.9305139,-84.3106744,nan,0.0
9.270495814000242,nan,1,1,35.9305139,-84.3106744,0.1,0.0,0.0,-0.02,3,0.5,2.0,0.5,35.9305139,-84.3106744,nan,0.0
9.47171535399957,nan,1,1,35.9305139,-84.3106744,0.1,0.0,0.0,-0.02,3,0.5,2.0,0.5,35.9305139,-84.3106744,nan,0.0
9.672545121999974,nan,1,1,35.9305139,-84.3106744,0.1,0.0,0.0,-0.02,3,0.5,2.0,0.5,35.9305139,-84.3106744,nan,0.0
9.873915719999786,nan,1,1,35.9305139,-84.3106744,0.1,0.0,0.0,-0.02,3,0.5,2.0,0.5,35.9305139,-84.3106744,nan,0.0
10.07572668099965,nan,1,1,35.9305139,-84.3106744,0.1,0.0,0.0,-0.02,3,0.5,2.0,0.5,35.9305139,-84.3106744,nan,0.0
10.2765009069999,nan,1,1,35.9305139,-84.3106744,0.1,0.0,0.0,-0.02,3,0.5,2.0,0.5,35.9305139,-84.3106744,nan,0.0
10.477832305999982,nan,1,1,35.9305139,-84.3106744,0.1,0.0,0.0,-0.02,3,0.5,2.0,0.5,35.9305139,-84.3106744,nan,0.0
10.679215524999563,nan,1,1,35.9305139,-84.3106744,0.1,0.0,0.0,-0.02,3,0.5,2.0,0.5,35.9305139,-84.3106744,nan,0.0
10.880533960999855,nan,1,1,35.9305139,-84.3106744,0.1,0.0,0.0,-0.01,3,0.5,2.0,0.5,35.9305139,-84.3106744,nan,0.0
11.0867088469995,nan,1,1,35.9305139,-84.3106744,0.1,0.0,0.0,-0.01,3,0.5,2.0,0.5,35.9305139,-84.3106744,nan,0.0
11.288290866999887,nan,1,1,35.9305139,-84.3106744,0.1,0.0,0.0,-0.01,3,0.5,2.0,0.5,35.9305139,-84.3106744,nan,0.0
11.490443499999856,nan,1,1,35.9305139,-84.3106744,0.1,0.0,0.0,-0.01,3,0.5,2.0,0.5,35.9305139,-84.3106744,nan,0.0
11.69185157999982,nan,1,1,35.9305139,-84.3106744,0.1,0.0,0.0,-0.01,3,0.5,2.0,0.5,35.9305139,-84.3106744,nan,0.0
11.893537805999586,nan,1,1,35.9305139,-84.3106744,0.1,0.0,0.0,-0.01,3,0.5,2.0,0.5,35.9305139,-84.3106744,nan,0.0
12.095556471999771,nan,1,1,35.9305139,-84.3106744,0.1,0.0,0.0,0.0,3,0.5,2.0,0.5,35.9305139,-84.3106744,nan,0.0
12.296951882999565,nan,1,1,35.9305139,-84.3106744,0.1,0.0,0.0,0.0,3,0.5,2.0,0.5,35.9305139,-84.3106744,nan,0.0
12.498084052000195,nan,1,1,35.9305139,-84.3106744,0.1,0.0,0.0,0.0,3,0.5,2.0,0.5,35.9305139,-84.3106744,nan,0.0
12.698986339999465,nan,1,1,35.9305139,-84.3106744,0.1,0.0,0.0,0.0,3,0.5,2.0,0.5,35.9305139,-84.3106744,nan,0.0
12.899565290999817,nan,1,1,35.9305139,-84.3106744,0.1,0.0,0.0,0.0,3,0.5,2.0,0.5,35.9305139,-84.3106744,nan,0.0
13.101201511999534,nan,1,1,35.9305139,-84.3106744,0.1,0.0,0.0,0.0,3,0.5,2.0,0.5,35.9305139,-84.3106744,nan,0.0
13.304364921000342,nan,1,1,35.9305139,-84.3106744,0.1,0.0,0.0,0.0,3,0.5,2.0,0.5,35.9305139,-84.3106744,nan,0.0
13.50592621800024,nan,1,1,35.9305139,-84.3106744,0.1,0.0,0.0,0.0,3,0.5,2.0,0.5,35.9305139,-84.3106744,nan,0.0
13.70674260800024,nan,1,1,35.9305139,-84.3106744,0.1,0.0,0.0,0.0,3,0.5,2.0,0.5,35.9305139,-84.3106744,nan,0.0
13.907379076000325,nan,1,1,35.9305139,-84.3106744,0.1,0.0,0.0,0.0,3,0.5,2.0,0.5,35.9305139,-84.3106744,nan,0.0
14.108037324000179,nan,1,1,35.9305139,-84.3106744,0.1,0.0,0.0,0.0,3,0.5,2.0,0.5,35.9305139,-84.3106744,nan,0.0
14.309806952000145,nan,1,1,35.9305139,-84.3106744,0.1,0.0,0.0,0.0,3,0.5,2.0,0.5,35.9305139,-84.3106744,nan,0.0
14.510341342000174,nan,1,1,35.9305139,-84.3106744,0.1,0.0,0.0,0.0,3,0.5,2.0,0.5,35.9305139,-84.3106744,nan,0.0
14.71105742599957,nan,1,1,35.9305139,-84.3106744,0.1,0.0,0.0,0.0,3,0.5,2.0,0.5,35.9305139,-84.3106744,nan,0.0
14.911578092999662,nan,1,1,35.9305139,-84.3106744,0.1,0.0,0.0,0.0,3,0.5,2.0,0.5,35.9305139,-84.3106744,nan,0.0
15.112452133999795,nan,1,1,35.9305139,-84.3106744,0.1,0.0,0.0,0.0,3,0.5,2.0,0.5,35.9305139,-84.3106744,nan,0.0
15.31341426400013,nan,1,1,35.9305139,-84.3106744,0.1,0.0,0.0,0.0,3,0.5,2.0,0.5,35.9305139,-84.3106744,nan,0.0
15.514087321000261,nan,1,1,35.9305139,-84.3106744,0.1,0.0,0.0,0.0,3,0.5,2.0,0.5,35.9305139,-84.3106744,nan,0.0
15.715417323999645,nan,1,1,35.9305139,-84.3106744,0.1,0.0,0.0,0.0,3,0.5,2.0,0.5,35.9305139,-84.3106744,nan,0.0
15.91696131899971,nan,1,1,35.9305139,-84.3106744,0.1,0.0,0.0,0.0,3,0.5,2.0,0.5,35.9305139,-84.3106744,nan,0.0
16.11743436300003,nan,1,1,35.9305139,-84.3106744,0.1,0.0,0.0,0.0,3,0.5,2.0,0.5,35.9305139,-84.3106744,nan,0.0
16.318756462999772,nan,1,1,35.9305139,-84.3106744,0.1,0.0,0.0,0.0,3,0.5,2.0,0.5,35.9305139,-84.3106744,nan,0.0
16.52014212999984,nan,1,1,35.9305139,-84.3106744,0.1,0.0,0.0,0.0,3,0.5,2.0,0.5,35.9305139,-84.3106744,nan,0.0
16.721179610000036,nan,1,1,35.9305139,-84.3106744,0.1,0.0,0.0,0.0,3,0.5,2.0,0.5,35.9305139,-84.3106744,nan,0.0
16.922560770999553,nan,1,1,35.9305139,-84.3106744,0.1,0.0,0.0,0.0,3,0.5,2.0,0.5,35.9305139,-84.3106744,nan,0.0
17.124465257000338,nan,1,1,35.9305139,-84.3106744,0.1,0.0,0.0,0.0,3,0.5,2.0,0.5,35.9305139,-84.3106744,nan,0.0
17.328401754999504,nan,1,1,35.9305139,-84.3106744,0.1,0.0,0.0,0.0,3,0.5,2.0,0.5,35.9305139,-84.3106744,nan,0.0
17.530127357999845,nan,1,1,35.9305139,-84.3106744,0.1,0.0,0.0,0.0,3,0.5,2.0,0.5,35.9305139,-84.3106744,nan,0.0
17.732170964000034,nan,1,1,35.9305139,-84.3106744,0.1,0.0,0.0,0.0,3,0.5,2.0,0.5,35.9305139,-84.3106744,nan,0.0
17.93291284499992,nan,1,1,35.9305139,-84.3106744,0.1,0.0,0.0,0.0,3,0.5,2.0,0.5,35.9305139,-84.3106744,nan,0.0
18.134280532999583,nan,1,1,35.9305139,-84.3106744,0.1,0.0,0.0,0.0,3,0.5,2.0,0.5,35.9305139,-84.3106744,nan,0.0
18.336175725999965,nan,1,1,35.9305139,-84.3106744,0.1,0.0,0.0,0.0,3,0.5,2.0,0.5,35.9305139,-84.3106744,nan,0.0
18.537427842999932,nan,1,1,35.9305139,-84.3106744,0.1,0.0,0.0,0.0,3,0.5,2.0,0.5,35.9305139,-84.3106744,nan,0.0
18.739367096000024,nan,1,1,35.9305139,-84.3106744,0.1,0.0,0.0,0.0,3,0.5,2.0,0.5,35.9305139,-84.3106744,nan,0.0
18.94098467999993,nan,1,1,35.9305139,-84.3106744,0.1,0.0,0.0,0.0,3,0.5,2.0,0.5,35.9305139,-84.3106744,nan,0.0
19.142818061999606,nan,1,1,35.9305139,-84.3106744,0.1,0.0,0.0,0.0,3,0.5,2.0,0.5,35.9305139,-84.3106744,nan,0.0
19.346174721999887,nan,1,1,35.9305139,-84.3106744,0.1,0.0,0.0,0.0,3,0.5,2.0,0.5,35.9305139,-84.3106744,nan,0.0
19.547172722999676,nan,1,1,35.9305139,-84.3106744,0.1,0.0,0.0,0.0,3,0.5,2.0,0.5,35.9305139,-84.3106744,nan,0.0
19.747857194000062,nan,1,1,35.9305139,-84.3106744,0.1,0.0,0.0,0.0,3,0.5,2.0,0.5,35.9305139,-84.3106744,nan,0.0
19.949823638999987,nan,1,1,35.9305139,-84.3106744,0.1,0.0,0.0,0.0,3,0.5,2.0,0.5,35.9305139,-84.3106744,nan,0.0
20.150517531999867,nan,1,1,35.9305139,-84.3106744,0.1,0.0,0.0,0.0,3,0.5,2.0,0.5,35.9305139,-84.3106744,nan,0.0
20.353377379999984,nan,1,1,35.9305139,-84.3106744,0.1,0.0,0.0,0.0,3,0.5,2.0,0.5,35.9305139,-84.3106744,nan,0.0
20.555042164999577,nan,1,1,35.9305139,-84.3106744,0.1,0.0,0.0,0.0,3,0.5,2.0,0.5,35.9305139,-84.3106744,nan,0.0
20.756192750999617,nan,1,1,35.9305139,-84.3106744,0.1,0.0,0.0,0.0,3,0.5,2.0,0.5,35.9305139,-84.3106744,nan,0.0
20.958009645999482,nan,1,1,35.9305139,-84.3106744,0.1,0.0,0.0,0.0,3,0.5,2.0,0.5,35.9305139,-84.3106744,nan,0.0
21.158954462999645,nan,1,1,35.9305139,-84.3106744,0.1,0.0,0.0,0.0,3,0.5,2.0,0.5,35.9305139,-84.3106744,nan,0.0
21.36255991500002,nan,1,1,35.9305139,-84.3106744,0.1,0.0,0.0,0.0,3,0.5,2.0,0.5,35.9305139,-84.3106744,nan,0.0
21.563748954999937,nan,1,1,35.9305139,-84.3106744,0.1,0.0,0.0,0.0,3,0.5,2.0,0.5,35.9305139,-84.3106744,nan,0.0
21.76663060699957,nan,1,1,35.9305139,-84.3106744,0.1,0.0,0.0,0.0,3,0.5,2.0,0.5,35.9305139,-84.3106744,nan,0.0
21.968022285999723,nan,1,1,35.9305139,-84.3106744,0.1,0.0,0.0,0.0,3,0.5,2.0,0.5,35.9305139,-84.3106744,nan,0.0
22.169620286999816,nan,1,1,35.9305139,-84.3106744,0.1,0.0,0.0,0.0,3,0.5,2.0,0.5,35.9305139,-84.3106744,nan,0.0
22.37080382699969,nan,1,1,35.9305139,-84.3106744,0.1,0.0,0.0,0.0,3,0.5,2.0,0.5,35.9305139,-84.3106744,nan,0.0
22.57272822499999,nan,1,1,35.9305139,-84.3106744,0.1,0.0,0.0,0.0,3,0.5,2.0,0.5,35.9305139,-84.3106744,nan,0.0
22.773927497999466,nan,1,1,35.9305139,-84.3106744,0.1,0.0,0.0,0.0,3,0.5,2.0,0.5,35.9305139,-84.3106744,nan,0.0
22.97520658099984,nan,1,1,35.9305139,-84.3106744,0.1,0.0,0.0,0.0,3,0.5,2.0,0.5,35.9305139,-84.3106744,nan,0.0
23.17622182099967,nan,1,1,35.9305139,-84.3106744,0.1,0.0,0.0,0.0,3,0.5,2.0,0.5,35.9305139,-84.3106744,nan,0.0
23.377899269999943,nan,1,1,35.9305139,-84.3106744,0.1,0.0,0.0,0.0,3,0.5,2.0,0.5,35.9305139,-84.3106744,nan,0.0
23.580010130999653,nan,1,1,35.9305139,-84.3106744,0.1,0.0,0.0,0.0,3,0.5,2.0,0.5,35.9305139,-84.3106744,nan,0.0
23.781352799999695,nan,1,1,35.9305139,-84.3106744,0.1,0.0,0.0,0.0,3,0.5,2.0,0.5,35.9305139,-84.3106744,nan,0.0
23.982113170000048,nan,1,1,35.9305139,-84.3106744,0.1,0.0,0.0,0.0,3,0.5,2.0,0.5,35.9305139,-84.3106744,nan,0.0
24.183169691999865,nan,1,1,35.9305139,-84.3106744,0.1,0.0,0.0,0.0,3,0.5,2.0,0.5,35.9305139,-84.3106744,nan,0.0
24.38427450099971,nan,1,1,35.9305139,-84.3106744,0.1,0.0,0.0,0.0,3,0.5,2.0,0.5,35.9305139,-84.3106744,nan,0.0
24.58503937000023,nan,1,1,35.9305139,-84.3106744,0.1,0.0,0.0,0.0,3,0.5,2.0,0.5,35.9305139,-84.3106744,nan,0.0
24.78622656599964,nan,1,1,35.9305139,-84.3106744,0.1,0.0,0.0,0.0,3,0.5,2.0,0.5,35.9305139,-84.3106744,nan,0.0
24.991736897999544,nan,1,1,35.9305139,-84.3106744,0.1,0.0,0.0,0.0,3,0.5,2.0,0.5,35.9305139,-84.3106744,nan,0.0
25.192257976999826,nan,1,1,35.9305139,-84.3106744,0.1,0.0,0.0,0.0,3,0.5,2.0,0.5,35.9305139,-84.3106744,nan,0.0
25.39334172799954,nan,1,1,35.9305139,-84.3106744,0.1,0.0,0.0,0.0,3,0.5,2.0,0.5,35.9305139,-84.3106744,nan,0.0
25.59499595699981,nan,1,1,35.9305139,-84.3106744,0.1,0.0,0.0,0.0,3,0.5,2.0,0.5,35.9305139,-84.3106744,nan,0.0
25.796645597999486,nan,1,1,35.9305139,-84.3106744,0.1,0.0,0.0,0.0,3,0.5,2.0,0.5,35.9305139,-84.3106744,nan,0.0
25.999187720999544,nan,1,1,35.9305139,-84.3106744,0.1,0.0,0.0,0.0,3,0.5,2.0,0.5,35.9305139,-84.3106744,nan,0.0
26.201039470999604,nan,1,1,35.9305139,-84.3106744,0.1,0.0,0.0,0.0,3,0.5,2.0,0.5,35.9305139,-84.3106744,nan,0.0
26.402228920999733,nan,1,1,35.9305139,-84.3106744,0.1,0.0,0.0,0.0,3,0.5,2.0,0.5,35.9305139,-84.3106744,nan,0.0
26.60521995399995,nan,1,1,35.9305139,-84.3106744,0.1,0.0,0.0,0.0,3,0.5,2.0,0.5,35.9305139,-84.3106744,nan,0.0
26.806626827999935,nan,1,1,35.9305139,-84.3106744,0.1,0.0,0.0,0.0,3,0.5,2.0,0.5,35.9305139,-84.3106744,nan,0.0
27.008800681999674,nan,1,1,35.9305139,-84.3106744,0.1,0.0,0.0,0.0,3,0.5,2.0,0.5,35.9305139,-84.3106744,nan,0.0
27.209436895999715,nan,1,1,35.9305139,-84.3106744,0.1,0.0,0.0,0.0,3,0.5,2.0,0.5,35.9305139,-84.3106744,nan,0.0
27.411194145999616,nan,1,1,35.9305139,-84.3106744,0.1,0.0,0.0,0.0,3,0.5,2.0,0.5,35.9305139,-84.3106744,nan,0.0
27.61246146099984,nan,1,1,35.9305139,-84.3106744,0.1,0.0,0.0,0.0,3,0.5,2.0,0.5,35.9305139,-84.3106744,nan,0.0
27.815783347999968,nan,1,1,35.9305139,-84.3106744,0.1,0.0,0.0,0.0,3,0.5,2.0,0.5,35.9305139,-84.3106744,nan,0.0
28.018775507999635,nan,1,1,35.9305139,-84.3106744,0.1,0.0,0.0,0.0,3,0.5,2.0,0.5,35.9305139,-84.3106744,nan,0.0
28.219492905999687,nan,1,1,35.9305139,-84.3106744,0.1,0.0,0.0,0.0,3,0.5,2.0,0.5,35.9305139,-84.3106744,nan,0.0
28.420700994999606,nan,1,1,35.9305139,-84.3106744,0.1,0.0,0.0,0.0,3,0.5,2.0,0.5,35.9305139,-84.3106744,nan,0.0
28.622132538999722,nan,1,1,35.9305139,-84.3106744,0.1,0.0,0.0,0.0,3,0.5,2.0,0.5,35.9305139,-84.3106744,nan,0.0
28.82287617699967,nan,1,1,35.9305139,-84.3106744,0.1,0.0,0.0,0.0,3,0.5,2.0,0.5,35.9305139,-84.3106744,nan,0.0
29.02372301699961,nan,1,1,35.9305139,-84.3106744,0.1,0.0,0.0,0.0,3,0.5,2.0,0.5,35.9305139,-84.3106744,nan,0.0
29.22484088300007,nan,1,1,35.9305139,-84.3106744,0.1,0.0,0.0,0.0,3,0.5,2.0,0.5,35.9305139,-84.3106744,nan,0.0
29.425832758999604,nan,1,1,35.9305139,-84.3106744,0.1,0.0,0.0,0.0,3,0.5,2.0,0.5,35.9305139,-84.3106744,nan,0.0
29.627104248999785,nan,1,1,35.9305139,-84.3106744,0.1,0.0,0.0,0.0,3,0.5,2.0,0.5,35.9305139,-84.3106744,nan,0.0
29.828726372000347,nan,1,1,35.9305139,-84.3106744,0.1,0.0,0.0,0.0,3,0.5,2.0,0.5,35.9305139,-84.3106744,nan,0.0
30.029376892000073,nan,1,1,35.9305139,-84.3106744,0.1,0.0,0.0,0.0,3,0.5,2.0,0.5,35.9305139,-84.3106744,nan,0.0
30.231183248999514,nan,1,1,35.9305139,-84.3106744,0.1,0.0,0.0,0.0,3,0.5,2.0,0.5,35.9305139,-84.3106744,nan,0.0
30.432345436000105,nan,1,1,35.9305139,-84.3106744,0.1,0.0,0.0,0.0,3,0.5,2.0,0.5,35.9305139,-84.3106744,nan,0.0
30.63512453200019,nan,1,1,35.9305139,-84.3106744,0.1,0.0,0.0,0.0,3,0.5,2.0,0.5,35.9305139,-84.3106744,nan,0.0
30.836260637000123,nan,1,1,35.9305139,-84.3106744,0.1,0.0,0.0,0.0,3,0.5,2.0,0.5,35.9305139,-84.3106744,nan,0.0
31.037919528999737,nan,1,1,35.9305139,-84.3106744,0.1,0.0,0.0,0.0,3,0.5,2.0,0.5,35.9305139,-84.3106744,nan,0.0
31.23926880199997,nan,1,1,35.9305139,-84.3106744,0.1,0.0,0.0,0.0,3,0.5,2.0,0.5,35.9305139,-84.3106744,nan,0.0
31.440900513000088,nan,1,1,35.9305139,-84.3106744,0.1,0.0,0.0,0.0,3,0.5,2.0,0.5,35.9305139,-84.3106744,nan,0.0
31.643623719999596,nan,1,1,35.9305139,-84.3106744,0.1,0.0,0.0,0.0,3,0.5,2.0,0.5,35.9305139,-84.3106744,nan,0.0
31.8463724180001,nan,1,1,35.9305139,-84.3106744,0.1,0.0,0.0,0.0,3,0.5,2.0,0.5,35.9305139,-84.3106744,nan,0.0
32.04755556599957,nan,1,1,35.9305139,-84.3106744,0.1,0.0,0.0,0.0,3,0.5,2.0,0.5,35.9305139,-84.3106744,nan,0.0
32.24934406699958,nan,1,1,35.9305139,-84.3106744,0.1,0.0,0.0,0.0,3,0.5,2.0,0.5,35.9305139,-84.3106744,nan,0.0
32.45057354900018,nan,1,1,35.9305139,-84.3106744,0.1,0.0,0.0,0.0,3,0.5,2.0,0.5,35.9305139,-84.3106744,nan,0.0
32.65224150799986,nan,1,1,35.9305139,-84.3106744,0.1,0.0,0.0,0.0,3,0.5,2.0,0.5,35.9305139,-84.3106744,nan,0.0
32.8536436710001,nan,1,1,35.9305139,-84.3106744,0.1,0.0,0.0,0.0,3,0.5,2.0,0.5,35.9305139,-84.3106744,nan,0.0
33.055308711999714,nan,1,1,35.9305139,-84.3106744,0.1,0.0,0.0,0.0,3,0.5,2.0,0.5,35.9305139,-84.3106744,nan,0.0
33.25775352399978,nan,1,1,35.9305139,-84.3106744,0.1,0.0,0.0,0.0,3,0.5,2.0,0.5,35.9305139,-84.3106744,nan,0.0
33.45967092199953,nan,1,1,35.9305139,-84.3106744,0.1,0.0,0.0,0.0,3,0.5,2.0,0.5,35.9305139,-84.3106744,nan,0.0
33.66257333700014,nan,1,1,35.9305139,-84.3106744,0.1,0.0,0.0,0.0,3,0.5,2.0,0.5,35.9305139,-84.3106744,nan,0.0
33.864218181999604,nan,1,1,35.9305139,-84.3106744,0.1,0.0,0.0,0.0,3,0.5,2.0,0.5,35.9305139,-84.3106744,nan,0.0
34.065213742000196,nan,1,1,35.9305139,-84.3106744,0.1,0.0,0.0,0.0,3,0.5,2.0,0.5,35.9305139,-84.3106744,nan,0.0
34.26702321199991,nan,1,1,35.9305139,-84.3106744,0.1,0.0,0.0,0.0,3,0.5,2.0,0.5,35.9305139,-84.3106744,nan,0.0
34.4682128759996,nan,1,1,35.9305139,-84.3106744,0.1,0.0,0.0,0.0,3,0.5,2.0,0.5,35.9305139,-84.3106744,nan,0.0
34.67091353500018,nan,1,1,35.9305139,-84.3106744,0.1,0.0,0.0,0.0,3,0.5,2.0,0.5,35.9305139,-84.3106744,nan,0.0
34.872210741000345,nan,1,1,35.9305139,-84.3106744,0.1,0.0,0.0,0.0,3,0.5,2.0,0.5,35.9305139,-84.3106744,nan,0.0
35.073796050000055,nan,1,1,35.9305139,-84.3106744,0.1,0.0,0.0,0.0,3,0.5,2.0,0.5,35.9305139,-84.3106744,nan,0.0
35.27522987300017,nan,1,1,35.9305139,-84.3106744,0.1,0.0,0.0,0.0,3,0.5,2.0,0.5,35.9305139,-84.3106744,nan,0.0
35.4769039189996,nan,1,1,35.9305139,-84.3106744,0.1,0.0,0.0,0.0,3,0.5,2.0,0.5,35.9305139,-84.3106744,nan,0.0
35.68009344700022,nan,1,1,35.9305139,-84.3106744,0.1,0.0,0.0,0.0,3,0.5,2.0,0.5,35.9305139,-84.3106744,nan,0.0
35.883180715999515,nan,1,1,35.9305139,-84.3106744,0.1,0.0,0.0,0.0,3,0.5,2.0,0.5,35.9305139,-84.3106744,nan,0.0
36.084503377000146,nan,1,1,35.9305139,-84.3106744,0.1,0.0,0.0,0.0,3,0.5,2.0,0.5,35.9305139,-84.3106744,nan,0.0
36.286193441999785,nan,1,1,35.9305139,-84.3106744,0.1,0.0,0.0,0.0,3,0.5,2.0,0.5,35.9305139,-84.3106744,nan,0.0
36.487498178999886,nan,1,1,35.9305139,-84.3106744,0.1,0.0,0.0,0.0,3,0.5,2.0,0.5,35.9305139,-84.3106744,nan,0.0
36.68912193199958,nan,1,1,35.9305139,-84.3106744,0.1,0.0,0.0,0.0,3,0.5,2.0,0.5,35.9305139,-84.3106744,nan,0.0
36.890610847999596,nan,1,1,35.9305139,-84.3106744,0.1,0.0,0.0,0.0,3,0.5,2.0,0.5,35.9305139,-84.3106744,nan,0.0
37.09213543599981,nan,1,1,35.9305139,-84.3106744,0.1,0.0,0.0,0.0,3,0.5,2.0,0.5,35.9305139,-84.3106744,nan,0.0
37.29421052499947,nan,1,1,35.9305139,-84.3106744,0.1,0.0,0.0,0.0,3,0.5,2.0,0.5,35.9305139,-84.3106744,nan,0.0
37.496200841000245,nan,1,1,35.9305139,-84.3106744,0.1,0.0,0.0,0.0,3,0.5,2.0,0.5,35.9305139,-84.3106744,nan,0.0
37.700192561999756,nan,1,1,35.9305139,-84.3106744,0.1,0.0,0.0,0.0,3,0.5,2.0,0.5,35.9305139,-84.3106744,nan,0.0
37.90210831399963,nan,1,1,35.9305139,-84.3106744,0.1,0.0,0.0,0.0,3,0.5,2.0,0.5,35.9305139,-84.3106744,nan,0.0
38.1032519219998,nan,1,1,35.9305139,-84.3106744,0.1,0.0,0.0,0.0,3,0.5,2.0,0.5,35.9305139,-84.3106744,nan,0.0
38.305118981000305,nan,1,1,35.9305139,-84.3106744,0.08,0.0,0.0,0.0,3,0.5,2.0,0.5,35.9305139,-84.3106744,nan,0.0
38.50910935699994,nan,1,1,35.9305139,-84.3106744,0.08,0.0,0.0,0.0,3,0.5,2.0,0.5,35.9305139,-84.3106744,nan,0.0
38.710918378000315,nan,1,1,35.9305139,-84.3106744,0.08,0.0,0.0,0.0,3,0.5,2.0,0.5,35.9305139,-84.3106744,nan,0.0
38.912188190999586,nan,1,1,35.9305139,-84.3106744,0.08,0.0,0.0,0.0,3,0.5,2.0,0.5,35.9305139,-84.3106744,nan,0.0
39.11378979199981,nan,1,1,35.9305139,-84.3106744,0.08,0.0,0.0,0.0,3,0.5,2.0,0.5,35.9305139,-84.3106744,nan,0.0
39.31418669699997,nan,1,1,35.9305139,-84.3106744,0.08,0.0,0.0,0.0,3,0.5,2.0,0.5,35.9305139,-84.3106744,nan,0.0
39.51554024399957,nan,1,1,35.9305139,-84.3106744,0.08,0.0,0.0,0.0,3,0.5,2.0,0.5,35.9305139,-84.3106744,nan,0.0
39.7166838080002,nan,1,1,35.9305139,-84.3106744,0.08,0.0,0.0,0.0,3,0.5,2.0,0.5,35.9305139,-84.3106744,nan,0.0
39.918113670999446,nan,1,1,35.9305139,-84.3106744,0.08,0.0,0.0,0.0,3,0.5,2.0,0.5,35.9305139,-84.3106744,nan,0.0
40.12276931299948,nan,1,1,35.9305139,-84.3106744,0.08,0.0,0.0,0.0,3,0.5,2.0,0.5,35.9305139,-84.3106744,nan,0.0
40.323908201999984,nan,1,1,35.9305139,-84.3106744,0.08,0.0,0.0,0.0,3,0.5,2.0,0.5,35.9305139,-84.3106744,nan,0.0
40.52522785200017,nan,1,1,35.9305139,-84.3106744,0.08,0.0,0.0,0.0,3,0.5,2.0,0.5,35.9305139,-84.3106744,nan,0.0
40.72615146299995,nan,1,1,35.9305139,-84.3106744,0.08,0.0,0.0,0.0,3,0.5,2.0,0.5,35.9305139,-84.3106744,nan,0.0
40.92741090999971,nan,1,1,35.9305139,-84.3106744,0.08,0.0,0.0,0.0,3,0.5,2.0,0.5,35.9305139,-84.3106744,nan,0.0
41.12886265599991,nan,1,1,35.9305139,-84.3106744,0.08,0.0,0.0,0.0,3,0.5,2.0,0.5,35.9305139,-84.3106744,nan,0.0
41.32951641499949,nan,1,1,35.9305139,-84.3106744,0.08,0.0,0.0,0.0,3,0.5,2.0,0.5,35.9305139,-84.3106744,nan,0.0
41.53091665299962,nan,1,1,35.9305139,-84.3106744,0.08,0.0,0.0,0.0,3,0.5,2.0,0.5,35.9305139,-84.3106744,nan,0.0
41.7321155540003,nan,1,1,35.9305139,-84.3106744,0.08,0.0,0.0,0.0,3,0.5,2.0,0.5,35.9305139,-84.3106744,nan,0.0
41.93477159299982,nan,1,1,35.9305139,-84.3106744,0.08,0.0,0.0,0.0,3,0.5,2.0,0.5,35.9305139,-84.3106744,nan,0.0
42.1380199919995,nan,1,1,35.9305139,-84.3106744,0.08,0.0,0.0,0.0,3,0.5,2.0,0.5,35.9305139,-84.3106744,nan,0.0
42.33939979099978,nan,1,1,35.9305139,-84.3106744,0.08,0.0,0.0,0.0,3,0.5,2.0,0.5,35.9305139,-84.3106744,nan,0.0
42.54085857900009,nan,1,1,35.9305139,-84.3106744,0.08,0.0,0.0,0.0,3,0.5,2.0,0.5,35.9305139,-84.3106744,nan,0.0
42.74203108799975,nan,1,1,35.9305139,-84.3106744,0.08,0.0,0.0,0.0,3,0.5,2.0,0.5,35.9305139,-84.3106744,nan,0.0
42.94360028099982,nan,1,1,35.9305139,-84.3106744,0.08,0.0,0.0,0.0,3,0.5,2.0,0.5,35.9305139,-84.3106744,nan,0.0
43.144278470000245,nan,1,1,35.9305139,-84.3106744,0.08,0.0,0.0,0.0,3,0.5,2.0,0.5,35.9305139,-84.3106744,nan,0.0
43.34489205799946,nan,1,1,35.9305139,-84.3106744,0.08,0.0,0.0,0.0,3,0.5,2.0,0.5,35.9305139,-84.3106744,nan,0.0
43.54559488599989,nan,1,1,35.9305139,-84.3106744,0.08,0.0,0.0,0.0,3,0.5,2.0,0.5,35.9305139,-84.3106744,nan,0.0
43.74680455900034,nan,1,1,35.9305139,-84.3106744,0.08,0.0,0.0,0.0,3,0.5,2.0,0.5,35.9305139,-84.3106744,nan,0.0
43.950640146000296,nan,1,1,35.9305139,-84.3106744,0.08,0.0,0.0,0.0,3,0.5,2.0,0.5,35.9305139,-84.3106744,nan,0.0
44.152205362999666,nan,1,1,35.9305139,-84.3106744,0.08,0.0,0.0,0.0,3,0.5,2.0,0.5,35.9305139,-84.3106744,nan,0.0
44.353343392999705,nan,1,1,35.9305139,-84.3106744,0.08,0.0,0.0,0.0,3,0.5,2.0,0.5,35.9305139,-84.3106744,nan,0.0
44.55470024100032,nan,1,1,35.9305139,-84.3106744,0.08,0.0,0.0,0.0,3,0.5,2.0,0.5,35.9305139,-84.3106744,nan,0.0
44.75597708999976,nan,1,1,35.9305139,-84.3106744,0.08,0.0,0.0,0.0,3,0.5,2.0,0.5,35.9305139,-84.3106744,nan,0.0
44.960476532999564,nan,1,1,35.9305139,-84.3106744,0.08,0.0,0.0,0.0,3,0.5,2.0,0.5,35.9305139,-84.3106744,nan,0.0
45.16185966000012,nan,1,1,35.9305139,-84.3106744,0.08,0.0,0.0,0.0,3,0.5,2.0,0.5,35.9305139,-84.3106744,nan,0.0
45.36327352900025,nan,1,1,35.9305139,-84.3106744,0.08,0.0,0.0,0.0,3,0.5,2.0,0.5,35.9305139,-84.3106744,nan,0.0
45.564414837000186,nan,1,1,35.9305139,-84.3106744,0.08,0.0,0.0,0.0,3,0.5,2.0,0.5,35.9305139,-84.3106744,nan,0.0
45.76571313699969,nan,1,1,35.9305139,-84.3106744,0.08,0.0,0.0,0.0,3,0.5,2.0,0.5,35.9305139,-84.3106744,nan,0.0
45.9671862489995,nan,1,1,35.9305139,-84.3106744,0.08,0.0,0.0,0.0,3,0.5,2.0,0.5,35.9305139,-84.3106744,nan,0.0
46.16792399499991,nan,1,1,35.9305139,-84.3106744,0.08,0.0,0.0,0.0,3,0.5,2.0,0.5,35.9305139,-84.3106744,nan,0.0
46.36925315899953,nan,1,1,35.9305139,-84.3106744,0.08,0.0,0.0,0.0,3,0.5,2.0,0.5,35.9305139,-84.3106744,nan,0.0
46.570456766999996,nan,1,1,35.9305139,-84.3106744,0.08,0.0,0.0,0.0,3,0.5,2.0,0.5,35.9305139,-84.3106744,nan,0.0
46.77176787799999,nan,1,1,35.9305139,-84.3106744,0.08,0.0,0.0,0.0,3,0.5,2.0,0.5,35.9305139,-84.3106744,nan,0.0
46.97328525899957,nan,1,1,35.9305139,-84.3106744,0.08,0.0,0.0,0.0,3,0.5,2.0,0.5,35.9305139,-84.3106744,nan,0.0
47.17389651099984,nan,1,1,35.9305139,-84.3106744,0.08,0.0,0.0,0.0,3,0.5,2.0,0.5,35.9305139,-84.3106744,nan,0.0
47.374466966999535,nan,1,1,35.9305139,-84.3106744,0.08,0.0,0.0,0.0,3,0.5,2.0,0.5,35.9305139,-84.3106744,nan,0.0
47.575715689999925,nan,1,1,35.9305139,-84.3106744,0.08,0.0,0.0,0.0,3,0.5,2.0,0.5,35.9305139,-84.3106744,nan,0.0
47.77700560199992,nan,1,1,35.9305139,-84.3106744,0.08,0.0,0.0,0.0,3,0.5,2.0,0.5,35.9305139,-84.3106744,nan,0.0
47.97846631500033,nan,1,1,35.9305139,-84.3106744,0.08,0.0,0.0,0.0,3,0.5,2.0,0.5,35.9305139,-84.3106744,nan,0.0
48.179124021999996,nan,1,1,35.9305139,-84.3106744,0.08,0.0,0.0,0.0,3,0.5,2.0,0.5,35.9305139,-84.3106744,nan,0.0
48.38020406299984,nan,1,1,35.9305139,-84.3106744,0.08,0.0,0.0,0.0,3,0.5,2.0,0.5,35.9305139,-84.3106744,nan,0.0
48.581466724000165,nan,1,1,35.9305139,-84.3106744,0.08,0.0,0.0,0.0,3,0.5,2.0,0.5,35.9305139,-84.3106744,nan,0.0
48.78279045599993,nan,1,1,35.9305139,-84.3106744,0.08,0.0,0.0,0.0,3,0.5,2.0,0.5,35.9305139,-84.3106744,nan,0.0
48.98416920999989,nan,1,1,35.9305139,-84.3106744,0.08,0.0,0.0,0.0,3,0.5,2.0,0.5,35.9305139,-84.3106744,nan,0.0
49.18501677600034,nan,1,1,35.9305139,-84.3106744,0.08,0.0,0.0,0.0,3,0.5,2.0,0.5,35.9305139,-84.3106744,nan,0.0
49.38563641099972,nan,1,1,35.9305139,-84.3106744,0.08,0.0,0.0,0.0,3,0.5,2.0,0.5,35.9305139,-84.3106744,nan,0.0
49.58706045999952,nan,1,1,35.9305139,-84.3106744,0.08,0.0,0.0,0.0,3,0.5,2.0,0.5,35.9305139,-84.3106744,nan,0.0
49.788846018000186,nan,1,1,35.9305139,-84.3106744,0.08,0.0,0.0,0.0,3,0.5,2.0,0.5,35.9305139,-84.3106744,nan,0.0
49.99085830599961,nan,1,1,35.9305139,-84.3106744,0.08,0.0,0.0,0.0,3,0.5,2.0,0.5,35.9305139,-84.3106744,nan,0.0
50.19180875300026,nan,1,1,35.9305139,-84.3106744,0.08,0.0,0.0,0.0,3,0.5,2.0,0.5,35.9305139,-84.3106744,nan,0.0
50.39243608800007,nan,1,1,35.9305139,-84.3106744,0.08,0.0,0.0,0.0,3,0.5,2.0,0.5,35.9305139,-84.3106744,nan,0.0
50.59366206300001,nan,1,1,35.9305139,-84.3106744,0.08,0.0,0.0,0.0,3,0.5,2.0,0.5,35.9305139,-84.3106744,nan,0.0
50.79512988100032,nan,1,1,35.9305139,-84.3106744,0.08,0.0,0.0,0.0,3,0.5,2.0,0.5,35.9305139,-84.3106744,nan,0.0
50.996784676999596,nan,1,1,35.9305139,-84.3106744,0.08,0.0,0.0,0.0,3,0.5,2.0,0.5,35.9305139,-84.3106744,nan,0.0
51.19732197899975,nan,1,1,35.9305139,-84.3106744,0.08,0.0,0.0,0.0,3,0.5,2.0,0.5,35.9305139,-84.3106744,nan,0.0
51.39787020800031,nan,1,1,35.9305139,-84.3106744,0.08,0.0,0.0,0.0,3,0.5,2.0,0.5,35.9305139,-84.3106744,nan,0.0
51.59845249099999,nan,1,1,35.9305139,-84.3106744,0.08,0.0,0.0,0.0,3,0.5,2.0,0.5,35.9305139,-84.3106744,nan,0.0
51.799120497999866,nan,1,1,35.9305139,-84.3106744,0.08,0.0,0.0,0.0,3,0.5,2.0,0.5,35.9305139,-84.3106744,nan,0.0
52.00060134999967,nan,1,1,35.9305139,-84.3106744,0.08,0.0,0.0,0.0,3,0.5,2.0,0.5,35.9305139,-84.3106744,nan,0.0
52.201191719000235,nan,1,1,35.9305139,-84.3106744,0.08,0.0,0.0,0.0,3,0.5,2.0,0.5,35.9305139,-84.3106744,nan,0.0
52.4025987240002,nan,1,1,35.9305139,-84.3106744,0.08,0.0,0.0,0.0,3,0.5,2.0,0.5,35.9305139,-84.3106744,nan,0.0
52.60368088799987,nan,1,1,35.9305139,-84.3106744,0.08,0.0,0.0,0.0,3,0.5,2.0,0.5,35.9305139,-84.3106744,nan,0.0
52.805128992999926,nan,1,1,35.9305139,-84.3106744,0.22,0.0,0.0,-0.51,3,0.5,2.0,0.5,35.9305139,-84.3106744,nan,0.0
53.01091917800022,nan,1,1,35.9305139,-84.3106744,0.22,0.0,0.0,-0.51,3,0.5,2.0,0.5,35.9305139,-84.3106744,nan,0.0
53.21224124699984,nan,1,1,35.9305139,-84.3106744,0.22,0.0,0.0,-0.51,3,0.5,2.0,0.5,35.9305139,-84.3106744,nan,0.0
53.41319282600034,nan,1,1,35.9305139,-84.3106744,0.22,0.0,0.0,-0.51,3,0.5,2.0,0.5,35.9305139,-84.3106744,nan,0.0
53.61387899900001,nan,1,1,35.9305139,-84.3106744,0.22,0.0,0.0,-0.51,3,0.5,2.0,0.5,35.9305139,-84.3106744,nan,0.0
53.81508299699999,nan,1,1,35.9305139,-84.3106744,1.44,0.0,0.0,-1.58,3,0.5,2.0,0.5,35.9305139,-84.3106744,nan,0.0
54.01665478999985,nan,1,1,35.9305139,-84.3106744,1.44,0.0,0.0,-1.58,3,0.5,2.0,0.5,35.9305139,-84.3106744,nan,0.0
54.2171846479996,nan,1,1,35.9305139,-84.3106744,1.44,0.0,0.0,-1.58,3,0.5,2.0,0.5,35.9305139,-84.3106744,nan,0.0
54.4183948079999,nan,1,1,35.9305139,-84.3106744,1.44,0.0,0.0,-1.58,3,0.5,2.0,0.5,35.9305139,-84.3106744,nan,0.0
54.61955414699969,nan,1,1,35.9305139,-84.3106744,1.44,0.0,0.0,-1.58,3,0.5,2.0,0.5,35.9305139,-84.3106744,nan,0.0
54.82108748700011,nan,1,1,35.9305139,-84.3106746,3.57,0.0,-0.0892502147529549,-2.62,3,0.5,2.0,0.5,35.9305139,-84.3106746,nan,0.0
55.022953282000344,nan,1,1,35.9305139,-84.3106746,3.57,0.0,0.0,-2.62,3,0.5,2.0,0.5,35.9305139,-84.3106746,nan,0.0
55.22409321000032,nan,1,1,35.9305139,-84.3106746,3.57,0.0,0.0,-2.62,3,0.5,2.0,0.5,35.9305139,-84.3106746,nan,0.0
55.425354506000076,nan,1,1,35.9305139,-84.3106746,3.57,0.0,0.0,-2.62,3,0.5,2.0,0.5,35.9305139,-84.3106746,nan,0.0
55.626512242999524,nan,1,1,35.9305139,-84.3106746,3.57,0.0,0.0,-2.62,3,0.5,2.0,0.5,35.9305139,-84.3106746,nan,0.0
55.82774400499966,nan,1,1,35.930514,-84.3106746,6.72,0.055161486166170344,0.0,-3.61,3,0.5,2.0,0.5,35.930514,-84.3106746,nan,0.0
56.02910486000019,nan,1,1,35.930514,-84.3106746,6.72,0.0,0.0,-3.61,3,0.5,2.0,0.5,35.930514,-84.3106746,nan,0.0
56.229714908999995,nan,1,1,35.930514,-84.3106746,6.72,0.0,0.0,-3.61,3,0.5,2.0,0.5,35.930514,-84.3106746,nan,0.0
56.43102244599959,nan,1,1,35.930514,-84.3106746,6.72,0.0,0.0,-3.61,3,0.5,2.0,0.5,35.930514,-84.3106746,nan,0.0
56.63240587499968,nan,1,1,35.930514,-84.3106746,6.72,0.0,0.0,-3.61,3,0.5,2.0,0.5,35.930514,-84.3106746,nan,0.0
56.833585047999804,nan,1,1,35.9305142,-84.3106748,10.68,0.11020791299091467,-0.08923857272643305,-3.94,3,0.5,2.0,0.5,35.9305142,-84.3106748,nan,0.0
57.035572409999986,nan,1,1,35.9305142,-84.3106748,10.68,0.0,0.0,-3.94,3,0.5,2.0,0.5,35.9305142,-84.3106748,nan,0.0
57.23671747800017,nan,1,1,35.9305142,-84.3106748,10.68,0.0,0.0,-3.94,3,0.5,2.0,0.5,35.9305142,-84.3106748,nan,0.0
57.43818010999985,nan,1,1,35.9305142,-84.3106748,10.68,0.0,0.0,-3.94,3,0.5,2.0,0.5,35.9305142,-84.3106748,nan,0.0
57.63940645599996,nan,1,1,35.9305142,-84.3106748,10.68,0.0,0.0,-3.94,3,0.5,2.0,0.5,35.9305142,-84.3106748,nan,0.0
57.840619456999775,nan,1,1,35.9305142,-84.3106748,14.35,0.0,0.0,-3.34,3,0.5,2.0,0.5,35.9305142,-84.3106748,nan,0.0
58.04575383199972,nan,1,1,35.9305142,-84.3106748,14.35,0.0,0.0,-3.34,3,0.5,2.0,0.5,35.9305142,-84.3106748,nan,0.0
58.24690112299959,nan,1,1,35.9305142,-84.3106748,14.35,0.0,0.0,-3.34,3,0.5,2.0,0.5,35.9305142,-84.3106748,nan,0.0
58.44815445600034,nan,1,1,35.9305142,-84.3106748,14.35,0.0,0.0,-3.34,3,0.5,2.0,0.5,35.9305142,-84.3106748,nan,0.0
58.64956106699992,nan,1,1,35.9305142,-84.3106748,14.35,0.0,0.0,-3.34,3,0.5,2.0,0.5,35.9305142,-84.3106748,nan,0.0
58.85077077999995,nan,1,1,35.930514,-84.3106746,17.43,-0.10968461346997302,0.08881484201300734,-2.84,3,0.5,2.0,0.5,35.930514,-84.3106746,nan,0.0
59.0535528270002,nan,1,1,35.930514,-84.3106746,17.43,0.0,0.0,-2.84,3,0.5,2.0,0.5,35.930514,-84.3106746,nan,0.0
59.254703667000285,nan,1,1,35.930514,-84.3106746,17.43,0.0,0.0,-2.84,3,0.5,2.0,0.5,35.930514,-84.3106746,nan,0.0
59.45592003799993,nan,1,1,35.930514,-84.3106746,17.43,0.0,0.0,-2.84,3,0.5,2.0,0.5,35.930514,-84.3106746,nan,0.0
59.65711675199964,nan,1,1,35.930514,-84.3106746,17.43,0.0,0.0,-2.84,3,0.5,2.0,0.5,35.930514,-84.3106746,nan,0.0
59.85812388999966,nan,1,1,35.930514,-84.3106746,20.02,0.0,0.0,-2.35,3,0.5,2.0,0.5,35.930514,-84.3106746,nan,0.0
60.05980424900008,nan,1,1,35.930514,-84.3106746,20.02,0.0,0.0,-2.35,3,0.5,2.0,0.5,35.930514,-84.3106746,nan,0.0
60.26101797899992,nan,1,1,35.930514,-84.3106746,20.02,0.0,0.0,-2.35,3,0.5,2.0,0.5,35.930514,-84.3106746,nan,0.0
60.46218199800023,nan,1,1,35.930514,-84.3106746,20.02,0.0,0.0,-2.35,3,0.5,2.0,0.5,35.930514,-84.3106746,nan,0.0
60.66363369299961,nan,1,1,35.930514,-84.3106746,20.02,0.0,0.0,-2.35,3,0.5,2.0,0.5,35.930514,-84.3106746,nan,0.0
60.86495057100001,nan,1,1,35.930514,-84.3106746,22.1,0.0,0.0,-1.83,3,0.5,2.0,0.5,35.930514,-84.3106746,nan,0.0
61.0696294319996,nan,1,1,35.930514,-84.3106746,22.1,0.0,0.0,-1.83,3,0.5,2.0,0.5,35.930514,-84.3106746,nan,0.0
61.27086516399959,nan,1,1,35.930514,-84.3106746,22.1,0.0,0.0,-1.83,3,0.5,2.0,0.5,35.930514,-84.3106746,nan,0.0
61.472436344000016,nan,1,1,35.930514,-84.3106746,22.1,0.0,0.0,-1.83,3,0.5,2.0,0.5,35.930514,-84.3106746,nan,0.0
61.673876132999794,nan,1,1,35.930514,-84.3106746,22.1,0.0,0.0,-1.83,3,0.5,2.0,0.5,35.930514,-84.3106746,nan,0.0
61.87518439700034,nan,1,1,35.930514,-84.3106746,23.65,0.0,0.0,-1.3,3,0.5,2.0,0.5,35.930514,-84.3106746,nan,0.0
62.07957950800028,nan,1,1,35.930514,-84.3106746,23.65,0.0,0.0,-1.3,3,0.5,2.0,0.5,35.930514,-84.3106746,nan,0.0
62.28095065100024,nan,1,1,35.930514,-84.3106746,23.65,0.0,0.0,-1.3,3,0.5,2.0,0.5,35.930514,-84.3106746,nan,0.0
62.48221899500004,nan,1,1,35.930514,-84.3106746,23.65,0.0,0.0,-1.3,3,0.5,2.0,0.5,35.930514,-84.3106746,nan,0.0
62.68359239199981,nan,1,1,35.930514,-84.3106746,23.65,0.0,0.0,-1.3,3,0.5,2.0,0.5,35.930514,-84.3106746,nan,0.0
62.88486667899997,nan,1,1,35.9305142,-84.3106746,24.66,0.10870007233141221,0.0,-0.74,3,0.5,2.0,0.5,35.9305142,-84.3106746,nan,0.0
63.08965741100019,nan,1,1,35.9305142,-84.3106746,24.66,0.0,0.0,-0.74,3,0.5,2.0,0.5,35.9305142,-84.3106746,nan,0.0
63.290954596999654,nan,1,1,35.9305142,-84.3106746,24.66,0.0,0.0,-0.74,3,0.5,2.0,0.5,35.9305142,-84.3106746,nan,0.0
63.49222715399992,nan,1,1,35.9305142,-84.3106746,24.66,0.0,0.0,-0.74,3,0.5,2.0,0.5,35.9305142,-84.3106746,nan,0.0
63.693818030999864,nan,1,1,35.9305142,-84.3106746,24.66,0.0,0.0,-0.74,3,0.5,2.0,0.5,35.9305142,-84.3106746,nan,0.0
63.895028269999784,nan,1,1,35.9305143,-84.3106748,25.06,0.055186751902320946,-0.08937265316664339,-0.04,3,0.5,2.0,0.5,35.9305143,-84.3106748,nan,0.0
64.09656616600023,nan,1,1,35.9305143,-84.3106748,25.06,0.0,0.0,-0.04,3,0.5,2.0,0.5,35.9305143,-84.3106748,nan,0.0
64.29796167199947,nan,1,1,35.9305143,-84.3106748,25.06,0.0,0.0,-0.04,3,0.5,2.0,0.5,35.9305143,-84.3106748,nan,0.0
64.49916734199996,nan,1,1,35.9305143,-84.3106748,25.06,0.0,0.0,-0.04,3,0.5,2.0,0.5,35.9305143,-84.3106748,nan,0.0
64.70056271399972,nan,1,1,35.9305143,-84.3106748,25.06,0.0,0.0,-0.04,3,0.5,2.0,0.5,35.9305143,-84.3106748,nan,0.0
64.90178774499964,nan,1,1,35.9305142,-84.3106775,25.03,-0.05489734017538217,-1.2002034847703973,0.0,3,0.5,2.0,0.5,35.9305142,-84.3106775,nan,0.0
65.10448518500016,nan,1,1,35.9305142,-84.3106775,25.03,0.0,0.0,0.0,3,0.5,2.0,0.5,35.9305142,-84.3106775,nan,0.0
65.30597330699948,nan,1,1,35.9305142,-84.3106775,25.03,0.0,0.0,0.0,3,0.5,2.0,0.5,35.9305142,-84.3106775,nan,0.0
65.50758314599989,nan,1,1,35.9305142,-84.3106775,25.03,0.0,0.0,0.0,3,0.5,2.0,0.5,35.9305142,-84.3106775,nan,0.0
65.709028407,nan,1,1,35.9305142,-84.3106775,25.03,0.0,0.0,0.0,3,0.5,2.0,0.5,35.9305142,-84.3106775,nan,0.0
65.91023681699971,nan,1,1,35.9305128,-84.3106909,25.04,-0.7726924908325348,-5.988572140358592,-0.03,3,0.5,2.0,0.5,35.9305128,-84.3106909,nan,0.0
66.11170657599996,nan,1,1,35.9305128,-84.3106909,25.04,0.0,0.0,-0.03,3,0.5,2.0,0.5,35.9305128,-84.3106909,nan,0.0
66.31328493799992,nan,1,1,35.9305128,-84.3106909,25.04,0.0,0.0,-0.03,3,0.5,2.0,0.5,35.9305128,-84.3106909,nan,0.0
66.51459717099988,nan,1,1,35.9305128,-84.3106909,25.04,0.0,0.0,-0.03,3,0.5,2.0,0.5,35.9305128,-84.3106909,nan,0.0
66.71616524699948,nan,1,1,35.9305128,-84.3106909,25.04,0.0,0.0,-0.03,3,0.5,2.0,0.5,35.9305128,-84.3106909,nan,0.0
66.91762360499979,nan,1,1,35.93051,-84.3107237,25.06,-1.5221283802064631,-14.437996766115914,-0.01,3,0.5,2.0,0.5,35.93051,-84.3107237,nan,0.0
67.12246944900016,nan,1,1,35.93051,-84.3107237,25.06,0.0,0.0,-0.01,3,0.5,2.0,0.5,35.93051,-84.3107237,nan,0.0
67.32393443199999,nan,1,1,35.93051,-84.3107237,25.06,0.0,0.0,-0.01,3,0.5,2.0,0.5,35.93051,-84.3107237,nan,0.0
67.52525162199981,nan,1,1,35.93051,-84.3107237,25.06,0.0,0.0,-0.01,3,0.5,2.0,0.5,35.93051,-84.3107237,nan,0.0
67.72679399299977,nan,1,1,35.93051,-84.3107237,25.06,0.0,0.0,-0.01,3,0.5,2.0,0.5,35.93051,-84.3107237,nan,0.0
67.92817327800003,nan,1,1,35.9305054,-84.3107804,25.07,-2.506258302558626,-25.014448162811387,0.0,3,0.5,2.0,0.5,35.9305054,-84.3107804,nan,0.0
68.13244265499998,nan,1,1,35.9305054,-84.3107804,25.07,0.0,0.0,0.0,3,0.5,2.0,0.5,35.9305054,-84.3107804,nan,0.0
68.33396731999983,nan,1,1,35.9305054,-84.3107804,25.07,0.0,0.0,0.0,3,0.5,2.0,0.5,35.9305054,-84.3107804,nan,0.0
68.5352658189995,nan,1,1,35.9305054,-84.3107804,25.07,0.0,0.0,0.0,3,0.5,2.0,0.5,35.9305054,-84.3107804,nan,0.0
68.7364816700001,nan,1,1,35.9305054,-84.3107804,25.07,0.0,0.0,0.0,3,0.5,2.0,0.5,35.9305054,-84.3107804,nan,0.0
68.93902782100031,nan,1,1,35.9304993,-84.3108582,25.07,-3.3610103468031465,-34.710391745050885,0.0,3,0.5,2.0,0.5,35.9304993,-84.3108582,nan,0.0
69.14089201499974,nan,1,1,35.9304993,-84.3108582,25.07,0.0,0.0,0.0,3,0.5,2.0,0.5,35.9304993,-84.3108582,nan,0.0
69.34256616199946,nan,1,1,35.9304993,-84.3108582,25.07,0.0,0.0,0.0,3,0.5,2.0,0.5,35.9304993,-84.3108582,nan,0.0
69.54374045399982,nan,1,1,35.9304993,-84.3108582,25.07,0.0,0.0,0.0,3,0.5,2.0,0.5,35.9304993,-84.3108582,nan,0.0
69.74496219100001,nan,1,1,35.9304993,-84.3108582,25.08,0.0,0.0,0.0,3,0.5,2.0,0.5,35.9304993,-84.3108582,nan,0.0
69.9463289790001,nan,1,1,35.930492,-84.3109494,25.08,-4.013736525742615,-40.603248653085345,0.0,3,0.5,2.0,0.5,35.930492,-84.3109494,nan,0.0
70.14900676100024,nan,1,1,35.930492,-84.3109494,25.08,0.0,0.0,0.0,3,0.5,2.0,0.5,35.930492,-84.3109494,nan,0.0
70.35040583499995,nan,1,1,35.930492,-84.3109494,25.08,0.0,0.0,0.0,3,0.5,2.0,0.5,35.930492,-84.3109494,nan,0.0
70.55161851399953,nan,1,1,35.930492,-84.3109494,25.08,0.0,0.0,0.0,3,0.5,2.0,0.5,35.930492,-84.3109494,nan,0.0
70.752722231,nan,1,1,35.9304842,-84.3110454,25.08,-4.279352804633282,-42.64761115976746,0.0,3,0.5,2.0,0.5,35.9304842,-84.3110454,nan,0.0
70.95568961699973,nan,1,1,35.9304842,-84.3110454,25.08,0.0,0.0,0.0,3,0.5,2.0,0.5,35.9304842,-84.3110454,nan,0.0
71.15640487099972,nan,1,1,35.9304842,-84.3110454,25.08,0.0,0.0,0.0,3,0.5,2.0,0.5,35.9304842,-84.3110454,nan,0.0
71.35753756899976,nan,1,1,35.9304842,-84.3110454,25.08,0.0,0.0,0.0,3,0.5,2.0,0.5,35.9304842,-84.3110454,nan,0.0
71.55831120899984,nan,1,1,35.9304842,-84.3110454,25.08,0.0,0.0,0.0,3,0.5,2.0,0.5,35.9304842,-84.3110454,nan,0.0
71.75941096800034,nan,1,1,35.9304767,-84.31114,25.09,-4.132753283319426,-42.20941959481136,0.0,3,0.5,2.0,0.5,35.9304767,-84.31114,nan,0.0
71.96111466299953,nan,1,1,35.9304767,-84.31114,25.09,0.0,0.0,0.0,3,0.5,2.0,0.5,35.9304767,-84.31114,nan,0.0
72.16222533200016,nan,1,1,35.9304767,-84.31114,25.09,0.0,0.0,0.0,3,0.5,2.0,0.5,35.9304767,-84.31114,nan,0.0
72.36330516900034,nan,1,1,35.9304767,-84.31114,25.09,0.0,0.0,0.0,3,0.5,2.0,0.5,35.9304767,-84.31114,nan,0.0
72.56459639700006,nan,1,1,35.9304767,-84.31114,25.09,0.0,0.0,0.0,3,0.5,2.0,0.5,35.9304767,-84.31114,nan,0.0
72.76576776599995,nan,1,1,35.9304699,-84.3112235,25.09,-3.7508060098261873,-37.2942803496327,0.02,3,0.5,2.0,0.5,35.9304699,-84.3112235,nan,0.0
72.96738735300005,nan,1,1,35.9304699,-84.3112235,25.09,0.0,0.0,0.02,3,0.5,2.0,0.5,35.9304699,-84.3112235,nan,0.0
73.16786190600033,nan,1,1,35.9304699,-84.3112235,25.09,0.0,0.0,0.02,3,0.5,2.0,0.5,35.9304699,-84.3112235,nan,0.0
73.36842960299964,nan,1,1,35.9304699,-84.3112235,25.09,0.0,0.0,0.02,3,0.5,2.0,0.5,35.9304699,-84.3112235,nan,0.0
73.56906284700017,nan,1,1,35.9304699,-84.3112235,25.09,0.0,0.0,0.02,3,0.5,2.0,0.5,35.9304699,-84.3112235,nan,0.0
73.76976588599973,nan,1,1,35.9304648,-84.3112857,25.08,-2.8144940620176304,-27.79461348117066,0.03,3,0.5,2.0,0.5,35.9304648,-84.3112857,nan,0.0
73.97145526700024,nan,1,1,35.9304648,-84.3112857,25.08,0.0,0.0,0.03,3,0.5,2.0,0.5,35.9304648,-84.3112857,nan,0.0
74.17269617799957,nan,1,1,35.9304648,-84.3112857,25.08,0.0,0.0,0.03,3,0.5,2.0,0.5,35.9304648,-84.3112857,nan,0.0
74.37416493699948,nan,1,1,35.9304648,-84.3112857,25.08,0.0,0.0,0.03,3,0.5,2.0,0.5,35.9304648,-84.3112857,nan,0.0
74.57561330199951,nan,1,1,35.9304648,-84.3112857,25.08,0.0,0.0,0.03,3,0.5,2.0,0.5,35.9304648,-84.3112857,nan,0.0
74.77684197999952,nan,1,1,35.9304654,-84.3113149,25.09,0.3309564296920237,-13.041949491511655,0.0,3,0.5,2.0,0.5,35.9304654,-84.3113149,nan,0.0
74.97844447100033,nan,1,1,35.9304654,-84.3113149,25.09,0.0,0.0,0.0,3,0.5,2.0,0.5,35.9304654,-84.3113149,nan,0.0
75.17966333799995,nan,1,1,35.9304654,-84.3113149,25.09,0.0,0.0,0.0,3,0.5,2.0,0.5,35.9304654,-84.3113149,nan,0.0
75.38087975300004,nan,1,1,35.9304654,-84.3113149,25.09,0.0,0.0,0.0,3,0.5,2.0,0.5,35.9304654,-84.3113149,nan,0.0
75.58221623099962,nan,1,1,35.9304654,-84.3113149,25.09,0.0,0.0,0.0,3,0.5,2.0,0.5,35.9304654,-84.3113149,nan,0.0
75.78352333600014,nan,1,1,35.9304765,-84.3113054,25.09,6.119860069549119,4.24113550117443,0.01,3,0.5,2.0,0.5,35.9304765,-84.3113054,nan,0.0
75.98515623000003,nan,1,1,35.9304765,-84.3113054,25.09,0.0,0.0,0.01,3,0.5,2.0,0.5,35.9304765,-84.3113054,nan,0.0
76.18573789199945,nan,1,1,35.9304765,-84.3113054,25.09,0.0,0.0,0.01,3,0.5,2.0,0.5,35.9304765,-84.3113054,nan,0.0
76.38639591099945,nan,1,1,35.9304765,-84.3113054,25.09,0.0,0.0,0.01,3,0.5,2.0,0.5,35.9304765,-84.3113054,nan,0.0
76.58783707699968,nan,1,1,35.9304765,-84.3113054,25.09,0.0,0.0,0.01,3,0.5,2.0,0.5,35.9304765,-84.3113054,nan,0.0
76.7890317399997,nan,1,1,35.9304987,-84.3112644,25.09,12.219425501771843,18.273493252845864,0.01,3,0.5,2.0,0.5,35.9304987,-84.3112644,nan,0.0
76.9911566740002,nan,1,1,35.9304987,-84.3112644,25.09,0.0,0.0,0.01,3,0.5,2.0,0.5,35.9304987,-84.3112644,nan,0.0
77.19199563300026,nan,1,1,35.9304987,-84.3112644,25.09,0.0,0.0,0.01,3,0.5,2.0,0.5,35.9304987,-84.3112644,nan,0.0
77.39350549099981,nan,1,1,35.9304987,-84.3112644,25.09,0.0,0.0,0.01,3,0.5,2.0,0.5,35.9304987,-84.3112644,nan,0.0
77.59499440699983,nan,1,1,35.9304987,-84.3112644,25.09,0.0,0.0,0.01,3,0.5,2.0,0.5,35.9304987,-84.3112644,nan,0.0
77.79613214100027,nan,1,1,35.9305297,-84.3112067,25.09,17.11723716718005,25.798088257381373,0.01,3,0.5,2.0,0.5,35.9305297,-84.3112067,nan,0.0
77.9975975440002,nan,1,1,35.9305297,-84.3112067,25.09,0.0,0.0,0.01,3,0.5,2.0,0.5,35.9305297,-84.3112067,nan,0.0
78.19899924499987,nan,1,1,35.9305297,-84.3112067,25.09,0.0,0.0,0.01,3,0.5,2.0,0.5,35.9305297,-84.3112067,nan,0.0
78.40016602499963,nan,1,1,35.9305297,-84.3112067,25.09,0.0,0.0,0.01,3,0.5,2.0,0.5,35.9305297,-84.3112067,nan,0.0
78.60153079599968,nan,1,1,35.9305297,-84.3112067,25.09,0.0,0.0,0.01,3,0.5,2.0,0.5,35.9305297,-84.3112067,nan,0.0
78.80249353699946,nan,1,1,35.9305692,-84.3111352,25.09,21.82389361515649,31.987529687153298,0.01,3,0.5,2.0,0.5,35.9305692,-84.3111352,nan,0.0
79.00396181900032,nan,1,1,35.9305692,-84.3111352,25.09,0.0,0.0,0.01,3,0.5,2.0,0.5,35.9305692,-84.3111352,nan,0.0
79.2046134000002,nan,1,1,35.9305692,-84.3111352,25.09,0.0,0.0,0.01,3,0.5,2.0,0.5,35.9305692,-84.3111352,nan,0.0
79.40594169399992,nan,1,1,35.9305692,-84.3111352,25.09,0.0,0.0,0.01,3,0.5,2.0,0.5,35.9305692,-84.3111352,nan,0.0
79.60714974700022,nan,1,1,35.9305692,-84.3111352,25.09,0.0,0.0,0.01,3,0.5,2.0,0.5,35.9305692,-84.3111352,nan,0.0
79.80855089400029,nan,1,1,35.9306145,-84.3110537,25.09,24.984649151498928,36.39753169814941,0.01,3,0.5,2.0,0.5,35.9306145,-84.3110537,nan,0.0
80.01018527499946,nan,1,1,35.9306145,-84.3110537,25.09,0.0,0.0,0.01,3,0.5,2.0,0.5,35.9306145,-84.3110537,nan,0.0
80.21151816600013,nan,1,1,35.9306145,-84.3110537,25.09,0.0,0.0,0.01,3,0.5,2.0,0.5,35.9306145,-84.3110537,nan,0.0
80.41284217700013,nan,1,1,35.9306145,-84.3110537,25.09,0.0,0.0,0.01,3,0.5,2.0,0.5,35.9306145,-84.3110537,nan,0.0
80.61413954499949,nan,1,1,35.9306145,-84.3110537,25.09,0.0,0.0,0.01,3,0.5,2.0,0.5,35.9306145,-84.3110537,nan,0.0
80.81549148700014,nan,1,1,35.930662,-84.3109679,25.09,25.676384344491588,37.55489536134666,0.01,3,0.5,2.0,0.5,35.930662,-84.3109679,nan,0.0
81.02138941900012,nan,1,1,35.930662,-84.3109679,25.09,0.0,0.0,0.01,3,0.5,2.0,0.5,35.930662,-84.3109679,nan,0.0
81.22261897799945,nan,1,1,35.930662,-84.3109679,25.09,0.0,0.0,0.01,3,0.5,2.0,0.5,35.930662,-84.3109679,nan,0.0
81.42411006800012,nan,1,1,35.930662,-84.3109679,25.09,0.0,0.0,0.01,3,0.5,2.0,0.5,35.930662,-84.3109679,nan,0.0
81.62529915899995,nan,1,1,35.930662,-84.3109679,25.09,0.0,0.0,0.01,3,0.5,2.0,0.5,35.930662,-84.3109679,nan,0.0
81.82678171800035,nan,1,1,35.9307103,-84.3108807,25.08,26.213246212131637,38.32030045763742,0.0,3,0.5,2.0,0.5,35.9307103,-84.3108807,nan,0.0
82.03183655999965,nan,1,1,35.9307103,-84.3108807,25.08,0.0,0.0,0.0,3,0.5,2.0,0.5,35.9307103,-84.3108807,nan,0.0
82.23321988299995,nan,1,1,35.9307103,-84.3108807,25.08,0.0,0.0,0.0,3,0.5,2.0,0.5,35.9307103,-84.3108807,nan,0.0
82.43442796,nan,1,1,35.9307103,-84.3108807,25.08,0.0,0.0,0.0,3,0.5,2.0,0.5,35.9307103,-84.3108807,nan,0.0
82.63569046399971,nan,1,1,35.9307103,-84.3108807,25.08,0.0,0.0,0.0,3,0.5,2.0,0.5,35.9307103,-84.3108807,nan,0.0
82.83703029899971,nan,1,1,35.9307594,-84.3107926,25.08,26.71476375731321,38.813627123575856,0.0,3,0.5,2.0,0.5,35.9307594,-84.3107926,nan,0.0
83.04156124800011,nan,1,1,35.9307594,-84.3107926,25.08,0.0,0.0,0.0,3,0.5,2.0,0.5,35.9307594,-84.3107926,nan,0.0
83.24296839199997,nan,1,1,35.9307594,-84.3107926,25.08,0.0,0.0,0.0,3,0.5,2.0,0.5,35.9307594,-84.3107926,nan,0.0
83.44419824800025,nan,1,1,35.9307594,-84.3107926,25.08,0.0,0.0,0.0,3,0.5,2.0,0.5,35.9307594,-84.3107926,nan,0.0
83.64533990499967,nan,1,1,35.9307594,-84.3107926,25.08,0.0,0.0,0.0,3,0.5,2.0,0.5,35.9307594,-84.3107926,nan,0.0
83.84684015400035,nan,1,1,35.9308089,-84.3107036,25.09,27.164607469193744,39.54817476501774,0.0,3,0.5,2.0,0.5,35.9308089,-84.3107036,nan,0.0
84.04952164699989,nan,1,1,35.9308089,-84.3107036,25.09,0.0,0.0,0.0,3,0.5,2.0,0.5,35.9308089,-84.3107036,nan,0.0
84.25068175399974,nan,1,1,35.9308089,-84.3107036,25.09,0.0,0.0,0.0,3,0.5,2.0,0.5,35.9308089,-84.3107036,nan,0.0
84.45221917900017,nan,1,1,35.9308089,-84.3107036,25.09,0.0,0.0,0.0,3,0.5,2.0,0.5,35.9308089,-84.3107036,nan,0.0
84.6534355269996,nan,1,1,35.9308089,-84.3107036,25.09,0.0,0.0,0.0,3,0.5,2.0,0.5,35.9308089,-84.3107036,nan,0.0
84.85480654299954,nan,1,1,35.930859,-84.3106141,25.09,27.59417172402606,39.915410505719,0.01,3,0.5,2.0,0.5,35.930859,-84.3106141,nan,0.0
85.05680047399983,nan,1,1,35.930859,-84.3106141,25.09,0.0,0.0,0.01,3,0.5,2.0,0.5,35.930859,-84.3106141,nan,0.0
85.25811526599955,nan,1,1,35.930859,-84.3106141,25.09,0.0,0.0,0.01,3,0.5,2.0,0.5,35.930859,-84.3106141,nan,0.0
85.45984479700019,nan,1,1,35.930859,-84.3106141,25.09,0.0,0.0,0.01,3,0.5,2.0,0.5,35.930859,-84.3106141,nan,0.0
85.66113372400014,nan,1,1,35.930859,-84.3106141,25.09,0.0,0.0,0.01,3,0.5,2.0,0.5,35.930859,-84.3106141,nan,0.0
85.86267898400001,nan,1,1,35.9309092,-84.3105241,25.09,27.474608281781588,39.88484913191523,0.01,3,0.5,2.0,0.5,35.9309092,-84.3105241,nan,0.0
86.06589694600007,nan,1,1,35.9309092,-84.3105241,25.09,0.0,0.0,0.01,3,0.5,2.0,0.5,35.9309092,-84.3105241,nan,0.0
86.26716821900027,nan,1,1,35.9309092,-84.3105241,25.09,0.0,0.0,0.01,3,0.5,2.0,0.5,35.9309092,-84.3105241,nan,0.0
86.46862167000018,nan,1,1,35.9309092,-84.3105241,25.09,0.0,0.0,0.01,3,0.5,2.0,0.5,35.9309092,-84.3105241,nan,0.0
86.66946001900033,nan,1,1,35.9309092,-84.3105241,25.09,0.0,0.0,0.01,3,0.5,2.0,0.5,35.9309092,-84.3105241,nan,0.0
86.8708579539998,nan,1,1,35.9309597,-84.3104336,25.09,27.87591024431767,40.45047570295009,0.01,3,0.5,2.0,0.5,35.9309597,-84.3104336,nan,0.0
87.07225248099985,nan,1,1,35.9309597,-84.3104336,25.09,0.0,0.0,0.01,3,0.5,2.0,0.5,35.9309597,-84.3104336,nan,0.0
87.27280218800024,nan,1,1,35.9309597,-84.3104336,25.09,0.0,0.0,0.01,3,0.5,2.0,0.5,35.9309597,-84.3104336,nan,0.0
87.47348555400004,nan,1,1,35.9309597,-84.3104336,25.09,0.0,0.0,0.01,3,0.5,2.0,0.5,35.9309597,-84.3104336,nan,0.0
87.67472507099956,nan,1,1,35.9309597,-84.3104336,25.09,0.0,0.0,0.01,3,0.5,2.0,0.5,35.9309597,-84.3104336,nan,0.0
87.87611520199971,nan,1,1,35.9310104,-84.310343,25.09,27.976583500059863,40.4810726719763,0.01,3,0.5,2.0,0.5,35.9310104,-84.310343,nan,0.0
88.07764092399975,nan,1,1,35.9310104,-84.310343,25.09,0.0,0.0,0.01,3,0.5,2.0,0.5,35.9310104,-84.310343,nan,0.0
88.27886873500029,nan,1,1,35.9310104,-84.310343,25.09,0.0,0.0,0.01,3,0.5,2.0,0.5,35.9310104,-84.310343,nan,0.0
88.48026796199974,nan,1,1,35.9310104,-84.310343,25.09,0.0,0.0,0.01,3,0.5,2.0,0.5,35.9310104,-84.310343,nan,0.0
88.68145464699955,nan,1,1,35.9310104,-84.310343,25.09,0.0,0.0,0.01,3,0.5,2.0,0.5,35.9310104,-84.310343,nan,0.0
88.88279357299962,nan,1,1,35.9310605,-84.3102533,25.09,27.647844852206347,40.08231732561953,0.0,3,0.5,2.0,0.5,35.9310605,-84.3102533,nan,0.0
89.08424549400024,nan,1,1,35.9310605,-84.3102533,25.09,0.0,0.0,0.0,3,0.5,2.0,0.5,35.9310605,-84.3102533,nan,0.0
89.28484600899992,nan,1,1,35.9310605,-84.3102533,25.09,0.0,0.0,0.0,3,0.5,2.0,0.5,35.9310605,-84.3102533,nan,0.0
89.48661788400022,nan,1,1,35.9310605,-84.3102533,25.09,0.0,0.0,0.0,3,0.5,2.0,0.5,35.9310605,-84.3102533,nan,0.0
89.68786666100004,nan,1,1,35.9310605,-84.3102533,25.09,0.0,0.0,0.0,3,0.5,2.0,0.5,35.9310605,-84.3102533,nan,0.0
89.88915069199993,nan,1,1,35.9311059,-84.3101715,25.09,25.046402167537856,36.540911144296985,0.01,3,0.5,2.0,0.5,35.9311059,-84.3101715,nan,0.0
90.09069261500008,nan,1,1,35.9311059,-84.3101715,25.09,0.0,0.0,0.01,3,0.5,2.0,0.5,35.9311059,-84.3101715,nan,0.0
90.29196187399975,nan,1,1,35.9311059,-84.3101715,25.09,0.0,0.0,0.01,3,0.5,2.0,0.5,35.9311059,-84.3101715,nan,0.0
90.49344911699973,nan,1,1,35.9311059,-84.3101715,25.09,0.0,0.0,0.01,3,0.5,2.0,0.5,35.9311059,-84.3101715,nan,0.0
90.69468647200028,nan,1,1,35.9311059,-84.3101715,25.09,0.0,0.0,0.01,3,0.5,2.0,0.5,35.9311059,-84.3101715,nan,0.0
90.89585004299988,nan,1,1,35.931142,-84.3101064,25.08,19.92763455566513,29.09818564009249,0.03,3,0.5,2.0,0.5,35.931142,-84.3101064,nan,0.0
91.09729718299968,nan,1,1,35.931142,-84.3101064,25.08,0.0,0.0,0.03,3,0.5,2.0,0.5,35.931142,-84.3101064,nan,0.0
91.29851178300032,nan,1,1,35.931142,-84.3101064,25.08,0.0,0.0,0.03,3,0.5,2.0,0.5,35.931142,-84.3101064,nan,0.0
91.50001515700023,nan,1,1,35.931142,-84.3101064,25.08,0.0,0.0,0.03,3,0.5,2.0,0.5,35.931142,-84.3101064,nan,0.0
91.70125695200022,nan,1,1,35.931142,-84.3101064,25.08,0.0,0.0,0.03,3,0.5,2.0,0.5,35.931142,-84.3101064,nan,0.0
91.90260385700003,nan,1,1,35.9311628,-84.310064,25.07,11.294636136437049,18.642795046918277,0.0,3,0.5,2.0,0.5,35.9311628,-84.310064,nan,0.0
92.1075243489995,nan,1,1,35.9311628,-84.310064,25.07,0.0,0.0,0.0,3,0.5,2.0,0.5,35.9311628,-84.310064,nan,0.0
92.30870566799967,nan,1,1,35.9311628,-84.310064,25.07,0.0,0.0,0.0,3,0.5,2.0,0.5,35.9311628,-84.310064,nan,0.0
92.51012593499945,nan,1,1,35.9311628,-84.310064,25.07,0.0,0.0,0.0,3,0.5,2.0,0.5,35.9311628,-84.310064,nan,0.0
92.71186838199992,nan,1,1,35.9311628,-84.310064,25.07,0.0,0.0,0.0,3,0.5,2.0,0.5,35.9311628,-84.310064,nan,0.0
92.91315488999953,nan,1,1,35.9311597,-84.310046,25.08,-1.6837616350786189,7.916399396564222,0.0,3,0.5,2.0,0.5,35.9311597,-84.310046,nan,0.0
93.11811503599984,nan,1,1,35.9311597,-84.310046,25.08,0.0,0.0,0.0,3,0.5,2.0,0.5,35.9311597,-84.310046,nan,0.0
93.3193524369999,nan,1,1,35.9311597,-84.310046,25.08,0.0,0.0,0.0,3,0.5,2.0,0.5,35.9311597,-84.310046,nan,0.0
93.52099983500011,nan,1,1,35.9311597,-84.310046,25.08,0.0,0.0,0.0,3,0.5,2.0,0.5,35.9311597,-84.310046,nan,0.0
93.72262125199995,nan,1,1,35.9311597,-84.310046,25.08,0.0,0.0,0.0,3,0.5,2.0,0.5,35.9311597,-84.310046,nan,0.0
93.92393223699946,nan,1,1,35.9311287,-84.3100463,25.09,-16.8514088936809,-0.13204811890282436,0.0,3,0.5,2.0,0.5,35.9311287,-84.3100463,nan,0.0
94.12866706899968,nan,1,1,35.9311287,-84.3100463,25.09,0.0,0.0,0.0,3,0.5,2.0,0.5,35.9311287,-84.3100463,nan,0.0
94.32992255699992,nan,1,1,35.9311287,-84.3100463,25.09,0.0,0.0,0.0,3,0.5,2.0,0.5,35.9311287,-84.3100463,nan,0.0
94.53119049999987,nan,1,1,35.9311287,-84.3100463,25.09,0.0,0.0,0.0,3,0.5,2.0,0.5,35.9311287,-84.3100463,nan,0.0
94.73258648699994,nan,1,1,35.9311287,-84.3100463,25.09,0.0,0.0,0.0,3,0.5,2.0,0.5,35.9311287,-84.3100463,nan,0.0
94.93337808700016,nan,1,1,35.9310758,-84.3100535,25.09,-28.814812113135034,-3.1756260324285295,0.01,3,0.5,2.0,0.5,35.9310758,-84.3100535,nan,0.0
95.13788648500031,nan,1,1,35.9310758,-84.3100535,25.09,0.0,0.0,0.01,3,0.5,2.0,0.5,35.9310758,-84.3100535,nan,0.0
95.33918556899971,nan,1,1,35.9310758,-84.3100535,25.09,0.0,0.0,0.01,3,0.5,2.0,0.5,35.9310758,-84.3100535,nan,0.0
95.54052068300007,nan,1,1,35.9310758,-84.3100535,25.09,0.0,0.0,0.01,3,0.5,2.0,0.5,35.9310758,-84.3100535,nan,0.0
95.74183760300002,nan,1,1,35.9310758,-84.3100535,25.08,0.0,0.0,0.0,3,0.5,2.0,0.5,35.9310758,-84.3100535,nan,0.0
95.94372693700006,nan,1,1,35.931007,-84.3100613,25.08,-37.89706372893144,-3.4789552447589918,0.0,3,0.5,2.0,0.5,35.931007,-84.3100613,nan,0.0
96.145635545,nan,1,1,35.931007,-84.3100613,25.08,0.0,0.0,0.0,3,0.5,2.0,0.5,35.931007,-84.3100613,nan,0.0
96.34702748200016,nan,1,1,35.931007,-84.3100613,25.08,0.0,0.0,0.0,3,0.5,2.0,0.5,35.931007,-84.3100613,nan,0.0
96.5481801320002,nan,1,1,35.931007,-84.3100613,25.08,0.0,0.0,0.0,3,0.5,2.0,0.5,35.931007,-84.3100613,nan,0.0
96.74966492800013,nan,1,1,35.9309273,-84.3100695,25.08,-43.945524079052284,-3.6610674618083023,0.0,3,0.5,2.0,0.5,35.9309273,-84.3100695,nan,0.0
96.95123786000022,nan,1,1,35.9309273,-84.3100695,25.08,0.0,0.0,0.0,3,0.5,2.0,0.5,35.9309273,-84.3100695,nan,0.0
97.1521112649998,nan,1,1,35.9309273,-84.3100695,25.08,0.0,0.0,0.0,3,0.5,2.0,0.5,35.9309273,-84.3100695,nan,0.0
97.35348581299968,nan,1,1,35.9309273,-84.3100695,25.08,0.0,0.0,0.0,3,0.5,2.0,0.5,35.9309273,-84.3100695,nan,0.0
97.55459644999974,nan,1,1,35.9309273,-84.3100695,25.08,0.0,0.0,0.0,3,0.5,2.0,0.5,35.9309273,-84.3100695,nan,0.0
97.75614613800008,nan,1,1,35.9309273,-84.3100695,25.08,0.0,0.0,0.0,3,0.5,2.0,0.5,35.9309273,-84.3100695,nan,0.0
97.9597626599998,nan,1,1,35.9308429,-84.3100776,25.08,-46.70405317394464,-3.6294027240262166,0.0,3,0.5,2.0,0.5,35.9308429,-84.3100776,nan,0.0
98.1608281660001,nan,1,1,35.9308429,-84.3100776,25.08,0.0,0.0,0.0,3,0.5,2.0,0.5,35.9308429,-84.3100776,nan,0.0
98.36218592000023,nan,1,1,35.9308429,-84.3100776,25.08,0.0,0.0,0.0,3,0.5,2.0,0.5,35.9308429,-84.3100776,nan,0.0
98.56334222199985,nan,1,1,35.9308429,-84.3100776,25.08,0.0,0.0,0.0,3,0.5,2.0,0.5,35.9308429,-84.3100776,nan,0.0
98.76459885300028,nan,1,1,35.930757,-84.3100857,25.08,-47.385949554856154,-3.6180947104302783,0.0,3,0.5,2.0,0.5,35.930757,-84.3100857,nan,0.0
98.96622415399997,nan,1,1,35.930757,-84.3100857,25.08,0.0,0.0,0.0,3,0.5,2.0,0.5,35.930757,-84.3100857,nan,0.0
99.16728762499952,nan,1,1,35.930757,-84.3100857,25.08,0.0,0.0,0.0,3,0.5,2.0,0.5,35.930757,-84.3100857,nan,0.0
99.36799633999999,nan,1,1,35.930757,-84.3100857,25.08,0.0,0.0,0.0,3,0.5,2.0,0.5,35.930757,-84.3100857,nan,0.0
99.56912194899996,nan,1,1,35.930757,-84.3100857,25.08,0.0,0.0,0.0,3,0.5,2.0,0.5,35.930757,-84.3100857,nan,0.0
99.7704157369999,nan,1,1,35.93067,-84.3100934,25.08,-47.96271308693563,-3.437274215325303,0.0,3,0.5,2.0,0.5,35.93067,-84.3100934,nan,0.0
99.9721437119997,nan,1,1,35.93067,-84.3100934,25.08,0.0,0.0,0.0,3,0.5,2.0,0.5,35.93067,-84.3100934,nan,0.0
100.1726843209999,nan,1,1,35.93067,-84.3100934,25.08,0.0,0.0,0.0,3,0.5,2.0,0.5,35.93067,-84.3100934,nan,0.0
100.37327919099971,nan,1,1,35.93067,-84.3100934,25.08,0.0,0.0,0.0,3,0.5,2.0,0.5,35.93067,-84.3100934,nan,0.0
100.57448718700016,nan,1,1,35.93067,-84.3100934,25.08,0.0,0.0,0.0,3,0.5,2.0,0.5,35.93067,-84.3100934,nan,0.0
100.77533481899991,nan,1,1,35.9305824,-84.3101011,25.08,-48.35256826189734,-3.4414828756511655,0.0,3,0.5,2.0,0.5,35.9305824,-84.3101011,nan,0.0
100.97696092499973,nan,1,1,35.9305824,-84.3101011,25.08,0.0,0.0,0.0,3,0.5,2.0,0.5,35.9305824,-84.3101011,nan,0.0
101.17816486300035,nan,1,1,35.9305824,-84.3101011,25.08,0.0,0.0,0.0,3,0.5,2.0,0.5,35.9305824,-84.3101011,nan,0.0
101.37989926199953,nan,1,1,35.9305824,-84.3101011,25.08,0.0,0.0,0.0,3,0.5,2.0,0.5,35.9305824,-84.3101011,nan,0.0
101.58079744800034,nan,1,1,35.9305824,-84.3101011,25.08,0.0,0.0,0.0,3,0.5,2.0,0.5,35.9305824,-84.3101011,nan,0.0
101.78224864299955,nan,1,1,35.9304942,-84.3101087,25.08,-47.97887105304269,-3.3476108279066197,0.0,3,0.5,2.0,0.5,35.9304942,-84.3101087,nan,0.0
101.98678095200012,nan,1,1,35.9304942,-84.3101087,25.08,0.0,0.0,0.0,3,0.5,2.0,0.5,35.9304942,-84.3101087,nan,0.0
102.187441434,nan,1,1,35.9304942,-84.3101087,25.08,0.0,0.0,0.0,3,0.5,2.0,0.5,35.9304942,-84.3101087,nan,0.0
102.38890125000034,nan,1,1,35.9304942,-84.3101087,25.08,0.0,0.0,0.0,3,0.5,2.0,0.5,35.9304942,-84.3101087,nan,0.0
102.5900624119995,nan,1,1,35.9304942,-84.3101087,25.08,0.0,0.0,0.0,3,0.5,2.0,0.5,35.9304942,-84.3101087,nan,0.0
102.79126859600001,nan,1,1,35.9304056,-84.3101162,25.08,-48.895286844131675,-3.3514670809764278,0.0,3,0.5,2.0,0.5,35.9304056,-84.3101162,nan,0.0
102.99283192599978,nan,1,1,35.9304056,-84.3101162,25.08,0.0,0.0,0.0,3,0.5,2.0,0.5,35.9304056,-84.3101162,nan,0.0
103.19397161799952,nan,1,1,35.9304056,-84.3101162,25.08,0.0,0.0,0.0,3,0.5,2.0,0.5,35.9304056,-84.3101162,nan,0.0
103.39550774599957,nan,1,1,35.9304056,-84.3101162,25.08,0.0,0.0,0.0,3,0.5,2.0,0.5,35.9304056,-84.3101162,nan,0.0
103.59672211999987,nan,1,1,35.9304056,-84.3101162,25.08,0.0,0.0,0.0,3,0.5,2.0,0.5,35.9304056,-84.3101162,nan,0.0
103.79787249400033,nan,1,1,35.9303167,-84.3101238,25.08,-48.359878354366074,-3.347633753289249,0.0,3,0.5,2.0,0.5,35.9303167,-84.3101238,nan,0.0
104.0024997089995,nan,1,1,35.9303167,-84.3101238,25.08,0.0,0.0,0.0,3,0.5,2.0,0.5,35.9303167,-84.3101238,nan,0.0
104.2035827439995,nan,1,1,35.9303167,-84.3101238,25.08,0.0,0.0,0.0,3,0.5,2.0,0.5,35.9303167,-84.3101238,nan,0.0
104.40495777199976,nan,1,1,35.9303167,-84.3101238,25.08,0.0,0.0,0.0,3,0.5,2.0,0.5,35.9303167,-84.3101238,nan,0.0
104.60611730500023,nan,1,1,35.9303167,-84.3101238,25.08,0.0,0.0,0.0,3,0.5,2.0,0.5,35.9303167,-84.3101238,nan,0.0
104.80737360900002,nan,1,1,35.9302275,-84.3101315,25.08,-48.89925625700917,-3.417980031469647,0.0,3,0.5,2.0,0.5,35.9302275,-84.3101315,nan,0.0
105.0102351509995,nan,1,1,35.9302275,-84.3101315,25.08,0.0,0.0,0.0,3,0.5,2.0,0.5,35.9302275,-84.3101315,nan,0.0
105.21150193299945,nan,1,1,35.9302275,-84.3101315,25.08,0.0,0.0,0.0,3,0.5,2.0,0.5,35.9302275,-84.3101315,nan,0.0
105.41310612799953,nan,1,1,35.9302275,-84.3101315,25.08,0.0,0.0,0.0,3,0.5,2.0,0.5,35.9302275,-84.3101315,nan,0.0
105.6141962669999,nan,1,1,35.9302275,-84.3101315,25.08,0.0,0.0,0.0,3,0.5,2.0,0.5,35.9302275,-84.3101315,nan,0.0
105.81519146499977,nan,1,1,35.9301384,-84.3101391,25.08,-48.45286168878231,-3.346549142463972,0.0,3,0.5,2.0,0.5,35.9301384,-84.3101391,nan,0.0
106.02001776499947,nan,1,1,35.9301384,-84.3101391,25.08,0.0,0.0,0.0,3,0.5,2.0,0.5,35.9301384,-84.3101391,nan,0.0
106.22116785799972,nan,1,1,35.9301384,-84.3101391,25.08,0.0,0.0,0.0,3,0.5,2.0,0.5,35.9301384,-84.3101391,nan,0.0
106.42259883499992,nan,1,1,35.9301384,-84.3101391,25.08,0.0,0.0,0.0,3,0.5,2.0,0.5,35.9301384,-84.3101391,nan,0.0
106.62375290499949,nan,1,1,35.9301384,-84.3101391,25.08,0.0,0.0,0.0,3,0.5,2.0,0.5,35.9301384,-84.3101391,nan,0.0
106.82483502800005,nan,1,1,35.9300525,-84.3101465,25.09,-46.67216762582897,-3.255658815225315,0.0,3,0.5,2.0,0.5,35.9300525,-84.3101465,nan,0.0
107.02972692999992,nan,1,1,35.9300525,-84.3101465,25.09,0.0,0.0,0.0,3,0.5,2.0,0.5,35.9300525,-84.3101465,nan,0.0
107.2308411869999,nan,1,1,35.9300525,-84.3101465,25.09,0.0,0.0,0.0,3,0.5,2.0,0.5,35.9300525,-84.3101465,nan,0.0
107.43216155699974,nan,1,1,35.9300525,-84.3101465,25.09,0.0,0.0,0.0,3,0.5,2.0,0.5,35.9300525,-84.3101465,nan,0.0
107.63316362800015,nan,1,1,35.9300525,-84.3101465,25.09,0.0,0.0,0.0,3,0.5,2.0,0.5,35.9300525,-84.3101465,nan,0.0
107.83418164999966,nan,1,1,35.9299782,-84.310153,25.09,-40.42384404550532,-2.863550975815188,0.02,3,0.5,2.0,0.5,35.9299782,-84.310153,nan,0.0
108.03879692999999,nan,1,1,35.9299782,-84.310153,25.09,0.0,0.0,0.02,3,0.5,2.0,0.5,35.9299782,-84.310153,nan,0.0
108.24009643199952,nan,1,1,35.9299782,-84.310153,25.09,0.0,0.0,0.02,3,0.5,2.0,0.5,35.9299782,-84.310153,nan,0.0
108.44128785999965,nan,1,1,35.9299782,-84.310153,25.09,0.0,0.0,0.02,3,0.5,2.0,0.5,35.9299782,-84.310153,nan,0.0
108.64265652599988,nan,1,1,35.9299782,-84.310153,25.09,0.0,0.0,0.02,3,0.5,2.0,0.5,35.9299782,-84.310153,nan,0.0
108.84387623400016,nan,1,1,35.9299234,-84.3101581,25.07,-30.234109192318176,-2.2783994214216716,0.01,3,0.5,2.0,0.5,35.9299234,-84.3101581,nan,0.0
109.04534239500026,nan,1,1,35.9299234,-84.3101581,25.07,0.0,0.0,0.01,3,0.5,2.0,0.5,35.9299234,-84.3101581,nan,0.0
109.24579977600024,nan,1,1,35.9299234,-84.3101581,25.07,0.0,0.0,0.01,3,0.5,2.0,0.5,35.9299234,-84.3101581,nan,0.0
109.44635269099945,nan,1,1,35.9299234,-84.3101581,25.07,0.0,0.0,0.01,3,0.5,2.0,0.5,35.9299234,-84.3101581,nan,0.0
109.6469631,nan,1,1,35.9299234,-84.3101581,25.07,0.0,0.0,0.01,3,0.5,2.0,0.5,35.9299234,-84.3101581,nan,0.0
109.84817630099951,nan,1,1,35.9298917,-84.3101611,25.07,-17.494369529130232,-1.3406133213762754,0.0,3,0.5,2.0,0.5,35.9298917,-84.3101611,nan,0.0
110.04976321399954,nan,1,1,35.9298917,-84.3101611,25.07,0.0,0.0,0.0,3,0.5,2.0,0.5,35.9298917,-84.3101611,nan,0.0
110.25105671700021,nan,1,1,35.9298917,-84.3101611,25.07,0.0,0.0,0.0,3,0.5,2.0,0.5,35.9298917,-84.3101611,nan,0.0
110.45228848599982,nan,1,1,35.9298917,-84.3101611,25.07,0.0,0.0,0.0,3,0.5,2.0,0.5,35.9298917,-84.3101611,nan,0.0
110.65366622799957,nan,1,1,35.9298917,-84.3101611,25.07,0.0,0.0,0.0,3,0.5,2.0,0.5,35.9298917,-84.3101611,nan,0.0
110.85491869199996,nan,1,1,35.9298813,-84.3101619,25.08,-5.653711711066659,-0.3521547924537318,0.0,3,0.5,2.0,0.5,35.9298813,-84.3101619,nan,0.0
111.05973872599952,nan,1,1,35.9298813,-84.3101619,25.08,0.0,0.0,0.0,3,0.5,2.0,0.5,35.9298813,-84.3101619,nan,0.0
111.26097235199995,nan,1,1,35.9298813,-84.3101619,25.08,0.0,0.0,0.0,3,0.5,2.0,0.5,35.9298813,-84.3101619,nan,0.0
111.4622277970002,nan,1,1,35.9298813,-84.3101619,25.08,0.0,0.0,0.0,3,0.5,2.0,0.5,35.9298813,-84.3101619,nan,0.0
111.66361430599954,nan,1,1,35.9298813,-84.3101619,25.08,0.0,0.0,0.0,3,0.5,2.0,0.5,35.9298813,-84.3101619,nan,0.0
111.8647967930001,nan,1,1,35.9298822,-84.3101614,25.07,0.49658131403801076,0.2233886785336092,0.0,3,0.5,2.0,0.5,35.9298822,-84.3101614,nan,0.0
112.06627337600003,nan,1,1,35.9298822,-84.3101614,25.07,0.0,0.0,0.0,3,0.5,2.0,0.5,35.9298822,-84.3101614,nan,0.0
112.26688565399945,nan,1,1,35.9298822,-84.3101614,25.07,0.0,0.0,0.0,3,0.5,2.0,0.5,35.9298822,-84.3101614,nan,0.0
112.46742329399967,nan,1,1,35.9298822,-84.3101614,25.07,0.0,0.0,0.0,3,0.5,2.0,0.5,35.9298822,-84.3101614,nan,0.0
112.66800528600015,nan,1,1,35.9298822,-84.3101614,25.07,0.0,0.0,0.0,3,0.5,2.0,0.5,35.9298822,-84.3101614,nan,0.0
112.86860708699987,nan,1,1,35.929885,-84.3101606,25.06,1.5469786760751656,0.3578982368679618,0.0,3,0.5,2.0,0.5,35.929885,-84.3101606,nan,0.0
113.07008305999989,nan,1,1,35.929885,-84.3101606,25.06,0.0,0.0,0.0,3,0.5,2.0,0.5,35.929885,-84.3101606,nan,0.0
113.27065764700001,nan,1,1,35.929885,-84.3101606,25.06,0.0,0.0,0.0,3,0.5,2.0,0.5,35.929885,-84.3101606,nan,0.0
113.47122711700013,nan,1,1,35.929885,-84.3101606,25.06,0.0,0.0,0.0,3,0.5,2.0,0.5,35.929885,-84.3101606,nan,0.0
113.67178847899959,nan,1,1,35.929885,-84.3101606,25.06,0.0,0.0,0.0,3,0.5,2.0,0.5,35.929885,-84.3101606,nan,0.0
113.87226116999955,nan,1,1,35.9298868,-84.3101609,25.06,0.9794016497463157,-0.13217607278035784,0.0,3,0.5,2.0,0.5,35.9298868,-84.3101609,nan,0.0
114.07721216499976,nan,1,1,35.9298868,-84.3101609,25.06,0.0,0.0,0.0,3,0.5,2.0,0.5,35.9298868,-84.3101609,nan,0.0
114.27854890799972,nan,1,1,35.9298868,-84.3101609,25.06,0.0,0.0,0.0,3,0.5,2.0,0.5,35.9298868,-84.3101609,nan,0.0
114.47979488199962,nan,1,1,35.9298868,-84.3101609,25.06,0.0,0.0,0.0,3,0.5,2.0,0.5,35.9298868,-84.3101609,nan,0.0
114.68121668000003,nan,1,1,35.9298868,-84.3101609,25.06,0.0,0.0,0.0,3,0.5,2.0,0.5,35.9298868,-84.3101609,nan,0.0
114.88239500300006,nan,1,1,35.9298947,-84.3101676,25.06,4.291272400245232,-2.9469788548905953,0.0,3,0.5,2.0,0.5,35.9298947,-84.3101676,nan,0.0
115.08722326599946,nan,1,1,35.9298947,-84.3101676,25.06,0.0,0.0,0.0,3,0.5,2.0,0.5,35.9298947,-84.3101676,nan,0.0
115.28866388899951,nan,1,1,35.9298947,-84.3101676,25.06,0.0,0.0,0.0,3,0.5,2.0,0.5,35.9298947,-84.3101676,nan,0.0
115.48989702299968,nan,1,1,35.9298947,-84.3101676,25.06,0.0,0.0,0.0,3,0.5,2.0,0.5,35.9298947,-84.3101676,nan,0.0
115.69112022700028,nan,1,1,35.9298947,-84.3101676,25.06,0.0,0.0,0.0,3,0.5,2.0,0.5,35.9298947,-84.3101676,nan,0.0
115.89223596000011,nan,1,1,35.9299151,-84.3101851,25.06,11.091161692335074,-7.70420855310212,0.0,3,0.5,2.0,0.5,35.9299151,-84.3101851,nan,0.0
116.09712473499985,nan,1,1,35.9299151,-84.3101851,25.06,0.0,0.0,0.0,3,0.5,2.0,0.5,35.9299151,-84.3101851,nan,0.0
116.29864159699991,nan,1,1,35.9299151,-84.3101851,25.06,0.0,0.0,0.0,3,0.5,2.0,0.5,35.9299151,-84.3101851,nan,0.0
116.49980096400031,nan,1,1,35.9299151,-84.3101851,25.06,0.0,0.0,0.0,3,0.5,2.0,0.5,35.9299151,-84.3101851,nan,0.0
116.70048416600002,nan,1,1,35.9299151,-84.3101851,25.06,0.0,0.0,0.0,3,0.5,2.0,0.5,35.9299151,-84.3101851,nan,0.0
116.90166425999996,nan,1,1,35.9299519,-84.3102155,25.06,20.30949056567694,-13.585252210914236,0.0,3,0.5,2.0,0.5,35.9299519,-84.3102155,nan,0.0
117.10310825600027,nan,1,1,35.9299519,-84.3102155,25.06,0.0,0.0,0.0,3,0.5,2.0,0.5,35.9299519,-84.3102155,nan,0.0
117.30369411999982,nan,1,1,35.9299519,-84.3102155,25.06,0.0,0.0,0.0,3,0.5,2.0,0.5,35.9299519,-84.3102155,nan,0.0
117.50432566499967,nan,1,1,35.9299519,-84.3102155,25.06,0.0,0.0,0.0,3,0.5,2.0,0.5,35.9299519,-84.3102155,nan,0.0
117.70606241299993,nan,1,1,35.9299519,-84.3102155,25.06,0.0,0.0,0.0,3,0.5,2.0,0.5,35.9299519,-84.3102155,nan,0.0
117.90738534699994,nan,1,1,35.9300045,-84.3102588,25.06,28.58028519337457,-19.050717284617583,0.0,3,0.5,2.0,0.5,35.9300045,-84.3102588,nan,0.0
118.1122409919999,nan,1,1,35.9300045,-84.3102588,25.06,0.0,0.0,0.0,3,0.5,2.0,0.5,35.9300045,-84.3102588,nan,0.0
118.31359426200015,nan,1,1,35.9300045,-84.3102588,25.06,0.0,0.0,0.0,3,0.5,2.0,0.5,35.9300045,-84.3102588,nan,0.0
118.51480177200028,nan,1,1,35.9300045,-84.3102588,25.06,0.0,0.0,0.0,3,0.5,2.0,0.5,35.9300045,-84.3102588,nan,0.0
118.71593083700009,nan,1,1,35.9300045,-84.3102588,25.06,0.0,0.0,0.0,3,0.5,2.0,0.5,35.9300045,-84.3102588,nan,0.0
118.917269734,nan,1,1,35.9300693,-84.3103119,25.05,35.221363810183554,-23.370497059582277,0.0,3,0.5,2.0,0.5,35.9300693,-84.3103119,nan,0.0
119.12211461999959,nan,1,1,35.9300693,-84.3103119,25.05,0.0,0.0,0.0,3,0.5,2.0,0.5,35.9300693,-84.3103119,nan,0.0
119.3235221519999,nan,1,1,35.9300693,-84.3103119,25.05,0.0,0.0,0.0,3,0.5,2.0,0.5,35.9300693,-84.3103119,nan,0.0
119.52480062399991,nan,1,1,35.9300693,-84.3103119,25.05,0.0,0.0,0.0,3,0.5,2.0,0.5,35.9300693,-84.3103119,nan,0.0
119.72610093999992,nan,1,1,35.9300693,-84.3103119,25.05,0.0,0.0,0.0,3,0.5,2.0,0.5,35.9300693,-84.3103119,nan,0.0
119.92752952899991,nan,1,1,35.9301404,-84.3103697,25.05,38.66182696513725,-25.44968935783758,-0.01,3,0.5,2.0,0.5,35.9301404,-84.3103697,nan,0.0
120.13223410299997,nan,1,1,35.9301404,-84.3103697,25.05,0.0,0.0,-0.01,3,0.5,2.0,0.5,35.9301404,-84.3103697,nan,0.0
120.33362210900032,nan,1,1,35.9301404,-84.3103697,25.05,0.0,0.0,-0.01,3,0.5,2.0,0.5,35.9301404,-84.3103697,nan,0.0
120.53486590800003,nan,1,1,35.9301404,-84.3103697,25.05,0.0,0.0,-0.01,3,0.5,2.0,0.5,35.9301404,-84.3103697,nan,0.0
120.73604517500007,nan,1,1,35.9301404,-84.3103697,25.05,0.0,0.0,-0.01,3,0.5,2.0,0.5,35.9301404,-84.3103697,nan,0.0
120.93737970700022,nan,1,1,35.930213,-84.3104288,25.05,39.93287599726974,-26.32224494404066,0.0,3,0.5,2.0,0.5,35.930213,-84.3104288,nan,0.0
121.13971491800021,nan,1,1,35.930213,-84.3104288,25.05,0.0,0.0,0.0,3,0.5,2.0,0.5,35.930213,-84.3104288,nan,0.0
121.34137377200022,nan,1,1,35.930213,-84.3104288,25.05,0.0,0.0,0.0,3,0.5,2.0,0.5,35.930213,-84.3104288,nan,0.0
121.54252913100026,nan,1,1,35.930213,-84.3104288,25.05,0.0,0.0,0.0,3,0.5,2.0,0.5,35.930213,-84.3104288,nan,0.0
121.74376170999949,nan,1,1,35.930213,-84.3104288,25.05,0.0,0.0,0.0,3,0.5,2.0,0.5,35.930213,-84.3104288,nan,0.0
121.9449836140002,nan,1,1,35.9302871,-84.3104891,25.05,40.754191157678285,-26.854214389830794,-0.01,3,0.5,2.0,0.5,35.9302871,-84.3104891,nan,0.0
122.14718679900034,nan,1,1,35.9302871,-84.3104891,25.05,0.0,0.0,-0.01,3,0.5,2.0,0.5,35.9302871,-84.3104891,nan,0.0
122.34867059499993,nan,1,1,35.9302871,-84.3104891,25.05,0.0,0.0,-0.01,3,0.5,2.0,0.5,35.9302871,-84.3104891,nan,0.0
122.54992480199962,nan,1,1,35.9302871,-84.3104891,25.05,0.0,0.0,-0.01,3,0.5,2.0,0.5,35.9302871,-84.3104891,nan,0.0
122.75101297099991,nan,1,1,35.9302871,-84.3104891,25.05,0.0,0.0,-0.02,3,0.5,2.0,0.5,35.9302871,-84.3104891,nan,0.0
122.95303685399995,nan,1,1,35.9303596,-84.3105482,25.05,39.57863075552435,-26.124675876833308,-0.02,3,0.5,2.0,0.5,35.9303596,-84.3105482,nan,0.0
123.15701730099954,nan,1,1,35.9303596,-84.3105482,25.05,0.0,0.0,-0.02,3,0.5,2.0,0.5,35.9303596,-84.3105482,nan,0.0
123.3581860510003,nan,1,1,35.9303596,-84.3105482,25.05,0.0,0.0,-0.02,3,0.5,2.0,0.5,35.9303596,-84.3105482,nan,0.0
123.55952876099946,nan,1,1,35.9303596,-84.3105482,25.05,0.0,0.0,-0.02,3,0.5,2.0,0.5,35.9303596,-84.3105482,nan,0.0
123.76067768800021,nan,1,1,35.9304245,-84.3106009,25.05,35.7305123150478,-23.493378540270605,0.0,3,0.5,2.0,0.5,35.9304245,-84.3106009,nan,0.0
123.96275125400007,nan,1,1,35.9304245,-84.3106009,25.05,0.0,0.0,0.0,3,0.5,2.0,0.5,35.9304245,-84.3106009,nan,0.0
124.16329168700031,nan,1,1,35.9304245,-84.3106009,25.05,0.0,0.0,0.0,3,0.5,2.0,0.5,35.9304245,-84.3106009,nan,0.0
124.3638551060003,nan,1,1,35.9304245,-84.3106009,25.05,0.0,0.0,0.0,3,0.5,2.0,0.5,35.9304245,-84.3106009,nan,0.0
124.56519863999983,nan,1,1,35.9304245,-84.3106009,25.05,0.0,0.0,0.0,3,0.5,2.0,0.5,35.9304245,-84.3106009,nan,0.0
124.76608577600018,nan,1,1,35.9304744,-84.3106411,25.03,27.512231793307322,-17.94697962813816,0.0,3,0.5,2.0,0.5,35.9304744,-84.3106411,nan,0.0
124.96804513799998,nan,1,1,35.9304744,-84.3106411,25.03,0.0,0.0,0.0,3,0.5,2.0,0.5,35.9304744,-84.3106411,nan,0.0
125.16868966899983,nan,1,1,35.9304744,-84.3106411,25.03,0.0,0.0,0.0,3,0.5,2.0,0.5,35.9304744,-84.3106411,nan,0.0
125.36923069600016,nan,1,1,35.9304744,-84.3106411,25.03,0.0,0.0,0.0,3,0.5,2.0,0.5,35.9304744,-84.3106411,nan,0.0
125.57060579300014,nan,1,1,35.9304744,-84.3106411,25.03,0.0,0.0,0.0,3,0.5,2.0,0.5,35.9304744,-84.3106411,nan,0.0
125.77173209400007,nan,1,1,35.9305053,-84.310666,25.03,16.794170266309006,-10.95820171308866,-0.03,3,0.5,2.0,0.5,35.9305053,-84.310666,nan,0.0
125.9762932980002,nan,1,1,35.9305053,-84.310666,25.03,0.0,0.0,-0.03,3,0.5,2.0,0.5,35.9305053,-84.310666,nan,0.0
126.17698793199997,nan,1,1,35.9305053,-84.310666,25.03,0.0,0.0,-0.03,3,0.5,2.0,0.5,35.9305053,-84.310666,nan,0.0
126.37830538900016,nan,1,1,35.9305053,-84.310666,25.03,0.0,0.0,-0.03,3,0.5,2.0,0.5,35.9305053,-84.310666,nan,0.0
126.57970652099993,nan,1,1,35.9305053,-84.310666,25.03,0.0,0.0,-0.03,3,0.5,2.0,0.5,35.9305053,-84.310666,nan,0.0
126.78086484799951,nan,1,1,35.9305179,-84.3106763,25.04,6.949395783175123,-4.599954412454113,-0.03,3,0.5,2.0,0.5,35.9305179,-84.3106763,nan,0.0
126.98253392300012,nan,1,1,35.9305179,-84.3106763,25.04,0.0,0.0,-0.03,3,0.5,2.0,0.5,35.9305179,-84.3106763,nan,0.0
127.18361105900021,nan,1,1,35.9305179,-84.3106763,25.04,0.0,0.0,-0.03,3,0.5,2.0,0.5,35.9305179,-84.3106763,nan,0.0
127.38483549400007,nan,1,1,35.9305179,-84.3106763,25.04,0.0,0.0,-0.03,3,0.5,2.0,0.5,35.9305179,-84.3106763,nan,0.0
127.58620939999946,nan,1,1,35.9305179,-84.3106763,25.04,0.0,0.0,-0.03,3,0.5,2.0,0.5,35.9305179,-84.3106763,nan,0.0
127.78738972199972,nan,1,1,35.9305188,-84.3106775,25.03,0.4888660326245637,-0.5277987948604117,-0.02,3,0.5,2.0,0.5,35.9305188,-84.3106775,nan,0.0
127.99221843499981,nan,1,1,35.9305188,-84.3106775,25.03,0.0,0.0,-0.02,3,0.5,2.0,0.5,35.9305188,-84.3106775,nan,0.0
128.19275317899974,nan,1,1,35.9305188,-84.3106775,25.03,0.0,0.0,-0.02,3,0.5,2.0,0.5,35.9305188,-84.3106775,nan,0.0
128.39325337399987,nan,1,1,35.9305188,-84.3106775,25.03,0.0,0.0,-0.02,3,0.5,2.0,0.5,35.9305188,-84.3106775,nan,0.0
128.59377184000004,nan,1,1,35.9305188,-84.3106775,25.03,0.0,0.0,-0.02,3,0.5,2.0,0.5,35.9305188,-84.3106775,nan,0.0
128.7942750909997,nan,1,1,35.9305169,-84.3106765,25.04,-1.0501686305844926,0.44755379728652106,-0.02,3,0.5,2.0,0.5,35.9305169,-84.3106765,nan,0.0
128.9956773040003,nan,1,1,35.9305169,-84.3106765,25.04,0.0,0.0,-0.02,3,0.5,2.0,0.5,35.9305169,-84.3106765,nan,0.0
129.19625433500005,nan,1,1,35.9305169,-84.3106765,25.04,0.0,0.0,-0.02,3,0.5,2.0,0.5,35.9305169,-84.3106765,nan,0.0
129.39771952999945,nan,1,1,35.9305169,-84.3106765,25.04,0.0,0.0,-0.02,3,0.5,2.0,0.5,35.9305169,-84.3106765,nan,0.0
129.59910222100007,nan,1,1,35.9305169,-84.3106765,25.04,0.0,0.0,-0.02,3,0.5,2.0,0.5,35.9305169,-84.3106765,nan,0.0
129.80009879099998,nan,1,1,35.9305155,-84.3106756,25.04,-0.7731063110193614,0.4024329276047862,-0.02,3,0.5,2.0,0.5,35.9305155,-84.3106756,nan,0.0
130.0016767039997,nan,1,1,35.9305155,-84.3106756,25.04,0.0,0.0,-0.02,3,0.5,2.0,0.5,35.9305155,-84.3106756,nan,0.0
130.20305015699978,nan,1,1,35.9305155,-84.3106756,25.04,0.0,0.0,-0.02,3,0.5,2.0,0.5,35.9305155,-84.3106756,nan,0.0
130.40414992299975,nan,1,1,35.9305155,-84.3106756,25.04,0.0,0.0,-0.02,3,0.5,2.0,0.5,35.9305155,-84.3106756,nan,0.0
130.6051641260001,nan,1,1,35.9305155,-84.3106756,25.04,0.0,0.0,-0.02,3,0.5,2.0,0.5,35.9305155,-84.3106756,nan,0.0
130.80624476499997,nan,1,1,35.9305146,-84.3106751,25.05,-0.4921311771397885,0.22138500129831384,-0.01,3,0.5,2.0,0.5,35.9305146,-84.3106751,nan,0.0
131.00970485299968,nan,1,1,35.9305146,-84.3106751,25.05,0.0,0.0,-0.01,3,0.5,2.0,0.5,35.9305146,-84.3106751,nan,0.0
131.21102515999974,nan,1,1,35.9305146,-84.3106751,25.05,0.0,0.0,-0.01,3,0.5,2.0,0.5,35.9305146,-84.3106751,nan,0.0
131.41223851199993,nan,1,1,35.9305146,-84.3106751,25.05,0.0,0.0,-0.01,3,0.5,2.0,0.5,35.9305146,-84.3106751,nan,0.0
131.61342925899953,nan,1,1,35.9305146,-84.3106751,25.05,0.0,0.0,-0.01,3,0.5,2.0,0.5,35.9305146,-84.3106751,nan,0.0
131.8149174580003,nan,1,1,35.9305143,-84.3106748,25.05,-0.16537326098083646,0.13390756148124033,-0.01,3,0.5,2.0,0.5,35.9305143,-84.3106748,nan,0.0
132.0165641499998,nan,1,1,35.9305143,-84.3106748,25.05,0.0,0.0,-0.01,3,0.5,2.0,0.5,35.9305143,-84.3106748,nan,0.0
132.21795295500033,nan,1,1,35.9305143,-84.3106748,25.05,0.0,0.0,-0.01,3,0.5,2.0,0.5,35.9305143,-84.3106748,nan,0.0
132.41914430999987,nan,1,1,35.9305143,-84.3106748,25.05,0.0,0.0,-0.01,3,0.5,2.0,0.5,35.9305143,-84.3106748,nan,0.0
132.6202717469996,nan,1,1,35.9305143,-84.3106748,25.05,0.0,0.0,-0.01,3,0.5,2.0,0.5,35.9305143,-84.3106748,nan,0.0
132.82159756599958,nan,1,1,35.930514,-84.3106746,25.06,-0.16552013277048255,0.08935099647874319,0.0,3,0.5,2.0,0.5,35.930514,-84.3106746,nan,0.0
133.02313219400003,nan,1,1,35.930514,-84.3106746,25.06,0.0,0.0,0.0,3,0.5,2.0,0.5,35.930514,-84.3106746,nan,0.0
133.22372054799962,nan,1,1,35.930514,-84.3106746,25.06,0.0,0.0,0.0,3,0.5,2.0,0.5,35.930514,-84.3106746,nan,0.0
133.42430809500001,nan,1,1,35.930514,-84.3106746,25.06,0.0,0.0,0.0,3,0.5,2.0,0.5,35.930514,-84.3106746,nan,0.0
133.624845757,nan,1,1,35.930514,-84.3106746,25.06,0.0,0.0,0.0,3,0.5,2.0,0.5,35.930514,-84.3106746,nan,0.0
133.8254525249995,nan,1,1,35.9305139,-84.3106746,24.95,-0.05522390958560972,0.0,0.4,3,0.5,2.0,0.5,35.9305139,-84.3106746,nan,0.0
134.02700798499973,nan,1,1,35.9305139,-84.3106746,24.95,0.0,0.0,0.4,3,0.5,2.0,0.5,35.9305139,-84.3106746,nan,0.0
134.22762701600004,nan,1,1,35.9305139,-84.3106746,24.95,0.0,0.0,0.4,3,0.5,2.0,0.5,35.9305139,-84.3106746,nan,0.0
134.42817295500026,nan,1,1,35.9305139,-84.3106746,24.95,0.0,0.0,0.4,3,0.5,2.0,0.5,35.9305139,-84.3106746,nan,0.0
134.62867836500027,nan,1,1,35.9305139,-84.3106746,24.95,0.0,0.0,0.4,3,0.5,2.0,0.5,35.9305139,-84.3106746,nan,0.0
134.82924048600034,nan,1,1,35.9305139,-84.3106744,24.44,0.0,0.08951383171631946,0.52,3,0.5,2.0,0.5,35.9305139,-84.3106744,nan,0.0
135.03064090899989,nan,1,1,35.9305139,-84.3106744,24.44,0.0,0.0,0.52,3,0.5,2.0,0.5,35.9305139,-84.3106744,nan,0.0
135.23119102199962,nan,1,1,35.9305139,-84.3106744,24.44,0.0,0.0,0.52,3,0.5,2.0,0.5,35.9305139,-84.3106744,nan,0.0
135.43173338399993,nan,1,1,35.9305139,-84.3106744,24.44,0.0,0.0,0.52,3,0.5,2.0,0.5,35.9305139,-84.3106744,nan,0.0
135.63212004599973,nan,1,1,35.9305139,-84.3106744,24.44,0.0,0.0,0.52,3,0.5,2.0,0.5,35.9305139,-84.3106744,nan,0.0
135.8326905699996,nan,1,1,35.9305139,-84.3106744,23.93,0.0,0.0,0.48,3,0.5,2.0,0.5,35.9305139,-84.3106744,nan,0.0
136.03418960199997,nan,1,1,35.9305139,-84.3106744,23.93,0.0,0.0,0.48,3,0.5,2.0,0.5,35.9305139,-84.3106744,nan,0.0
136.23480277999988,nan,1,1,35.9305139,-84.3106744,23.93,0.0,0.0,0.48,3,0.5,2.0,0.5,35.9305139,-84.3106744,nan,0.0
136.43616880300033,nan,1,1,35.9305139,-84.3106744,23.93,0.0,0.0,0.48,3,0.5,2.0,0.5,35.9305139,-84.3106744,nan,0.0
136.6372927729999,nan,1,1,35.9305139,-84.3106744,23.93,0.0,0.0,0.48,3,0.5,2.0,0.5,35.9305139,-84.3106744,nan,0.0
136.8385729700003,nan,1,1,35.9305138,-84.3106743,23.43,-0.055196654815317055,0.04469434236844756,0.49,3,0.5,2.0,0.5,35.9305138,-84.3106743,nan,0.0
137.04010830100015,nan,1,1,35.9305138,-84.3106743,23.43,0.0,0.0,0.49,3,0.5,2.0,0.5,35.9305138,-84.3106743,nan,0.0
137.24111059400002,nan,1,1,35.9305138,-84.3106743,23.43,0.0,0.0,0.49,3,0.5,2.0,0.5,35.9305138,-84.3106743,nan,0.0
137.4426707069997,nan,1,1,35.9305138,-84.3106743,23.43,0.0,0.0,0.49,3,0.5,2.0,0.5,35.9305138,-84.3106743,nan,0.0
137.64392541300003,nan,1,1,35.9305138,-84.3106743,23.43,0.0,0.0,0.49,3,0.5,2.0,0.5,35.9305138,-84.3106743,nan,0.0
137.8456337790003,nan,1,1,35.9305137,-84.3106741,22.94,-0.054406556291327214,0.0881091594396353,0.49,3,0.5,2.0,0.5,35.9305137,-84.3106741,nan,0.0
138.05009626399988,nan,1,1,35.9305137,-84.3106741,22.94,0.0,0.0,0.49,3,0.5,2.0,0.5,35.9305137,-84.3106741,nan,0.0
138.25110013599988,nan,1,1,35.9305137,-84.3106741,22.94,0.0,0.0,0.49,3,0.5,2.0,0.5,35.9305137,-84.3106741,nan,0.0
138.4523882630001,nan,1,1,35.9305137,-84.3106741,22.94,0.0,0.0,0.49,3,0.5,2.0,0.5,35.9305137,-84.3106741,nan,0.0
138.65357010200023,nan,1,1,35.9305137,-84.3106741,22.94,0.0,0.0,0.49,3,0.5,2.0,0.5,35.9305137,-84.3106741,nan,0.0
138.85486016599953,nan,1,1,35.9305136,-84.3106741,22.44,-0.05521009414538999,0.0,0.49,3,0.5,2.0,0.5,35.9305136,-84.3106741,nan,0.0
139.0562144759997,nan,1,1,35.9305136,-84.3106741,22.44,0.0,0.0,0.49,3,0.5,2.0,0.5,35.9305136,-84.3106741,nan,0.0
139.2571924369995,nan,1,1,35.9305136,-84.3106741,22.44,0.0,0.0,0.49,3,0.5,2.0,0.5,35.9305136,-84.3106741,nan,0.0
139.4589114270002,nan,1,1,35.9305136,-84.3106741,22.44,0.0,0.0,0.49,3,0.5,2.0,0.5,35.9305136,-84.3106741,nan,0.0
139.6601335989999,nan,1,1,35.9305136,-84.3106741,22.44,0.0,0.0,0.49,3,0.5,2.0,0.5,35.9305136,-84.3106741,nan,0.0
139.86181118100012,nan,1,1,35.9305136,-84.3106741,21.94,0.0,0.0,0.49,3,0.5,2.0,0.5,35.9305136,-84.3106741,nan,0.0
140.06724262599982,nan,1,1,35.9305136,-84.3106741,21.94,0.0,0.0,0.49,3,0.5,2.0,0.5,35.9305136,-84.3106741,nan,0.0
140.26853157200003,nan,1,1,35.9305136,-84.3106741,21.94,0.0,0.0,0.49,3,0.5,2.0,0.5,35.9305136,-84.3106741,nan,0.0
140.46987003499999,nan,1,1,35.9305136,-84.3106741,21.94,0.0,0.0,0.49,3,0.5,2.0,0.5,35.9305136,-84.3106741,nan,0.0
140.67117974600023,nan,1,1,35.9305136,-84.3106741,21.94,0.0,0.0,0.49,3,0.5,2.0,0.5,35.9305136,-84.3106741,nan,0.0
140.87254752399986,nan,1,1,35.9305136,-84.3106741,21.44,0.0,0.0,0.49,3,0.5,2.0,0.5,35.9305136,-84.3106741,nan,0.0
141.07394676700005,nan,1,1,35.9305136,-84.3106741,21.44,0.0,0.0,0.49,3,0.5,2.0,0.5,35.9305136,-84.3106741,nan,0.0
141.27451456499966,nan,1,1,35.9305136,-84.3106741,21.44,0.0,0.0,0.49,3,0.5,2.0,0.5,35.9305136,-84.3106741,nan,0.0
141.47518533199946,nan,1,1,35.9305136,-84.3106741,21.44,0.0,0.0,0.49,3,0.5,2.0,0.5,35.9305136,-84.3106741,nan,0.0
141.67572953299987,nan,1,1,35.9305136,-84.3106741,21.44,0.0,0.0,0.49,3,0.5,2.0,0.5,35.9305136,-84.3106741,nan,0.0
141.87625536999985,nan,1,1,35.9305134,-84.3106741,20.94,-0.11053361698142812,0.0,0.49,3,0.5,2.0,0.5,35.9305134,-84.3106741,nan,0.0
142.07767584799967,nan,1,1,35.9305134,-84.3106741,20.94,0.0,0.0,0.49,3,0.5,2.0,0.5,35.9305134,-84.3106741,nan,0.0
142.27816648299995,nan,1,1,35.9305134,-84.3106741,20.94,0.0,0.0,0.49,3,0.5,2.0,0.5,35.9305134,-84.3106741,nan,0.0
142.47875336200013,nan,1,1,35.9305134,-84.3106741,20.94,0.0,0.0,0.49,3,0.5,2.0,0.5,35.9305134,-84.3106741,nan,0.0
142.6792652869999,nan,1,1,35.9305134,-84.3106741,20.94,0.0,0.0,0.49,3,0.5,2.0,0.5,35.9305134,-84.3106741,nan,0.0
142.879844047,nan,1,1,35.9305134,-84.3106741,20.44,0.0,0.0,0.49,3,0.5,2.0,0.5,35.9305134,-84.3106741,nan,0.0
143.08443639300003,nan,1,1,35.9305134,-84.3106741,20.44,0.0,0.0,0.49,3,0.5,2.0,0.5,35.9305134,-84.3106741,nan,0.0
143.28556450999986,nan,1,1,35.9305134,-84.3106741,20.44,0.0,0.0,0.49,3,0.5,2.0,0.5,35.9305134,-84.3106741,nan,0.0
143.48702481500004,nan,1,1,35.9305134,-84.3106741,20.44,0.0,0.0,0.49,3,0.5,2.0,0.5,35.9305134,-84.3106741,nan,0.0
143.68822209399968,nan,1,1,35.9305134,-84.3106741,20.44,0.0,0.0,0.49,3,0.5,2.0,0.5,35.9305134,-84.3106741,nan,0.0
143.8893758309996,nan,1,1,35.9305134,-84.3106741,19.94,0.0,0.0,0.5,3,0.5,2.0,0.5,35.9305134,-84.3106741,nan,0.0
144.09079797699997,nan,1,1,35.9305134,-84.3106741,19.94,0.0,0.0,0.5,3,0.5,2.0,0.5,35.9305134,-84.3106741,nan,0.0
144.291310177,nan,1,1,35.9305134,-84.3106741,19.94,0.0,0.0,0.5,3,0.5,2.0,0.5,35.9305134,-84.3106741,nan,0.0
144.49188986700028,nan,1,1,35.9305134,-84.3106741,19.94,0.0,0.0,0.5,3,0.5,2.0,0.5,35.9305134,-84.3106741,nan,0.0
144.69236789499973,nan,1,1,35.9305134,-84.3106741,19.94,0.0,0.0,0.5,3,0.5,2.0,0.5,35.9305134,-84.3106741,nan,0.0
144.8929123299995,nan,1,1,35.9305136,-84.3106739,19.44,0.11051020398870087,0.08948334727391226,0.49,3,0.5,2.0,0.5,35.9305136,-84.3106739,nan,0.0
145.09432496799946,nan,1,1,35.9305136,-84.3106739,19.44,0.0,0.0,0.49,3,0.5,2.0,0.5,35.9305136,-84.3106739,nan,0.0
145.2949044850002,nan,1,1,35.9305136,-84.3106739,19.44,0.0,0.0,0.49,3,0.5,2.0,0.5,35.9305136,-84.3106739,nan,0.0
145.49647444099992,nan,1,1,35.9305136,-84.3106739,19.44,0.0,0.0,0.49,3,0.5,2.0,0.5,35.9305136,-84.3106739,nan,0.0
145.6979291609996,nan,1,1,35.9305136,-84.3106739,19.44,0.0,0.0,0.49,3,0.5,2.0,0.5,35.9305136,-84.3106739,nan,0.0
145.89922715000012,nan,1,1,35.9305136,-84.3106739,18.94,0.0,0.0,0.49,3,0.5,2.0,0.5,35.9305136,-84.3106739,nan,0.0
146.1038030869995,nan,1,1,35.9305136,-84.3106739,18.94,0.0,0.0,0.49,3,0.5,2.0,0.5,35.9305136,-84.3106739,nan,0.0
146.30516406199968,nan,1,1,35.9305136,-84.3106739,18.94,0.0,0.0,0.49,3,0.5,2.0,0.5,35.9305136,-84.3106739,nan,0.0
146.5064838010003,nan,1,1,35.9305136,-84.3106739,18.94,0.0,0.0,0.49,3,0.5,2.0,0.5,35.9305136,-84.3106739,nan,0.0
146.70785154999976,nan,1,1,35.9305136,-84.3106739,18.94,0.0,0.0,0.49,3,0.5,2.0,0.5,35.9305136,-84.3106739,nan,0.0
146.90901880099955,nan,1,1,35.9305136,-84.3106739,18.44,0.0,0.0,0.5,3,0.5,2.0,0.5,35.9305136,-84.3106739,nan,0.0
147.11370614899988,nan,1,1,35.9305136,-84.3106739,18.44,0.0,0.0,0.5,3,0.5,2.0,0.5,35.9305136,-84.3106739,nan,0.0
147.31487539299997,nan,1,1,35.9305136,-84.3106739,18.44,0.0,0.0,0.5,3,0.5,2.0,0.5,35.9305136,-84.3106739,nan,0.0
147.51612740499968,nan,1,1,35.9305136,-84.3106739,18.44,0.0,0.0,0.5,3,0.5,2.0,0.5,35.9305136,-84.3106739,nan,0.0
147.71773933500026,nan,1,1,35.9305136,-84.3106739,18.44,0.0,0.0,0.5,3,0.5,2.0,0.5,35.9305136,-84.3106739,nan,0.0
147.91896117499982,nan,1,1,35.9305136,-84.3106741,17.94,0.0,-0.0879166109387539,0.5,3,0.5,2.0,0.5,35.9305136,-84.3106741,nan,0.0
148.124034425,nan,1,1,35.9305136,-84.3106741,17.94,0.0,0.0,0.5,3,0.5,2.0,0.5,35.9305136,-84.3106741,nan,0.0
148.32512483000028,nan,1,1,35.9305136,-84.3106741,17.94,0.0,0.0,0.5,3,0.5,2.0,0.5,35.9305136,-84.3106741,nan,0.0
148.5261803860003,nan,1,1,35.9305136,-84.3106741,17.94,0.0,0.0,0.5,3,0.5,2.0,0.5,35.9305136,-84.3106741,nan,0.0
148.72741385399968,nan,1,1,35.9305136,-84.3106741,17.94,0.0,0.0,0.5,3,0.5,2.0,0.5,35.9305136,-84.3106741,nan,0.0
148.92862540999977,nan,1,1,35.9305136,-84.3106741,17.44,0.0,0.0,0.5,3,0.5,2.0,0.5,35.9305136,-84.3106741,nan,0.0
149.13363061200016,nan,1,1,35.9305136,-84.3106741,17.44,0.0,0.0,0.5,3,0.5,2.0,0.5,35.9305136,-84.3106741,nan,0.0
149.33499549799944,nan,1,1,35.9305136,-84.3106741,17.44,0.0,0.0,0.5,3,0.5,2.0,0.5,35.9305136,-84.3106741,nan,0.0
149.5364192850002,nan,1,1,35.9305136,-84.3106741,17.44,0.0,0.0,0.5,3,0.5,2.0,0.5,35.9305136,-84.3106741,nan,0.0
149.7378439969998,nan,1,1,35.9305136,-84.3106741,17.44,0.0,0.0,0.5,3,0.5,2.0,0.5,35.9305136,-84.3106741,nan,0.0
149.93902057000014,nan,1,1,35.9305134,-84.3106741,16.94,-0.1098222248214469,0.0,0.5,3,0.5,2.0,0.5,35.9305134,-84.3106741,nan,0.0
150.14157992699984,nan,1,1,35.9305134,-84.3106741,16.94,0.0,0.0,0.5,3,0.5,2.0,0.5,35.9305134,-84.3106741,nan,0.0
150.34312026599946,nan,1,1,35.9305134,-84.3106741,16.94,0.0,0.0,0.5,3,0.5,2.0,0.5,35.9305134,-84.3106741,nan,0.0
150.54440883899952,nan,1,1,35.9305134,-84.3106741,16.94,0.0,0.0,0.5,3,0.5,2.0,0.5,35.9305134,-84.3106741,nan,0.0
150.74569292999968,nan,1,1,35.9305134,-84.3106741,16.94,0.0,0.0,0.5,3,0.5,2.0,0.5,35.9305134,-84.3106741,nan,0.0
150.94630817899997,nan,1,1,35.9305134,-84.3106741,16.44,0.0,0.0,0.49,3,0.5,2.0,0.5,35.9305134,-84.3106741,nan,0.0
151.14836597799967,nan,1,1,35.9305134,-84.3106741,16.44,0.0,0.0,0.49,3,0.5,2.0,0.5,35.9305134,-84.3106741,nan,0.0
151.34985350199986,nan,1,1,35.9305134,-84.3106741,16.44,0.0,0.0,0.49,3,0.5,2.0,0.5,35.9305134,-84.3106741,nan,0.0
151.5510321439997,nan,1,1,35.9305134,-84.3106741,16.44,0.0,0.0,0.49,3,0.5,2.0,0.5,35.9305134,-84.3106741,nan,0.0
151.75221323200003,nan,1,1,35.9305134,-84.3106741,15.94,0.0,0.0,0.49,3,0.5,2.0,0.5,35.9305134,-84.3106741,nan,0.0
151.95484493899949,nan,1,1,35.9305134,-84.3106741,15.94,0.0,0.0,0.49,3,0.5,2.0,0.5,35.9305134,-84.3106741,nan,0.0
152.15802494800027,nan,1,1,35.9305134,-84.3106741,15.94,0.0,0.0,0.49,3,0.5,2.0,0.5,35.9305134,-84.3106741,nan,0.0
152.35949094100033,nan,1,1,35.9305134,-84.3106741,15.94,0.0,0.0,0.49,3,0.5,2.0,0.5,35.9305134,-84.3106741,nan,0.0
152.56085126299968,nan,1,1,35.9305134,-84.3106741,15.94,0.0,0.0,0.49,3,0.5,2.0,0.5,35.9305134,-84.3106741,nan,0.0
152.7621256729999,nan,1,1,35.9305134,-84.3106741,15.44,0.0,0.0,0.49,3,0.5,2.0,0.5,35.9305134,-84.3106741,nan,0.0
152.9638476809996,nan,1,1,35.9305134,-84.3106741,15.44,0.0,0.0,0.49,3,0.5,2.0,0.5,35.9305134,-84.3106741,nan,0.0
153.16514710499996,nan,1,1,35.9305134,-84.3106741,15.44,0.0,0.0,0.49,3,0.5,2.0,0.5,35.9305134,-84.3106741,nan,0.0
153.36672133199954,nan,1,1,35.9305134,-84.3106741,15.44,0.0,0.0,0.49,3,0.5,2.0,0.5,35.9305134,-84.3106741,nan,0.0
153.56817659599983,nan,1,1,35.9305134,-84.3106741,15.44,0.0,0.0,0.49,3,0.5,2.0,0.5,35.9305134,-84.3106741,nan,0.0
153.7694372879996,nan,1,1,35.9305136,-84.3106741,14.94,0.10798311343299957,0.0,0.49,3,0.5,2.0,0.5,35.9305136,-84.3106741,nan,0.0
153.97573261100024,nan,1,1,35.9305136,-84.3106741,14.94,0.0,0.0,0.49,3,0.5,2.0,0.5,35.9305136,-84.3106741,nan,0.0
154.17699089799953,nan,1,1,35.9305136,-84.3106741,14.94,0.0,0.0,0.49,3,0.5,2.0,0.5,35.9305136,-84.3106741,nan,0.0
154.3783452279995,nan,1,1,35.9305136,-84.3106741,14.94,0.0,0.0,0.49,3,0.5,2.0,0.5,35.9305136,-84.3106741,nan,0.0
154.57953097399968,nan,1,1,35.9305136,-84.3106741,14.94,0.0,0.0,0.49,3,0.5,2.0,0.5,35.9305136,-84.3106741,nan,0.0
154.7808075769999,nan,1,1,35.9305136,-84.3106741,14.44,0.0,0.0,0.5,3,0.5,2.0,0.5,35.9305136,-84.3106741,nan,0.0
154.9823260940002,nan,1,1,35.9305136,-84.3106741,14.44,0.0,0.0,0.5,3,0.5,2.0,0.5,35.9305136,-84.3106741,nan,0.0
155.1829144659996,nan,1,1,35.9305136,-84.3106741,14.44,0.0,0.0,0.5,3,0.5,2.0,0.5,35.9305136,-84.3106741,nan,0.0
155.38350798899955,nan,1,1,35.9305136,-84.3106741,14.44,0.0,0.0,0.5,3,0.5,2.0,0.5,35.9305136,-84.3106741,nan,0.0
155.58408787899953,nan,1,1,35.9305136,-84.3106741,14.44,0.0,0.0,0.5,3,0.5,2.0,0.5,35.9305136,-84.3106741,nan,0.0
155.7850233700001,nan,1,1,35.9305136,-84.3106739,13.94,0.0,0.0893615685469499,0.5,3,0.5,2.0,0.5,35.9305136,-84.3106739,nan,0.0
155.98663691000002,nan,1,1,35.9305136,-84.3106739,13.94,0.0,0.0,0.5,3,0.5,2.0,0.5,35.9305136,-84.3106739,nan,0.0
156.187305251,nan,1,1,35.9305136,-84.3106739,13.94,0.0,0.0,0.5,3,0.5,2.0,0.5,35.9305136,-84.3106739,nan,0.0
156.38890743999946,nan,1,1,35.9305136,-84.3106739,13.94,0.0,0.0,0.5,3,0.5,2.0,0.5,35.9305136,-84.3106739,nan,0.0
156.59029734199976,nan,1,1,35.9305136,-84.3106739,13.94,0.0,0.0,0.5,3,0.5,2.0,0.5,35.9305136,-84.3106739,nan,0.0
156.79158294300032,nan,1,1,35.9305136,-84.3106739,13.44,0.0,0.0,0.5,3,0.5,2.0,0.5,35.9305136,-84.3106739,nan,0.0
156.9933957840003,nan,1,1,35.9305136,-84.3106739,13.44,0.0,0.0,0.5,3,0.5,2.0,0.5,35.9305136,-84.3106739,nan,0.0
157.1942105950002,nan,1,1,35.9305136,-84.3106739,13.44,0.0,0.0,0.5,3,0.5,2.0,0.5,35.9305136,-84.3106739,nan,0.0
157.39589414300008,nan,1,1,35.9305136,-84.3106739,13.44,0.0,0.0,0.5,3,0.5,2.0,0.5,35.9305136,-84.3106739,nan,0.0
157.59704562200022,nan,1,1,35.9305136,-84.3106739,13.44,0.0,0.0,0.5,3,0.5,2.0,0.5,35.9305136,-84.3106739,nan,0.0
157.79810022699985,nan,1,1,35.9305136,-84.3106739,12.94,0.0,0.0,0.5,3,0.5,2.0,0.5,35.9305136,-84.3106739,nan,0.0
158.00108864100002,nan,1,1,35.9305136,-84.3106739,12.94,0.0,0.0,0.5,3,0.5,2.0,0.5,35.9305136,-84.3106739,nan,0.0
158.2021512780002,nan,1,1,35.9305136,-84.3106739,12.94,0.0,0.0,0.5,3,0.5,2.0,0.5,35.9305136,-84.3106739,nan,0.0
158.40346860699992,nan,1,1,35.9305136,-84.3106739,12.94,0.0,0.0,0.5,3,0.5,2.0,0.5,35.9305136,-84.3106739,nan,0.0
158.6046942390003,nan,1,1,35.9305136,-84.3106739,12.94,0.0,0.0,0.5,3,0.5,2.0,0.5,35.9305136,-84.3106739,nan,0.0
158.8059163400003,nan,1,1,35.9305134,-84.3106741,12.44,-0.10862933878675322,-0.08796035588147028,0.49,3,0.5,2.0,0.5,35.9305134,-84.3106741,nan,0.0
159.01072814300005,nan,1,1,35.9305134,-84.3106741,12.44,0.0,0.0,0.49,3,0.5,2.0,0.5,35.9305134,-84.3106741,nan,0.0
159.21185987100034,nan,1,1,35.9305134,-84.3106741,12.44,0.0,0.0,0.49,3,0.5,2.0,0.5,35.9305134,-84.3106741,nan,0.0
159.41241619999983,nan,1,1,35.9305134,-84.3106741,12.44,0.0,0.0,0.49,3,0.5,2.0,0.5,35.9305134,-84.3106741,nan,0.0
159.61354750099963,nan,1,1,35.9305134,-84.3106741,12.44,0.0,0.0,0.49,3,0.5,2.0,0.5,35.9305134,-84.3106741,nan,0.0
159.81468483499975,nan,1,1,35.9305134,-84.3106741,11.94,0.0,0.0,0.49,3,0.5,2.0,0.5,35.9305134,-84.3106741,nan,0.0
160.01648376899993,nan,1,1,35.9305134,-84.3106741,11.94,0.0,0.0,0.49,3,0.5,2.0,0.5,35.9305134,-84.3106741,nan,0.0
160.21700728999986,nan,1,1,35.9305134,-84.3106741,11.94,0.0,0.0,0.49,3,0.5,2.0,0.5,35.9305134,-84.3106741,nan,0.0
160.41822364499967,nan,1,1,35.9305134,-84.3106741,11.94,0.0,0.0,0.49,3,0.5,2.0,0.5,35.9305134,-84.3106741,nan,0.0
160.61933451000004,nan,1,1,35.9305134,-84.3106741,11.94,0.0,0.0,0.49,3,0.5,2.0,0.5,35.9305134,-84.3106741,nan,0.0
160.81998712299992,nan,1,1,35.9305134,-84.3106741,11.43,0.0,0.0,0.49,3,0.5,2.0,0.5,35.9305134,-84.3106741,nan,0.0
161.02164252500006,nan,1,1,35.9305134,-84.3106741,11.43,0.0,0.0,0.49,3,0.5,2.0,0.5,35.9305134,-84.3106741,nan,0.0
161.22286448399973,nan,1,1,35.9305134,-84.3106741,11.43,0.0,0.0,0.49,3,0.5,2.0,0.5,35.9305134,-84.3106741,nan,0.0
161.42429362500025,nan,1,1,35.9305134,-84.3106741,11.43,0.0,0.0,0.49,3,0.5,2.0,0.5,35.9305134,-84.3106741,nan,0.0
161.62568722000015,nan,1,1,35.9305134,-84.3106741,11.43,0.0,0.0,0.49,3,0.5,2.0,0.5,35.9305134,-84.3106741,nan,0.0
161.8268473299995,nan,1,1,35.9305136,-84.3106741,10.94,0.11032138362632343,0.0,0.49,3,0.5,2.0,0.5,35.9305136,-84.3106741,nan,0.0
162.02840385699983,nan,1,1,35.9305136,-84.3106741,10.94,0.0,0.0,0.49,3,0.5,2.0,0.5,35.9305136,-84.3106741,nan,0.0
162.22891759199956,nan,1,1,35.9305136,-84.3106741,10.94,0.0,0.0,0.49,3,0.5,2.0,0.5,35.9305136,-84.3106741,nan,0.0
162.42944507299944,nan,1,1,35.9305136,-84.3106741,10.94,0.0,0.0,0.49,3,0.5,2.0,0.5,35.9305136,-84.3106741,nan,0.0
162.63011705099962,nan,1,1,35.9305136,-84.3106741,10.94,0.0,0.0,0.49,3,0.5,2.0,0.5,35.9305136,-84.3106741,nan,0.0
162.83112319799966,nan,1,1,35.9305136,-84.3106741,10.44,0.0,0.0,0.49,3,0.5,2.0,0.5,35.9305136,-84.3106741,nan,0.0
163.03289449400017,nan,1,1,35.9305136,-84.3106741,10.44,0.0,0.0,0.49,3,0.5,2.0,0.5,35.9305136,-84.3106741,nan,0.0
163.2345685780001,nan,1,1,35.9305136,-84.3106741,10.44,0.0,0.0,0.49,3,0.5,2.0,0.5,35.9305136,-84.3106741,nan,0.0
163.43581239000014,nan,1,1,35.9305136,-84.3106741,10.44,0.0,0.0,0.49,3,0.5,2.0,0.5,35.9305136,-84.3106741,nan,0.0
163.6372037709998,nan,1,1,35.9305136,-84.3106741,10.44,0.0,0.0,0.49,3,0.5,2.0,0.5,35.9305136,-84.3106741,nan,0.0
163.83842237799945,nan,1,1,35.9305136,-84.3106741,9.93,0.0,0.0,0.49,3,0.5,2.0,0.5,35.9305136,-84.3106741,nan,0.0
164.04290641900025,nan,1,1,35.9305136,-84.3106741,9.93,0.0,0.0,0.49,3,0.5,2.0,0.5,35.9305136,-84.3106741,nan,0.0
164.24410836100014,nan,1,1,35.9305136,-84.3106741,9.93,0.0,0.0,0.49,3,0.5,2.0,0.5,35.9305136,-84.3106741,nan,0.0
164.445165094,nan,1,1,35.9305136,-84.3106741,9.93,0.0,0.0,0.49,3,0.5,2.0,0.5,35.9305136,-84.3106741,nan,0.0
164.64644202099953,nan,1,1,35.9305136,-84.3106741,9.93,0.0,0.0,0.49,3,0.5,2.0,0.5,35.9305136,-84.3106741,nan,0.0
164.8475981089996,nan,1,1,35.9305136,-84.3106741,9.43,0.0,0.0,0.49,3,0.5,2.0,0.5,35.9305136,-84.3106741,nan,0.0
165.05263730499973,nan,1,1,35.9305136,-84.3106741,9.43,0.0,0.0,0.49,3,0.5,2.0,0.5,35.9305136,-84.3106741,nan,0.0
165.25378482299948,nan,1,1,35.9305136,-84.3106741,9.43,0.0,0.0,0.49,3,0.5,2.0,0.5,35.9305136,-84.3106741,nan,0.0
165.4551859659996,nan,1,1,35.9305136,-84.3106741,9.43,0.0,0.0,0.49,3,0.5,2.0,0.5,35.9305136,-84.3106741,nan,0.0
165.6566682900002,nan,1,1,35.9305136,-84.3106741,9.43,0.0,0.0,0.49,3,0.5,2.0,0.5,35.9305136,-84.3106741,nan,0.0
165.85787194299974,nan,1,1,35.9305136,-84.3106741,8.93,0.0,0.0,0.49,3,0.5,2.0,0.5,35.9305136,-84.3106741,nan,0.0
166.0629296469997,nan,1,1,35.9305136,-84.3106741,8.93,0.0,0.0,0.49,3,0.5,2.0,0.5,35.9305136,-84.3106741,nan,0.0
166.2642490119997,nan,1,1,35.9305136,-84.3106741,8.93,0.0,0.0,0.49,3,0.5,2.0,0.5,35.9305136,-84.3106741,nan,0.0
166.46537670199996,nan,1,1,35.9305136,-84.3106741,8.93,0.0,0.0,0.49,3,0.5,2.0,0.5,35.9305136,-84.3106741,nan,0.0
166.66682251200018,nan,1,1,35.9305136,-84.3106741,8.93,0.0,0.0,0.49,3,0.5,2.0,0.5,35.9305136,-84.3106741,nan,0.0
166.86805635200017,nan,1,1,35.9305134,-84.3106741,8.43,-0.11039220002927665,0.0,0.49,3,0.5,2.0,0.5,35.9305134,-84.3106741,nan,0.0
167.06946016500024,nan,1,1,35.9305134,-84.3106741,8.43,0.0,0.0,0.49,3,0.5,2.0,0.5,35.9305134,-84.3106741,nan,0.0
167.2707549679999,nan,1,1,35.9305134,-84.3106741,8.43,0.0,0.0,0.49,3,0.5,2.0,0.5,35.9305134,-84.3106741,nan,0.0
167.47209852699962,nan,1,1,35.9305134,-84.3106741,8.43,0.0,0.0,0.49,3,0.5,2.0,0.5,35.9305134,-84.3106741,nan,0.0
167.67336624699965,nan,1,1,35.9305134,-84.3106741,8.43,0.0,0.0,0.49,3,0.5,2.0,0.5,35.9305134,-84.3106741,nan,0.0
167.8745097609999,nan,1,1,35.9305134,-84.3106741,7.93,0.0,0.0,0.49,3,0.5,2.0,0.5,35.9305134,-84.3106741,nan,0.0
168.07600361499954,nan,1,1,35.9305134,-84.3106741,7.93,0.0,0.0,0.49,3,0.5,2.0,0.5,35.9305134,-84.3106741,nan,0.0
168.27740749399982,nan,1,1,35.9305134,-84.3106741,7.93,0.0,0.0,0.49,3,0.5,2.0,0.5,35.9305134,-84.3106741,nan,0.0
168.4785934900001,nan,1,1,35.9305134,-84.3106741,7.93,0.0,0.0,0.49,3,0.5,2.0,0.5,35.9305134,-84.3106741,nan,0.0
168.68011457299963,nan,1,1,35.9305134,-84.3106741,7.93,0.0,0.0,0.49,3,0.5,2.0,0.5,35.9305134,-84.3106741,nan,0.0
168.88121657099964,nan,1,1,35.9305134,-84.3106741,7.44,0.0,0.0,0.49,3,0.5,2.0,0.5,35.9305134,-84.3106741,nan,0.0
169.085837697,nan,1,1,35.9305134,-84.3106741,7.44,0.0,0.0,0.49,3,0.5,2.0,0.5,35.9305134,-84.3106741,nan,0.0
169.28717565500028,nan,1,1,35.9305134,-84.3106741,7.44,0.0,0.0,0.49,3,0.5,2.0,0.5,35.9305134,-84.3106741,nan,0.0
169.48856695999984,nan,1,1,35.9305134,-84.3106741,7.44,0.0,0.0,0.49,3,0.5,2.0,0.5,35.9305134,-84.3106741,nan,0.0
169.68995832699966,nan,1,1,35.9305134,-84.3106741,7.44,0.0,0.0,0.49,3,0.5,2.0,0.5,35.9305134,-84.3106741,nan,0.0
169.8911804139998,nan,1,1,35.9305134,-84.3106739,6.94,0.0,0.08793126724358513,0.5,3,0.5,2.0,0.5,35.9305134,-84.3106739,nan,0.0
170.09617299099955,nan,1,1,35.9305134,-84.3106739,6.94,0.0,0.0,0.5,3,0.5,2.0,0.5,35.9305134,-84.3106739,nan,0.0
170.29785952899965,nan,1,1,35.9305134,-84.3106739,6.94,0.0,0.0,0.5,3,0.5,2.0,0.5,35.9305134,-84.3106739,nan,0.0
170.4991672420001,nan,1,1,35.9305134,-84.3106739,6.94,0.0,0.0,0.5,3,0.5,2.0,0.5,35.9305134,-84.3106739,nan,0.0
170.70063730600032,nan,1,1,35.9305134,-84.3106739,6.94,0.0,0.0,0.5,3,0.5,2.0,0.5,35.9305134,-84.3106739,nan,0.0
170.90213678999953,nan,1,1,35.9305136,-84.3106739,6.44,0.10850004271859208,0.0,0.5,3,0.5,2.0,0.5,35.9305136,-84.3106739,nan,0.0
171.10717343800025,nan,1,1,35.9305136,-84.3106739,6.44,0.0,0.0,0.5,3,0.5,2.0,0.5,35.9305136,-84.3106739,nan,0.0
171.30864129899965,nan,1,1,35.9305136,-84.3106739,6.44,0.0,0.0,0.5,3,0.5,2.0,0.5,35.9305136,-84.3106739,nan,0.0
171.5098605359999,nan,1,1,35.9305136,-84.3106739,6.44,0.0,0.0,0.5,3,0.5,2.0,0.5,35.9305136,-84.3106739,nan,0.0
171.71140909199949,nan,1,1,35.9305136,-84.3106739,6.44,0.0,0.0,0.5,3,0.5,2.0,0.5,35.9305136,-84.3106739,nan,0.0
171.91247814500002,nan,1,1,35.9305136,-84.3106739,5.94,0.0,0.0,0.49,3,0.5,2.0,0.5,35.9305136,-84.3106739,nan,0.0
172.1139227929998,nan,1,1,35.9305136,-84.3106739,5.94,0.0,0.0,0.49,3,0.5,2.0,0.5,35.9305136,-84.3106739,nan,0.0
172.3153582240002,nan,1,1,35.9305136,-84.3106739,5.94,0.0,0.0,0.49,3,0.5,2.0,0.5,35.9305136,-84.3106739,nan,0.0
172.51660061500024,nan,1,1,35.9305136,-84.3106739,5.94,0.0,0.0,0.49,3,0.5,2.0,0.5,35.9305136,-84.3106739,nan,0.0
172.71786633699958,nan,1,1,35.9305136,-84.3106739,5.94,0.0,0.0,0.49,3,0.5,2.0,0.5,35.9305136,-84.3106739,nan,0.0
172.91926085700015,nan,1,1,35.9305136,-84.3106741,5.44,0.0,-0.08839934562741714,0.49,3,0.5,2.0,0.5,35.9305136,-84.3106741,nan,0.0
173.12321182300002,nan,1,1,35.9305136,-84.3106741,5.44,0.0,0.0,0.49,3,0.5,2.0,0.5,35.9305136,-84.3106741,nan,0.0
173.32452752900008,nan,1,1,35.9305136,-84.3106741,5.44,0.0,0.0,0.49,3,0.5,2.0,0.5,35.9305136,-84.3106741,nan,0.0
173.52612229199985,nan,1,1,35.9305136,-84.3106741,5.44,0.0,0.0,0.49,3,0.5,2.0,0.5,35.9305136,-84.3106741,nan,0.0
173.72735189299965,nan,1,1,35.9305136,-84.3106741,5.44,0.0,0.0,0.49,3,0.5,2.0,0.5,35.9305136,-84.3106741,nan,0.0
173.9287670929998,nan,1,1,35.9305136,-84.3106741,4.94,0.0,0.0,0.5,3,0.5,2.0,0.5,35.9305136,-84.3106741,nan,0.0
174.13109303700003,nan,1,1,35.9305136,-84.3106741,4.94,0.0,0.0,0.5,3,0.5,2.0,0.5,35.9305136,-84.3106741,nan,0.0
174.33264737300033,nan,1,1,35.9305136,-84.3106741,4.94,0.0,0.0,0.5,3,0.5,2.0,0.5,35.9305136,-84.3106741,nan,0.0
174.5338087959999,nan,1,1,35.9305136,-84.3106741,4.94,0.0,0.0,0.5,3,0.5,2.0,0.5,35.9305136,-84.3106741,nan,0.0
174.73509927899977,nan,1,1,35.9305136,-84.3106741,4.94,0.0,0.0,0.5,3,0.5,2.0,0.5,35.9305136,-84.3106741,nan,0.0
174.93655818699972,nan,1,1,35.9305136,-84.3106741,4.44,0.0,0.0,0.49,3,0.5,2.0,0.5,35.9305136,-84.3106741,nan,0.0
175.13839246899988,nan,1,1,35.9305136,-84.3106741,4.44,0.0,0.0,0.49,3,0.5,2.0,0.5,35.9305136,-84.3106741,nan,0.0
175.33981643900006,nan,1,1,35.9305136,-84.3106741,4.44,0.0,0.0,0.49,3,0.5,2.0,0.5,35.9305136,-84.3106741,nan,0.0
175.54118377299983,nan,1,1,35.9305136,-84.3106741,4.44,0.0,0.0,0.49,3,0.5,2.0,0.5,35.9305136,-84.3106741,nan,0.0
175.74232013399978,nan,1,1,35.9305136,-84.3106741,4.44,0.0,0.0,0.49,3,0.5,2.0,0.5,35.9305136,-84.3106741,nan,0.0
175.94369926400032,nan,1,1,35.9305134,-84.3106741,3.94,-0.10855279606427068,0.0,0.49,3,0.5,2.0,0.5,35.9305134,-84.3106741,nan,0.0
176.14876994399947,nan,1,1,35.9305134,-84.3106741,3.94,0.0,0.0,0.49,3,0.5,2.0,0.5,35.9305134,-84.3106741,nan,0.0
176.350380975,nan,1,1,35.9305134,-84.3106741,3.94,0.0,0.0,0.49,3,0.5,2.0,0.5,35.9305134,-84.3106741,nan,0.0
176.55149823699958,nan,1,1,35.9305134,-84.3106741,3.94,0.0,0.0,0.49,3,0.5,2.0,0.5,35.9305134,-84.3106741,nan,0.0
176.7525935169997,nan,1,1,35.9305134,-84.3106741,3.94,0.0,0.0,0.49,3,0.5,2.0,0.5,35.9305134,-84.3106741,nan,0.0
176.95395612500033,nan,1,1,35.9305134,-84.3106741,3.43,0.0,0.0,0.49,3,0.5,2.0,0.5,35.9305134,-84.3106741,nan,0.0
177.15546895900025,nan,1,1,35.9305134,-84.3106741,3.43,0.0,0.0,0.49,3,0.5,2.0,0.5,35.9305134,-84.3106741,nan,0.0
177.35618370599968,nan,1,1,35.9305134,-84.3106741,3.43,0.0,0.0,0.49,3,0.5,2.0,0.5,35.9305134,-84.3106741,nan,0.0
177.55678339800033,nan,1,1,35.9305134,-84.3106741,3.43,0.0,0.0,0.49,3,0.5,2.0,0.5,35.9305134,-84.3106741,nan,0.0
177.75785490499948,nan,1,1,35.9305134,-84.3106741,2.94,0.0,0.0,0.49,3,0.5,2.0,0.5,35.9305134,-84.3106741,nan,0.0
177.9601640660003,nan,1,1,35.9305134,-84.3106741,2.94,0.0,0.0,0.49,3,0.5,2.0,0.5,35.9305134,-84.3106741,nan,0.0
178.16352837500017,nan,1,1,35.9305134,-84.3106741,2.94,0.0,0.0,0.49,3,0.5,2.0,0.5,35.9305134,-84.3106741,nan,0.0
178.36463289399944,nan,1,1,35.9305134,-84.3106741,2.94,0.0,0.0,0.49,3,0.5,2.0,0.5,35.9305134,-84.3106741,nan,0.0
178.5662099709998,nan,1,1,35.9305134,-84.3106741,2.94,0.0,0.0,0.49,3,0.5,2.0,0.5,35.9305134,-84.3106741,nan,0.0
178.76757149100013,nan,1,1,35.9305134,-84.3106741,2.44,0.0,0.0,0.49,3,0.5,2.0,0.5,35.9305134,-84.3106741,nan,0.0
178.968996263,nan,1,1,35.9305136,-84.3106741,2.44,0.11058473437608932,0.0,0.49,3,0.5,2.0,0.5,35.9305136,-84.3106741,nan,0.0
179.1700984070003,nan,1,1,35.9305136,-84.3106741,2.44,0.0,0.0,0.49,3,0.5,2.0,0.5,35.9305136,-84.3106741,nan,0.0
179.37119245400027,nan,1,1,35.9305136,-84.3106741,2.44,0.0,0.0,0.49,3,0.5,2.0,0.5,35.9305136,-84.3106741,nan,0.0
179.57259483599955,nan,1,1,35.9305136,-84.3106741,2.44,0.0,0.0,0.49,3,0.5,2.0,0.5,35.9305136,-84.3106741,nan,0.0
179.77377153199996,nan,1,1,35.9305136,-84.3106741,1.94,0.0,0.0,0.49,3,0.5,2.0,0.5,35.9305136,-84.3106741,nan,0.0
179.97644261200003,nan,1,1,35.9305136,-84.3106741,1.94,0.0,0.0,0.49,3,0.5,2.0,0.5,35.9305136,-84.3106741,nan,0.0
180.1770331460002,nan,1,1,35.9305136,-84.3106741,1.94,0.0,0.0,0.49,3,0.5,2.0,0.5,35.9305136,-84.3106741,nan,0.0
180.37839849299962,nan,1,1,35.9305136,-84.3106741,1.94,0.0,0.0,0.49,3,0.5,2.0,0.5,35.9305136,-84.3106741,nan,0.0
180.58004695899945,nan,1,1,35.9305136,-84.3106741,1.94,0.0,0.0,0.49,3,0.5,2.0,0.5,35.9305136,-84.3106741,nan,0.0
180.78118048499982,nan,1,1,35.9305136,-84.3106741,1.44,0.0,0.0,0.49,3,0.5,2.0,0.5,35.9305136,-84.3106741,nan,0.0
180.98281606599994,nan,1,1,35.9305136,-84.3106741,1.44,0.0,0.0,0.49,3,0.5,2.0,0.5,35.9305136,-84.3106741,nan,0.0
181.18349563500033,nan,1,1,35.9305136,-84.3106741,1.44,0.0,0.0,0.49,3,0.5,2.0,0.5,35.9305136,-84.3106741,nan,0.0
181.38488456199957,nan,1,1,35.9305136,-84.3106741,1.44,0.0,0.0,0.49,3,0.5,2.0,0.5,35.9305136,-84.3106741,nan,0.0
181.58565569799975,nan,1,1,35.9305136,-84.3106741,1.44,0.0,0.0,0.49,3,0.5,2.0,0.5,35.9305136,-84.3106741,nan,0.0
181.78673010399962,nan,1,1,35.9305136,-84.3106741,0.94,0.0,0.0,0.49,3,0.5,2.0,0.5,35.9305136,-84.3106741,nan,0.0
181.98840485500023,nan,1,1,35.9305136,-84.3106741,0.94,0.0,0.0,0.49,3,0.5,2.0,0.5,35.9305136,-84.3106741,nan,0.0
182.18954442099948,nan,1,1,35.9305136,-84.3106741,0.94,0.0,0.0,0.49,3,0.5,2.0,0.5,35.9305136,-84.3106741,nan,0.0
182.3906457410003,nan,1,1,35.9305136,-84.3106741,0.94,0.0,0.0,0.49,3,0.5,2.0,0.5,35.9305136,-84.3106741,nan,0.0
182.59199882400026,nan,1,1,35.9305136,-84.3106741,0.94,0.0,0.0,0.49,3,0.5,2.0,0.5,35.9305136,-84.3106741,nan,0.0
182.79322048099948,nan,1,1,35.9305136,-84.3106741,0.44,0.0,0.0,0.49,3,0.5,2.0,0.5,35.9305136,-84.3106741,nan,0.0
182.9951225220002,nan,1,1,35.9305136,-84.3106741,0.44,0.0,0.0,0.49,3,0.5,2.0,0.5,35.9305136,-84.3106741,nan,0.0
183.19618966599955,nan,1,1,35.9305136,-84.3106741,0.44,0.0,0.0,0.49,3,0.5,2.0,0.5,35.9305136,-84.3106741,nan,0.0
183.39717335899968,nan,1,1,35.9305136,-84.3106741,0.44,0.0,0.0,0.49,3,0.5,2.0,0.5,35.9305136,-84.3106741,nan,0.0
183.59845487999974,nan,1,1,35.9305136,-84.3106741,0.44,0.0,0.0,0.49,3,0.5,2.0,0.5,35.9305136,-84.3106741,nan,0.0
183.79970322099962,nan,1,1,35.9305136,-84.3106739,0.04,0.0,0.08938598818026432,-0.14,3,0.5,2.0,0.5,35.9305136,-84.3106739,nan,0.0
184.00118605399985,nan,1,1,35.9305136,-84.3106739,0.04,0.0,0.0,-0.14,3,0.5,2.0,0.5,35.9305136,-84.3106739,nan,0.0
184.2019270109995,nan,1,1,35.9305136,-84.3106739,0.04,0.0,0.0,-0.14,3,0.5,2.0,0.5,35.9305136,-84.3106739,nan,0.0
184.4030846730002,nan,1,1,35.9305136,-84.3106739,0.04,0.0,0.0,-0.14,3,0.5,2.0,0.5,35.9305136,-84.3106739,nan,0.0
184.6042039519998,nan,1,1,35.9305136,-84.3106739,0.04,0.0,0.0,-0.14,3,0.5,2.0,0.5,35.9305136,-84.3106739,nan,0.0
184.80519134899987,nan,1,1,35.9305136,-84.3106739,0.06,0.0,0.0,0.0,3,0.5,2.0,0.5,35.9305136,-84.3106739,nan,0.0
185.0094654249997,nan,1,1,35.9305136,-84.3106739,0.06,0.0,0.0,0.0,3,0.5,2.0,0.5,35.9305136,-84.3106739,nan,0.0
185.21079030700002,nan,1,1,35.9305136,-84.3106739,0.06,0.0,0.0,0.0,3,0.5,2.0,0.5,35.9305136,-84.3106739,nan,0.0
185.41198641400024,nan,1,1,35.9305136,-84.3106739,0.06,0.0,0.0,0.0,3,0.5,2.0,0.5,35.9305136,-84.3106739,nan,0.0
185.61318708499948,nan,1,1,35.9305136,-84.3106739,0.06,0.0,0.0,0.0,3,0.5,2.0,0.5,35.9305136,-84.3106739,nan,0.0
