t_s,attack_time_s,sim_lat,sim_lon,pos_lat,pos_lon,pos_alt,e_vehicle_h_m,gps_present,gps_age_s,gps_status,gps_nsats,gps_hdop,gps_lat,gps_lon,gps_hacc,gps_vacc,gps_sacc,xkf_fs
0.0,nan,35.9305139,-84.3106744,35.9305138,-84.3106743,0.07999999821186066,0.014323823417739025,1,0.139944,6,10,1.21,35.9305139,-84.3106744,0.3,0.3,0.0,0
0.09996,nan,35.9305139,-84.3106744,35.9305138,-84.3106743,0.07999999821186066,0.014323823417739025,1,0.039984,6,10,1.21,35.9305139,-84.3106744,0.3,0.3,0.0,0
0.19992,nan,35.9305139,-84.3106744,35.9305138,-84.3106743,0.07999999821186066,0.014323823417739025,1,0.059976,6,10,1.21,35.9305139,-84.3106744,0.3,0.3,0.0,0
0.29988,nan,35.9305139,-84.3106744,35.9305138,-84.3106743,0.07999999821186066,0.014323823417739025,1,0.039984,6,10,1.21,35.9305139,-84.3106744,0.3,0.3,0.0,0
0.39984,nan,35.9305139,-84.3106744,35.9305138,-84.3106743,0.07999999821186066,0.014323823417739025,1,0.059976,6,10,1.21,35.9305139,-84.3106744,0.3,0.3,0.0,0
0.4998,nan,35.9305139,-84.3106744,35.9305138,-84.3106743,0.07999999821186066,0.014323823417739025,1,0.039984,6,10,1.21,35.9305139,-84.3106744,0.3,0.3,0.0,0
0.59976,nan,35.9305139,-84.3106744,35.9305138,-84.3106743,0.07999999821186066,0.014323823417739025,1,0.059976,6,10,1.21,35.9305139,-84.3106744,0.3,0.3,0.0,0
0.69972,nan,35.9305139,-84.3106744,35.9305138,-84.3106743,0.07999999821186066,0.014323823417739025,1,0.039984,6,10,1.21,35.9305139,-84.3106744,0.3,0.3,0.0,0
0.79968,nan,35.9305139,-84.3106744,35.9305138,-84.3106743,0.07999999821186066,0.014323823417739025,1,0.059976,6,10,1.21,35.9305139,-84.3106744,0.3,0.3,0.0,0
0.89964,nan,35.9305139,-84.3106744,35.9305138,-84.3106743,0.07999999821186066,0.014323823417739025,1,0.039984,6,10,1.21,35.9305139,-84.3106744,0.3,0.3,0.0,0
0.9996,nan,35.9305139,-84.3106744,35.9305138,-84.3106743,0.07999999821186066,0.014323823417739025,1,0.059976,6,10,1.21,35.9305139,-84.3106744,0.3,0.3,0.0,0
1.09956,nan,35.9305139,-84.3106744,35.9305138,-84.3106743,0.07999999821186066,0.014323823417739025,1,0.039984,6,10,1.21,35.9305139,-84.3106744,0.3,0.3,0.0,0
1.19952,nan,35.9305139,-84.3106744,35.9305138,-84.3106743,0.07999999821186066,0.014323823417739025,1,0.059976,6,10,1.21,35.9305139,-84.3106744,0.3,0.3,0.0,0
1.29948,nan,35.9305139,-84.3106744,35.9305138,-84.3106743,0.07999999821186066,0.014323823417739025,1,0.039984,6,10,1.21,35.9305139,-84.3106744,0.3,0.3,0.0,0
1.39944,nan,35.9305139,-84.3106744,35.9305138,-84.3106743,0.07999999821186066,0.014323823417739025,1,0.059976,6,10,1.21,35.9305139,-84.3106744,0.3,0.3,0.0,0
1.4994,nan,35.9305139,-84.3106744,35.9305138,-84.3106743,0.07999999821186066,0.014323823417739025,1,0.039984,6,10,1.21,35.9305139,-84.3106744,0.3,0.3,0.0,0
1.59936,nan,35.9305139,-84.3106744,35.9305138,-84.3106743,0.07999999821186066,0.014323823417739025,1,0.059976,6,10,1.21,35.9305139,-84.3106744,0.3,0.3,0.0,0
1.69932,nan,35.9305139,-84.3106744,35.9305138,-84.3106743,0.07999999821186066,0.014323823417739025,1,0.039984,6,10,1.21,35.9305139,-84.3106744,0.3,0.3,0.0,0
1.79928,nan,35.9305139,-84.3106744,35.9305138,-84.3106743,0.07999999821186066,0.014323823417739025,1,0.059976,6,10,1.21,35.9305139,-84.3106744,0.3,0.3,0.0,0
1.89924,nan,35.9305139,-84.3106744,35.9305138,-84.3106743,0.07999999821186066,0.014323823417739025,1,0.039984,6,10,1.21,35.9305139,-84.3106744,0.3,0.3,0.0,0
1.9992,nan,35.9305139,-84.3106744,35.9305138,-84.3106743,0.07999999821186066,0.014323823417739025,1,0.059976,6,10,1.21,35.9305139,-84.3106744,0.3,0.3,0.0,0
2.099993,nan,35.9305139,-84.3106744,35.9305138,-84.3106743,0.07999999821186066,0.014323823417739025,1,0.039984,6,10,1.21,35.9305139,-84.3106744,0.3,0.3,0.0,0
2.199953,nan,35.9305139,-84.3106744,35.9305138,-84.3106743,0.07999999821186066,0.014323823417739025,1,0.059976,6,10,1.21,35.9305139,-84.3106744,0.3,0.3,0.0,0
2.299913,nan,35.9305139,-84.3106744,35.9305138,-84.3106743,0.07999999821186066,0.014323823417739025,1,0.039984,6,10,1.21,35.9305139,-84.3106744,0.3,0.3,0.0,0
2.399873,nan,35.9305139,-84.3106744,35.9305138,-84.3106743,0.07999999821186066,0.014323823417739025,1,0.059976,6,10,1.21,35.9305139,-84.3106744,0.3,0.3,0.0,0
2.499833,nan,35.9305139,-84.3106744,35.9305138,-84.3106743,0.07999999821186066,0.014323823417739025,1,0.039984,6,10,1.21,35.9305139,-84.3106744,0.3,0.3,0.0,0
2.599793,nan,35.9305139,-84.3106744,35.9305138,-84.3106743,0.07999999821186066,0.014323823417739025,1,0.059976,6,10,1.21,35.9305139,-84.3106744,0.3,0.3,0.0,0
2.699753,nan,35.9305139,-84.3106744,35.9305138,-84.3106743,0.07999999821186066,0.014323823417739025,1,0.039984,6,10,1.21,35.9305139,-84.3106744,0.3,0.3,0.0,0
2.799713,nan,35.9305139,-84.3106744,35.9305138,-84.3106743,0.07999999821186066,0.014323823417739025,1,0.059976,6,10,1.21,35.9305139,-84.3106744,0.3,0.3,0.0,0
2.899673,nan,35.9305139,-84.3106744,35.9305138,-84.3106743,0.07999999821186066,0.014323823417739025,1,0.039984,6,10,1.21,35.9305139,-84.3106744,0.3,0.3,0.0,0
2.999633,nan,35.9305139,-84.3106744,35.9305138,-84.3106743,0.07999999821186066,0.014323823417739025,1,0.059976,6,10,1.21,35.9305139,-84.3106744,0.3,0.3,0.0,0
3.099593,nan,35.9305139,-84.3106744,35.9305138,-84.3106743,0.07999999821186066,0.014323823417739025,1,0.039984,6,10,1.21,35.9305139,-84.3106744,0.3,0.3,0.0,0
3.199553,nan,35.9305139,-84.3106744,35.9305138,-84.3106743,0.07999999821186066,0.014323823417739025,1,0.059976,6,10,1.21,35.9305139,-84.3106744,0.3,0.3,0.0,0
3.299513,nan,35.9305139,-84.3106744,35.9305138,-84.3106743,0.07999999821186066,0.014323823417739025,1,0.039984,6,10,1.21,35.9305139,-84.3106744,0.3,0.3,0.0,0
3.399473,nan,35.9305139,-84.3106744,35.9305138,-84.3106743,0.08999999612569809,0.014323823417739025,1,0.059976,6,10,1.21,35.9305139,-84.3106744,0.3,0.3,0.0,0
3.499433,nan,35.9305139,-84.3106744,35.9305138,-84.3106743,0.09999999403953552,0.014323823417739025,1,0.039984,6,10,1.21,35.9305139,-84.3106744,0.3,0.3,0.0,0
3.599393,nan,35.9305139,-84.3106744,35.9305138,-84.3106743,0.11999999731779099,0.014323823417739025,1,0.059976,6,10,1.21,35.9305139,-84.3106744,0.3,0.3,0.0,0
3.699353,nan,35.9305139,-84.3106744,35.9305138,-84.3106743,0.14999999105930328,0.014323823417739025,1,0.039984,6,10,1.21,35.9305139,-84.3106744,0.3,0.3,0.0,0
3.799313,nan,35.9305139,-84.3106744,35.9305138,-84.3106743,0.17999999225139618,0.014323823417739025,1,0.059976,6,10,1.21,35.9305139,-84.3106744,0.3,0.3,0.0,0
3.899273,nan,35.9305139,-84.3106744,35.9305138,-84.3106743,0.20999999344348907,0.014323823417739025,1,0.039984,6,10,1.21,35.9305139,-84.3106744,0.3,0.3,0.0,0
3.999233,nan,35.9305139,-84.3106744,35.9305138,-84.3106743,0.28999999165534973,0.014323823417739025,1,0.059976,6,10,1.21,35.9305139,-84.3106744,0.3,0.3,0.0,0
4.099193,nan,35.9305139,-84.3106744,35.9305138,-84.3106743,0.4099999964237213,0.014323823417739025,1,0.040817,6,10,1.21,35.9305139,-84.3106744,0.3,0.3,0.0,0
4.199986,nan,35.9305139,-84.3106744,35.9305138,-84.3106743,0.5299999713897705,0.014323823417739025,1,0.059976,6,10,1.21,35.9305139,-84.3106744,0.3,0.3,0.0,0
4.299946,nan,35.9305139,-84.3106744,35.9305138,-84.3106743,0.6499999761581421,0.014323823417739025,1,0.039984,6,10,1.21,35.9305139,-84.3106744,0.3,0.3,0.0,0
4.399906,nan,35.9305139,-84.3106744,35.9305139,-84.3106744,0.7599999904632568,0.0,1,0.059976,6,10,1.21,35.9305139,-84.3106744,0.3,0.3,0.0,0
4.499866,nan,35.9305139,-84.3106744,35.9305139,-84.3106744,0.8799999952316284,0.0,1,0.039984,6,10,1.21,35.9305139,-84.3106744,0.3,0.3,0.0,0
4.599826,nan,35.9305139,-84.3106744,35.9305139,-84.3106744,1.0,0.0,1,0.059976,6,10,1.21,35.9305139,-84.3106744,0.3,0.3,0.0,0
4.699786,nan,35.9305139,-84.3106744,35.9305139,-84.3106744,1.1399999856948853,0.0,1,0.039984,6,10,1.21,35.9305139,-84.3106744,0.3,0.3,0.0,0
4.799746,nan,35.9305139,-84.3106744,35.9305139,-84.3106744,1.2799999713897705,0.0,1,0.059976,6,10,1.21,35.9305139,-84.3106744,0.3,0.3,0.0,0
4.899706,nan,35.9305139,-84.3106744,35.9305139,-84.3106744,1.4399999380111694,0.0,1,0.039984,6,10,1.21,35.9305139,-84.3106745,0.3,0.3,0.0,0
4.999666,nan,35.9305139,-84.3106746,35.9305139,-84.3106744,1.5999999046325684,0.018027812063879902,1,0.059976,6,10,1.21,35.9305139,-84.3106745,0.3,0.3,0.0,0
5.099626,nan,35.9305139,-84.3106746,35.9305139,-84.3106744,1.7799999713897705,0.018027812063879902,1,0.039984,6,10,1.21,35.9305139,-84.3106746,0.3,0.3,0.0,0
5.199586,nan,35.9305139,-84.3106746,35.9305139,-84.3106744,1.959999918937683,0.018027812063879902,1,0.059976,6,10,1.21,35.9305139,-84.3106746,0.3,0.3,0.0,0
5.299546,nan,35.9305139,-84.3106746,35.9305139,-84.3106745,2.1599998474121094,0.009013905391463413,1,0.039984,6,10,1.21,35.9305139,-84.3106746,0.3,0.3,0.0,0
5.399506,nan,35.9305139,-84.3106746,35.9305139,-84.3106745,2.369999885559082,0.009013905391463413,1,0.059976,6,10,1.21,35.9305139,-84.3106746,0.3,0.3,0.0,0
5.499466,nan,35.9305139,-84.3106746,35.9305139,-84.3106745,2.5899999141693115,0.009013905391463413,1,0.039984,6,10,1.21,35.9305139,-84.3106746,0.3,0.3,0.0,0
5.599426,nan,35.9305139,-84.3106746,35.9305139,-84.3106745,2.819999933242798,0.009013905391463413,1,0.059976,6,10,1.21,35.9305139,-84.3106746,0.3,0.3,0.0,0
5.699386,nan,35.9305139,-84.3106746,35.9305139,-84.3106745,3.059999942779541,0.009013905391463413,1,0.039984,6,10,1.21,35.9305139,-84.3106746,0.3,0.3,0.0,0
5.799346,nan,35.9305139,-84.3106746,35.9305139,-84.3106745,3.309999942779541,0.009013905391463413,1,0.059976,6,10,1.21,35.9305139,-84.3106746,0.3,0.3,0.0,0
5.899306,nan,35.9305139,-84.3106746,35.9305139,-84.3106745,3.559999942779541,0.009013905391463413,1,0.039984,6,10,1.21,35.9305139,-84.3106746,0.3,0.3,0.0,0
5.999266,nan,35.9305139,-84.3106746,35.9305139,-84.3106745,3.8299999237060547,0.009013905391463413,1,0.059976,6,10,1.21,35.9305139,-84.3106746,0.3,0.3,0.0,0
6.099226,nan,35.9305139,-84.3106746,35.9305139,-84.3106745,4.110000133514404,0.009013905391463413,1,0.039984,6,10,1.21,35.930514,-84.3106746,0.3,0.3,0.0,0
6.199186,nan,35.930514,-84.3106746,35.9305139,-84.3106745,4.400000095367432,0.014323823410564429,1,0.059976,6,10,1.21,35.930514,-84.3106746,0.3,0.3,0.0,0
6.299979,nan,35.930514,-84.3106746,35.9305139,-84.3106745,4.710000038146973,0.014323823410564429,1,0.039984,6,10,1.21,35.930514,-84.3106746,0.3,0.3,0.0,0
6.399939,nan,35.930514,-84.3106746,35.9305139,-84.3106745,5.019999980926514,0.014323823410564429,1,0.059976,6,10,1.21,35.930514,-84.3106746,0.3,0.3,0.0,0
6.499899,nan,35.930514,-84.3106746,35.9305139,-84.3106745,5.339999675750732,0.014323823410564429,1,0.039984,6,10,1.21,35.930514,-84.3106746,0.3,0.3,0.0,0
6.599859,nan,35.930514,-84.3106746,35.9305139,-84.3106745,5.659999847412109,0.014323823410564429,1,0.059976,6,10,1.21,35.930514,-84.3106746,0.3,0.3,0.0,0
6.699819,nan,35.930514,-84.3106746,35.9305139,-84.3106745,6.0,0.014323823410564429,1,0.039984,6,10,1.21,35.930514,-84.3106746,0.3,0.3,0.0,0
6.799779,nan,35.930514,-84.3106746,35.9305139,-84.3106745,6.349999904632568,0.014323823410564429,1,0.059976,6,10,1.21,35.930514,-84.3106746,0.3,0.3,0.0,0
6.899739,nan,35.930514,-84.3106746,35.930514,-84.3106745,6.710000038146973,0.0090139053800624,1,0.039984,6,10,1.21,35.930514,-84.3106746,0.3,0.3,0.0,0
6.999699,nan,35.930514,-84.3106746,35.930514,-84.3106745,7.079999923706055,0.0090139053800624,1,0.059976,6,10,1.21,35.930514,-84.3106746,0.3,0.3,0.0,0
7.099659,nan,35.9305142,-84.3106746,35.930514,-84.3106745,7.460000038146973,0.024019495460028364,1,0.039984,6,10,1.21,35.9305141,-84.3106746,0.3,0.3,0.0,0
7.199619,nan,35.9305142,-84.3106746,35.930514,-84.3106745,7.849999904632568,0.024019495460028364,1,0.059976,6,10,1.21,35.9305141,-84.3106746,0.3,0.3,0.0,0
7.299579,nan,35.9305142,-84.3106746,35.930514,-84.3106745,8.239999771118164,0.024019495460028364,1,0.039984,6,10,1.21,35.9305142,-84.3106746,0.3,0.3,0.0,0
7.399539,nan,35.9305142,-84.3106746,35.930514,-84.3106745,8.649999618530273,0.024019495460028364,1,0.059976,6,10,1.21,35.9305142,-84.3106746,0.3,0.3,0.0,0
7.499499,nan,35.9305142,-84.3106748,35.930514,-84.3106745,9.050000190734863,0.03502770545939089,1,0.039984,6,10,1.21,35.9305142,-84.3106747,0.3,0.3,0.0,0
7.599459,nan,35.9305142,-84.3106748,35.930514,-84.3106745,9.460000038146973,0.03502770545939089,1,0.059976,6,10,1.21,35.9305142,-84.3106747,0.3,0.3,0.0,0
7.699419,nan,35.9305142,-84.3106748,35.930514,-84.3106745,9.859999656677246,0.03502770545939089,1,0.039984,6,10,1.21,35.9305142,-84.3106748,0.3,0.3,0.0,0
7.799379,nan,35.9305142,-84.3106748,35.930514,-84.3106745,10.269999504089355,0.03502770545939089,1,0.059976,6,10,1.21,35.9305142,-84.3106748,0.3,0.3,0.0,0
7.899339,nan,35.9305142,-84.3106748,35.930514,-84.3106745,10.670000076293945,0.03502770545939089,1,0.039984,6,10,1.21,35.9305142,-84.3106748,0.3,0.3,0.0,0
7.999299,nan,35.9305142,-84.3106748,35.930514,-84.3106745,11.059999465942383,0.03502770545939089,1,0.059976,6,10,1.21,35.9305142,-84.3106748,0.3,0.3,0.0,0
8.099259,nan,35.9305142,-84.3106748,35.9305141,-84.3106746,11.449999809265137,0.021187812879817792,1,0.039984,6,10,1.21,35.9305142,-84.3106748,0.3,0.3,0.0,0
8.199219,nan,35.9305142,-84.3106748,35.9305141,-84.3106746,11.84000015258789,0.021187812879817792,1,0.059976,6,10,1.21,35.9305142,-84.3106748,0.3,0.3,0.0,0
8.299179,nan,35.9305142,-84.3106748,35.9305141,-84.3106746,12.210000038146973,0.021187812879817792,1,0.040817,6,10,1.21,35.9305142,-84.3106748,0.3,0.3,0.0,0
8.399972,nan,35.9305142,-84.3106748,35.9305141,-84.3106746,12.59000015258789,0.021187812879817792,1,0.059976,6,10,1.21,35.9305142,-84.3106748,0.3,0.3,0.0,0
8.499932,nan,35.9305142,-84.3106748,35.9305141,-84.3106746,12.949999809265137,0.021187812879817792,1,0.039984,6,10,1.21,35.9305142,-84.3106748,0.3,0.3,0.0,0
8.599892,nan,35.9305142,-84.3106748,35.9305141,-84.3106746,13.309999465942383,0.021187812879817792,1,0.059976,6,10,1.21,35.9305142,-84.3106748,0.3,0.3,0.0,0
8.699852,nan,35.9305142,-84.3106748,35.9305141,-84.3106746,13.65999984741211,0.021187812879817792,1,0.039984,6,10,1.21,35.9305142,-84.3106748,0.3,0.3,0.0,0
8.799812,nan,35.9305142,-84.3106748,35.9305141,-84.3106746,14.0,0.021187812879817792,1,0.059976,6,10,1.21,35.9305142,-84.3106748,0.3,0.3,0.0,0
8.899772,nan,35.9305142,-84.3106748,35.9305141,-84.3106746,14.34000015258789,0.021187812879817792,1,0.039984,6,10,1.21,35.9305142,-84.3106748,0.3,0.3,0.0,0
8.999732,nan,35.9305142,-84.3106748,35.9305141,-84.3106746,14.670000076293945,0.021187812879817792,1,0.059976,6,10,1.21,35.9305142,-84.3106748,0.3,0.3,0.0,0
9.099692,nan,35.9305142,-84.3106748,35.9305141,-84.3106746,15.0,0.021187812879817792,1,0.039984,6,10,1.21,35.9305142,-84.3106748,0.3,0.3,0.0,0
9.199652,nan,35.9305142,-84.3106748,35.9305141,-84.3106746,15.319999694824219,0.021187812879817792,1,0.059976,6,10,1.21,35.9305142,-84.3106748,0.3,0.3,0.0,0
9.299612,nan,35.9305142,-84.3106748,35.9305141,-84.3106746,15.630000114440918,0.021187812879817792,1,0.039984,6,10,1.21,35.9305142,-84.3106748,0.3,0.3,0.0,0
9.399572,nan,35.9305142,-84.3106748,35.9305141,-84.3106746,15.9399995803833,0.021187812879817792,1,0.059976,6,10,1.21,35.9305142,-84.3106748,0.3,0.3,0.0,0
9.499532,nan,35.9305142,-84.3106746,35.9305141,-84.3106746,16.25,0.011131999339113463,1,0.039984,6,10,1.21,35.9305142,-84.3106747,0.3,0.3,0.0,0
9.599492,nan,35.9305142,-84.3106746,35.9305141,-84.3106746,16.549999237060547,0.011131999339113463,1,0.059976,6,10,1.21,35.9305142,-84.3106747,0.3,0.3,0.0,0
9.699452,nan,35.9305142,-84.3106746,35.9305141,-84.3106746,16.850000381469727,0.011131999339113463,1,0.039984,6,10,1.21,35.9305142,-84.3106746,0.3,0.3,0.0,0
9.799412,nan,35.9305142,-84.3106746,35.9305141,-84.3106746,17.139999389648438,0.011131999339113463,1,0.059976,6,10,1.21,35.9305142,-84.3106746,0.3,0.3,0.0,0
9.899372,nan,35.930514,-84.3106746,35.9305141,-84.3106746,17.420000076293945,0.011132000130089637,1,0.039984,6,10,1.21,35.9305141,-84.3106746,0.3,0.3,0.0,0
9.999332,nan,35.930514,-84.3106746,35.9305141,-84.3106746,17.69999885559082,0.011132000130089637,1,0.059976,6,10,1.21,35.9305141,-84.3106746,0.3,0.3,0.0,0
10.099292,nan,35.930514,-84.3106746,35.9305141,-84.3106746,17.979999542236328,0.011132000130089637,1,0.039984,6,10,1.21,35.930514,-84.3106746,0.3,0.3,0.0,0
10.199252,nan,35.930514,-84.3106746,35.9305141,-84.3106746,18.25,0.011132000130089637,1,0.059976,6,10,1.21,35.930514,-84.3106746,0.3,0.3,0.0,0
10.299212,nan,35.930514,-84.3106746,35.9305141,-84.3106746,18.520000457763672,0.011132000130089637,1,0.039984,6,10,1.21,35.930514,-84.3106746,0.3,0.3,0.0,0
10.400005,nan,35.930514,-84.3106746,35.930514,-84.3106746,18.779998779296875,0.0,1,0.060809,6,10,1.21,35.930514,-84.3106746,0.3,0.3,0.0,0
10.499965,nan,35.930514,-84.3106746,35.930514,-84.3106745,19.03999900817871,0.0090139053800624,1,0.039984,6,10,1.21,35.930514,-84.3106746,0.3,0.3,0.0,0
10.599925,nan,35.930514,-84.3106746,35.930514,-84.3106745,19.28999900817871,0.0090139053800624,1,0.059976,6,10,1.21,35.930514,-84.3106746,0.3,0.3,0.0,0
10.699885,nan,35.930514,-84.3106746,35.930514,-84.3106745,19.53999900817871,0.0090139053800624,1,0.039984,6,10,1.21,35.930514,-84.3106746,0.3,0.3,0.0,0
10.799845,nan,35.930514,-84.3106746,35.930514,-84.3106745,19.779998779296875,0.0090139053800624,1,0.059976,6,10,1.21,35.930514,-84.3106746,0.3,0.3,0.0,0
10.899805,nan,35.930514,-84.3106746,35.930514,-84.3106745,20.010000228881836,0.0090139053800624,1,0.039984,6,10,1.21,35.930514,-84.3106746,0.3,0.3,0.0,0
10.999765,nan,35.930514,-84.3106746,35.930514,-84.3106745,20.25,0.0090139053800624,1,0.059976,6,10,1.21,35.930514,-84.3106746,0.3,0.3,0.0,0
11.099725,nan,35.930514,-84.3106746,35.930514,-84.3106745,20.469999313354492,0.0090139053800624,1,0.039984,6,10,1.21,35.930514,-84.3106746,0.3,0.3,0.0,0
11.199685,nan,35.930514,-84.3106746,35.930514,-84.3106745,20.689998626708984,0.0090139053800624,1,0.059976,6,10,1.21,35.930514,-84.3106746,0.3,0.3,0.0,0
11.299645,nan,35.930514,-84.3106746,35.930514,-84.3106745,20.90999984741211,0.0090139053800624,1,0.039984,6,10,1.21,35.930514,-84.3106746,0.3,0.3,0.0,0
11.399605,nan,35.930514,-84.3106746,35.930514,-84.3106745,21.119998931884766,0.0090139053800624,1,0.059976,6,10,1.21,35.930514,-84.3106746,0.3,0.3,0.0,0
11.499565,nan,35.930514,-84.3106746,35.930514,-84.3106745,21.31999969482422,0.0090139053800624,1,0.039984,6,10,1.21,35.930514,-84.3106746,0.3,0.3,0.0,0
11.599525,nan,35.930514,-84.3106746,35.930514,-84.3106745,21.520000457763672,0.0090139053800624,1,0.059976,6,10,1.21,35.930514,-84.3106746,0.3,0.3,0.0,0
11.699485,nan,35.930514,-84.3106746,35.930514,-84.3106745,21.719999313354492,0.0090139053800624,1,0.039984,6,10,1.21,35.930514,-84.3106746,0.3,0.3,0.0,0
11.799445,nan,35.930514,-84.3106746,35.930514,-84.3106745,21.90999984741211,0.0090139053800624,1,0.059976,6,10,1.21,35.930514,-84.3106746,0.3,0.3,0.0,0
11.899405,nan,35.930514,-84.3106746,35.930514,-84.3106745,22.09000015258789,0.0090139053800624,1,0.039984,6,10,1.21,35.930514,-84.3106746,0.3,0.3,0.0,0
11.999365,nan,35.930514,-84.3106746,35.930514,-84.3106745,22.26999855041504,0.0090139053800624,1,0.059976,6,10,1.21,35.930514,-84.3106746,0.3,0.3,0.0,0
12.099325,nan,35.930514,-84.3106746,35.930514,-84.3106745,22.44999885559082,0.0090139053800624,1,0.039984,6,10,1.21,35.930514,-84.3106746,0.3,0.3,0.0,0
12.199285,nan,35.930514,-84.3106746,35.930514,-84.3106745,22.619998931884766,0.0090139053800624,1,0.059976,6,10,1.21,35.930514,-84.3106746,0.3,0.3,0.0,0
12.299245,nan,35.930514,-84.3106746,35.930514,-84.3106745,22.779998779296875,0.0090139053800624,1,0.039984,6,10,1.21,35.930514,-84.3106746,0.3,0.3,0.0,0
12.399205,nan,35.930514,-84.3106746,35.930514,-84.3106745,22.939998626708984,0.0090139053800624,1,0.059976,6,10,1.21,35.930514,-84.3106746,0.3,0.3,0.0,0
12.499998,nan,35.930514,-84.3106746,35.930514,-84.3106745,23.09000015258789,0.0090139053800624,1,0.039984,6,10,1.21,35.930514,-84.3106746,0.3,0.3,0.0,0
12.599958,nan,35.930514,-84.3106746,35.930514,-84.3106745,23.239999771118164,0.0090139053800624,1,0.059976,6,10,1.21,35.930514,-84.3106746,0.3,0.3,0.0,0
12.699918,nan,35.930514,-84.3106746,35.930514,-84.3106745,23.3799991607666,0.0090139053800624,1,0.039984,6,10,1.21,35.930514,-84.3106746,0.3,0.3,0.0,0
12.799878,nan,35.930514,-84.3106746,35.930514,-84.3106745,23.51999855041504,0.0090139053800624,1,0.059976,6,10,1.21,35.930514,-84.3106746,0.3,0.3,0.0,0
12.899838,nan,35.930514,-84.3106746,35.930514,-84.3106745,23.649999618530273,0.0090139053800624,1,0.039984,6,10,1.21,35.930514,-84.3106746,0.3,0.3,0.0,0
12.999798,nan,35.930514,-84.3106746,35.930514,-84.3106745,23.76999855041504,0.0090139053800624,1,0.059976,6,10,1.21,35.930514,-84.3106746,0.3,0.3,0.0,0
13.099758,nan,35.930514,-84.3106746,35.930514,-84.3106745,23.889999389648438,0.0090139053800624,1,0.039984,6,10,1.21,35.930514,-84.3106746,0.3,0.3,0.0,0
13.199718,nan,35.930514,-84.3106746,35.930514,-84.3106745,24.010000228881836,0.0090139053800624,1,0.059976,6,10,1.21,35.930514,-84.3106746,0.3,0.3,0.0,0
13.299678,nan,35.930514,-84.3106746,35.930514,-84.3106745,24.119998931884766,0.0090139053800624,1,0.039984,6,10,1.21,35.930514,-84.3106746,0.3,0.3,0.0,0
13.399638,nan,35.930514,-84.3106746,35.930514,-84.3106745,24.219999313354492,0.0090139053800624,1,0.059976,6,10,1.21,35.930514,-84.3106746,0.3,0.3,0.0,0
13.499598,nan,35.9305142,-84.3106746,35.930514,-84.3106745,24.31999969482422,0.024019495460028364,1,0.039984,6,10,1.21,35.9305141,-84.3106746,0.3,0.3,0.0,0
13.599558,nan,35.9305142,-84.3106746,35.930514,-84.3106745,24.40999984741211,0.024019495460028364,1,0.059976,6,10,1.21,35.9305141,-84.3106746,0.3,0.3,0.0,0
13.699518,nan,35.9305142,-84.3106746,35.930514,-84.3106745,24.5,0.024019495460028364,1,0.039984,6,10,1.21,35.9305142,-84.3106746,0.3,0.3,0.0,0
13.799478,nan,35.9305142,-84.3106746,35.930514,-84.3106745,24.579999923706055,0.024019495460028364,1,0.059976,6,10,1.21,35.9305142,-84.3106746,0.3,0.3,0.0,0
13.899438,nan,35.9305142,-84.3106746,35.930514,-84.3106745,24.65999984741211,0.024019495460028364,1,0.039984,6,10,1.21,35.9305142,-84.3106746,0.3,0.3,0.0,0
13.999398,nan,35.9305142,-84.3106746,35.930514,-84.3106745,24.729999542236328,0.024019495460028364,1,0.059976,6,10,1.21,35.9305142,-84.3106746,0.3,0.3,0.0,0
14.099358,nan,35.9305142,-84.3106746,35.930514,-84.3106745,24.78999900817871,0.024019495460028364,1,0.039984,6,10,1.21,35.9305142,-84.3106746,0.3,0.3,0.0,0
14.199318,nan,35.9305142,-84.3106746,35.930514,-84.3106745,24.850000381469727,0.024019495460028364,1,0.059976,6,10,1.21,35.9305142,-84.3106746,0.3,0.3,0.0,0
14.299278,nan,35.9305143,-84.3106746,35.930514,-84.3106745,24.899999618530273,0.03459108669614288,1,0.039984,6,10,1.21,35.9305142,-84.3106746,0.3,0.3,0.0,0
14.399238,nan,35.9305143,-84.3106746,35.930514,-84.3106745,24.94999885559082,0.03459108669614288,1,0.059976,6,10,1.21,35.9305142,-84.3106746,0.3,0.3,0.0,0
14.499198,nan,35.9305143,-84.3106748,35.930514,-84.3106745,24.989999771118164,0.04297147035849843,1,0.039984,6,10,1.21,35.9305143,-84.3106747,0.3,0.3,0.0,0
14.599991,nan,35.9305143,-84.3106748,35.930514,-84.3106745,25.01999855041504,0.04297147035849843,1,0.060809,6,10,1.21,35.9305143,-84.3106747,0.3,0.3,0.0,0
14.699951,nan,35.9305143,-84.3106748,35.9305141,-84.3106745,25.03999900817871,0.03502770543298582,1,0.039984,6,10,1.21,35.9305143,-84.3106748,0.3,0.3,0.0,0
14.799911,nan,35.9305143,-84.3106748,35.9305141,-84.3106745,25.059999465942383,0.03502770543298582,1,0.059976,6,10,1.21,35.9305143,-84.3106748,0.3,0.3,0.0,0
14.899871,nan,35.9305143,-84.3106748,35.9305141,-84.3106745,25.059999465942383,0.03502770543298582,1,0.039984,6,10,1.21,35.9305143,-84.3106748,0.3,0.3,0.0,0
14.999831,nan,35.9305143,-84.3106748,35.9305141,-84.3106746,25.059999465942383,0.0286476469694578,1,0.059976,6,10,1.21,35.9305143,-84.3106748,0.3,0.3,0.0,0
15.099791,nan,35.9305143,-84.3106749,35.9305141,-84.3106746,25.059999465942383,0.03502770543298582,1,0.039984,6,10,1.21,35.9305143,-84.3106748,0.3,0.3,0.0,0
15.199751,nan,35.9305143,-84.3106749,35.9305141,-84.3106747,25.049999237060547,0.028647646163360862,1,0.059976,6,10,1.21,35.9305143,-84.3106748,0.3,0.3,0.0,0
15.299711,nan,35.9305143,-84.3106751,35.9305141,-84.3106748,25.049999237060547,0.03502770543298582,1,0.039984,6,10,1.21,35.9305143,-84.310675,0.3,0.3,0.0,0
15.399671,nan,35.9305143,-84.3106753,35.9305141,-84.310675,25.03999900817871,0.03502770543298582,1,0.059976,6,10,1.21,35.9305143,-84.310675,0.3,0.3,0.0,0
15.499631,nan,35.9305143,-84.3106756,35.9305141,-84.3106753,25.03999900817871,0.03502770543298582,1,0.039984,6,10,1.21,35.9305143,-84.3106754,0.3,0.3,0.0,0
15.599591,nan,35.9305143,-84.3106758,35.9305141,-84.3106756,25.029998779296875,0.0286476469694578,1,0.059976,6,10,1.21,35.9305143,-84.3106754,0.3,0.3,0.0,0
15.699551,nan,35.9305143,-84.3106763,35.930514,-84.310676,25.029998779296875,0.04297147035849843,1,0.039984,6,10,1.21,35.9305143,-84.3106761,0.3,0.3,0.0,0
15.799511,nan,35.9305142,-84.3106768,35.930514,-84.3106765,25.029998779296875,0.03502770545939089,1,0.059976,6,10,1.21,35.9305143,-84.3106761,0.3,0.3,0.0,0
15.899471,nan,35.9305142,-84.3106774,35.930514,-84.3106771,25.029998779296875,0.03502770545939089,1,0.039984,6,10,1.21,35.9305142,-84.310677,0.3,0.3,0.0,0
15.999431,nan,35.930514,-84.3106782,35.9305139,-84.3106779,25.029998779296875,0.02924339084273774,1,0.059976,6,10,1.21,35.9305142,-84.310677,0.3,0.3,0.0,0
16.099391,nan,35.9305139,-84.3106789,35.9305138,-84.3106787,25.029998779296875,0.021187813353597616,1,0.039984,6,10,1.21,35.930514,-84.3106785,0.3,0.3,0.0,0
16.199351,nan,35.9305139,-84.3106799,35.9305138,-84.3106796,25.029998779296875,0.029243390874365695,1,0.059976,6,10,1.21,35.930514,-84.3106785,0.3,0.3,0.0,0
16.299311,nan,35.9305138,-84.3106811,35.9305137,-84.3106807,25.029998779296875,0.03773498865848579,1,0.039984,6,10,1.21,35.9305138,-84.3106804,0.3,0.3,0.0,0
16.399271,nan,35.9305137,-84.3106823,35.9305136,-84.310682,25.029998779296875,0.029243390937621617,1,0.059976,6,10,1.21,35.9305138,-84.3106804,0.3,0.3,0.0,0
16.499231,nan,35.9305136,-84.3106837,35.9305135,-84.3106833,25.029998779296875,0.037734989736238324,1,0.039984,6,10,1.21,35.9305137,-84.3106828,0.3,0.3,0.0,0
16.599191,nan,35.9305134,-84.3106853,35.9305133,-84.3106849,25.03999900817871,0.037734990056728965,1,0.059976,6,10,1.21,35.9305137,-84.3106828,0.3,0.3,0.0,0
16.699984,nan,35.9305133,-84.310687,35.9305132,-84.3106866,25.03999900817871,0.03773499010030344,1,0.039984,6,10,1.21,35.9305133,-84.3106859,0.3,0.3,0.0,0
16.799944,nan,35.9305131,-84.3106889,35.930513,-84.3106884,25.03999900817871,0.04642395889072265,1,0.059976,6,10,1.21,35.9305133,-84.3106859,0.3,0.3,0.0,0
16.899904,nan,35.9305128,-84.3106909,35.9305129,-84.3106905,25.03999900817871,0.03773498886088882,1,0.039984,6,10,1.21,35.930513,-84.3106896,0.3,0.3,0.0,0
16.999864,nan,35.9305127,-84.3106932,35.9305126,-84.3106927,25.049999237060547,0.04642395911209034,1,0.059976,6,10,1.21,35.930513,-84.3106896,0.3,0.3,0.0,0
17.099824,nan,35.9305125,-84.3106957,35.9305124,-84.3106951,25.049999237060547,0.05521720259325509,1,0.039984,6,10,1.21,35.9305126,-84.3106941,0.3,0.3,0.0,0
17.199784,nan,35.9305121,-84.3106983,35.9305122,-84.3106977,25.049999237060547,0.055217202861261076,1,0.059976,6,10,1.21,35.9305126,-84.3106941,0.3,0.3,0.0,0
17.299744,nan,35.930512,-84.3107012,35.9305119,-84.3107006,25.049999237060547,0.055217202928262564,1,0.039984,6,10,1.21,35.9305121,-84.3106994,0.3,0.3,0.0,0
17.399704,nan,35.9305116,-84.3107043,35.9305116,-84.3107036,25.059999465942383,0.06309734341866594,1,0.059976,6,10,1.21,35.9305121,-84.3106994,0.3,0.3,0.0,0
17.499664,nan,35.9305114,-84.3107077,35.9305113,-84.3107069,25.059999465942383,0.07296542808741484,1,0.039984,6,10,1.21,35.9305115,-84.3107056,0.3,0.3,0.0,0
17.599624,nan,35.9305109,-84.3107113,35.930511,-84.3107104,25.059999465942383,0.0818853605521685,1,0.059976,6,10,1.21,35.9305115,-84.3107056,0.3,0.3,0.0,0
17.699584,nan,35.9305107,-84.3107151,35.9305107,-84.3107142,25.059999465942383,0.08112515564952114,1,0.039984,6,10,1.21,35.9305109,-84.3107128,0.3,0.3,0.0,0
17.799544,nan,35.9305103,-84.3107193,35.9305103,-84.3107182,25.059999465942383,0.09915297022566336,1,0.059976,6,10,1.21,35.9305109,-84.3107128,0.3,0.3,0.0,0
17.899504,nan,35.93051,-84.3107236,35.93051,-84.3107225,25.059999465942383,0.09915297060189673,1,0.039984,6,10,1.21,35.9305102,-84.3107208,0.3,0.3,0.0,0
17.999464,nan,35.9305096,-84.3107282,35.9305096,-84.310727,25.059999465942383,0.10816687698524804,1,0.059976,6,10,1.21,35.9305102,-84.3107208,0.3,0.3,0.0,0
18.099424,nan,35.9305091,-84.310733,35.9305092,-84.3107317,25.06999969482422,0.11770835770618014,1,0.039984,6,10,1.21,35.9305094,-84.3107299,0.3,0.3,0.0,0
18.199384,nan,35.9305088,-84.3107381,35.9305088,-84.3107367,25.06999969482422,0.12619469002557493,1,0.059976,6,10,1.21,35.9305094,-84.3107299,0.3,0.3,0.0,0
18.299344,nan,35.9305084,-84.3107433,35.9305084,-84.3107419,25.06999969482422,0.12619469194498464,1,0.039984,6,10,1.21,35.9305086,-84.31074,0.3,0.3,0.0,0
18.399304,nan,35.9305078,-84.3107488,35.930508,-84.3107474,25.06999969482422,0.12814361562085066,1,0.059976,6,10,1.21,35.9305086,-84.31074,0.3,0.3,0.0,0
18.499264,nan,35.9305075,-84.3107546,35.9305075,-84.310753,25.06999969482422,0.14422250562376804,1,0.039984,6,10,1.21,35.9305077,-84.310751,0.3,0.3,0.0,0
18.599224,nan,35.930507,-84.3107607,35.930507,-84.310759,25.06999969482422,0.15323641399493512,1,0.059976,6,10,1.21,35.9305077,-84.310751,0.3,0.3,0.0,0
18.699184,nan,35.9305065,-84.3107668,35.9305066,-84.3107652,25.06999969482422,0.14465148834859745,1,0.040817,6,10,1.21,35.9305067,-84.310763,0.3,0.3,0.0,0
18.799977,nan,35.930506,-84.3107735,35.9305061,-84.3107716,25.06999969482422,0.1716256328038359,1,0.059976,6,10,1.21,35.9305067,-84.310763,0.3,0.3,0.0,0
18.899937,nan,35.9305054,-84.3107802,35.9305055,-84.3107783,25.06999969482422,0.17162563410081405,1,0.039984,6,10,1.21,35.9305058,-84.3107759,0.3,0.3,0.0,0
18.999897,nan,35.9305048,-84.3107871,35.930505,-84.3107852,25.06999969482422,0.1727053067255441,1,0.059976,6,10,1.21,35.9305058,-84.3107759,0.3,0.3,0.0,0
19.099857,nan,35.9305043,-84.3107943,35.9305044,-84.3107923,25.06999969482422,0.18062150801935783,1,0.039984,6,10,1.21,35.9305047,-84.3107897,0.3,0.3,0.0,0
19.199817,nan,35.9305037,-84.3108017,35.9305039,-84.3107996,25.06999969482422,0.19059686658349312,1,0.059976,6,10,1.21,35.9305047,-84.3107897,0.3,0.3,0.0,0
19.299777,nan,35.9305031,-84.3108093,35.9305033,-84.310807,25.06999969482422,0.20851189930374192,1,0.039984,6,10,1.21,35.9305036,-84.3108044,0.3,0.3,0.0,0
19.399737,nan,35.9305025,-84.310817,35.9305027,-84.3108147,25.06999969482422,0.20851190086808657,1,0.059976,6,10,1.21,35.9305036,-84.3108044,0.3,0.3,0.0,0
19.499697,nan,35.9305018,-84.3108249,35.930502,-84.3108225,25.06999969482422,0.2174764079472084,1,0.039984,6,10,1.21,35.9305023,-84.3108197,0.3,0.3,0.0,0
19.599657,nan,35.9305012,-84.310833,35.9305014,-84.3108305,25.06999969482422,0.22644483840695148,1,0.059976,6,10,1.21,35.9305023,-84.3108197,0.3,0.3,0.0,0
19.699617,nan,35.9305005,-84.3108412,35.9305008,-84.3108387,25.06999969482422,0.22780885031077858,1,0.039984,6,10,1.21,35.930501,-84.3108359,0.3,0.3,0.0,0
19.799577,nan,35.9304999,-84.3108496,35.9305001,-84.310847,25.06999969482422,0.2354167438365552,1,0.059976,6,10,1.21,35.930501,-84.3108359,0.3,0.3,0.0,0
19.899537,nan,35.9304993,-84.310858,35.9304994,-84.3108556,25.06999969482422,0.2166200053731419,1,0.039984,6,10,1.21,35.9304997,-84.3108526,0.3,0.3,0.0,0
19.999497,nan,35.9304986,-84.3108666,35.9304987,-84.3108642,25.06999969482422,0.21662000728598038,1,0.059976,6,10,1.21,35.9304997,-84.3108526,0.3,0.3,0.0,0
20.099457,nan,35.9304979,-84.3108755,35.930498,-84.3108729,25.06999969482422,0.2346258322869446,1,0.039984,6,10,1.21,35.9304982,-84.3108698,0.3,0.3,0.0,0
20.199417,nan,35.9304972,-84.3108843,35.9304973,-84.3108817,25.06999969482422,0.23462583563910186,1,0.059976,6,10,1.21,35.9304982,-84.3108698,0.3,0.3,0.0,0
20.299377,nan,35.9304964,-84.3108934,35.9304966,-84.3108907,25.06999969482422,0.2443917475248323,1,0.039984,6,10,1.21,35.9304968,-84.3108875,0.3,0.3,0.0,0
20.399337,nan,35.9304957,-84.3109023,35.9304959,-84.3108998,25.06999969482422,0.22644485273263573,1,0.059976,6,10,1.21,35.9304968,-84.3108875,0.3,0.3,0.0,0
20.499297,nan,35.930495,-84.3109116,35.9304951,-84.3109089,25.06999969482422,0.24362997375213458,1,0.039984,6,10,1.21,35.9304954,-84.3109057,0.3,0.3,0.0,0
20.599257,nan,35.9304942,-84.3109209,35.9304944,-84.3109181,25.06999969482422,0.2533695121552187,1,0.059976,6,10,1.21,35.9304954,-84.3109057,0.3,0.3,0.0,0
20.699217,nan,35.9304935,-84.3109302,35.9304936,-84.3109274,25.06999969482422,0.25263480864097493,1,0.039984,6,10,1.21,35.9304939,-84.3109242,0.3,0.3,0.0,0
20.80001,nan,35.9304926,-84.3109396,35.9304929,-84.3109369,25.079999923706055,0.24565613989650267,1,0.060809,6,10,1.21,35.9304939,-84.3109242,0.3,0.3,0.0,0
20.89997,nan,35.930492,-84.3109491,35.9304921,-84.3109463,25.079999923706055,0.2526348134247465,1,0.039984,6,10,1.21,35.9304924,-84.310943,0.3,0.3,0.0,0
20.99993,nan,35.9304912,-84.3109585,35.9304914,-84.3109558,25.079999923706055,0.24439176353734196,1,0.059976,6,10,1.21,35.9304924,-84.310943,0.3,0.3,0.0,0
21.09989,nan,35.9304905,-84.3109681,35.9304906,-84.3109654,25.079999923706055,0.24362998758988894,1,0.039984,6,10,1.21,35.9304909,-84.3109619,0.3,0.3,0.0,0
21.19985,nan,35.9304896,-84.3109777,35.9304898,-84.3109749,25.079999923706055,0.25336952543740854,1,0.059976,6,10,1.21,35.9304909,-84.3109619,0.3,0.3,0.0,0
21.29981,nan,35.9304889,-84.3109874,35.9304891,-84.3109845,25.079999923706055,0.262349765369289,1,0.039984,6,10,1.21,35.9304894,-84.310981,0.3,0.3,0.0,0
21.39977,nan,35.9304882,-84.310997,35.9304883,-84.3109942,25.079999923706055,0.2526348255436338,1,0.059976,6,10,1.21,35.9304894,-84.310981,0.3,0.3,0.0,0
21.49973,nan,35.9304873,-84.3110066,35.9304875,-84.3110038,25.079999923706055,0.2533695340272529,1,0.039984,6,10,1.21,35.9304879,-84.3110003,0.3,0.3,0.0,0
21.59969,nan,35.9304866,-84.3110162,35.9304868,-84.3110133,25.079999923706055,0.26234977287920114,1,0.059976,6,10,1.21,35.9304879,-84.3110003,0.3,0.3,0.0,0
21.69965,nan,35.9304858,-84.3110258,35.930486,-84.311023,25.079999923706055,0.2533695375906579,1,0.039984,6,10,1.21,35.9304863,-84.3110196,0.3,0.3,0.0,0
21.79961,nan,35.9304851,-84.3110355,35.9304852,-84.3110327,25.079999923706055,0.25263483543009374,1,0.059976,6,10,1.21,35.9304863,-84.3110196,0.3,0.3,0.0,0
21.89957,nan,35.9304842,-84.3110452,35.9304845,-84.3110423,25.079999923706055,0.2635280148203653,1,0.039984,6,10,1.21,35.9304848,-84.3110389,0.3,0.3,0.0,0
21.99953,nan,35.9304835,-84.3110547,35.9304837,-84.3110521,25.079999923706055,0.2354167922325536,1,0.059976,6,10,1.21,35.9304848,-84.3110389,0.3,0.3,0.0,0
22.09949,nan,35.9304828,-84.3110645,35.9304829,-84.3110617,25.09000015258789,0.2526348427652086,1,0.039984,6,10,1.21,35.9304832,-84.3110581,0.3,0.3,0.0,0
22.19945,nan,35.930482,-84.3110741,35.9304822,-84.3110713,25.09000015258789,0.2533695509504004,1,0.059976,6,10,1.21,35.9304832,-84.3110581,0.3,0.3,0.0,0
22.29941,nan,35.9304811,-84.3110837,35.9304814,-84.3110809,25.09000015258789,0.2545893514676424,1,0.039984,6,10,1.21,35.9304817,-84.3110773,0.3,0.3,0.0,0
22.39937,nan,35.9304805,-84.3110932,35.9304806,-84.3110904,25.09000015258789,0.25263485010032316,1,0.059976,6,10,1.21,35.9304817,-84.3110773,0.3,0.3,0.0,0
22.49933,nan,35.9304797,-84.3111026,35.9304799,-84.3110999,25.09000015258789,0.2443917987902576,1,0.039984,6,10,1.21,35.9304802,-84.3110964,0.3,0.3,0.0,0
22.59929,nan,35.9304789,-84.311112,35.9304791,-84.3111093,25.09000015258789,0.244391801242634,1,0.059976,6,10,1.21,35.9304802,-84.3110964,0.3,0.3,0.0,0
22.69925,nan,35.9304781,-84.3111213,35.9304784,-84.3111186,25.09000015258789,0.2456561841170524,1,0.039984,6,10,1.21,35.9304786,-84.3111152,0.3,0.3,0.0,0
22.79921,nan,35.9304774,-84.3111306,35.9304776,-84.3111279,25.09000015258789,0.24439180584083955,1,0.059976,6,10,1.21,35.9304786,-84.3111152,0.3,0.3,0.0,0
22.900003,nan,35.9304767,-84.3111397,35.9304769,-84.3111371,25.09000015258789,0.23541681229918146,1,0.039984,6,10,1.21,35.9304771,-84.3111337,0.3,0.3,0.0,0
22.999963,nan,35.930476,-84.3111488,35.9304761,-84.3111462,25.09000015258789,0.234625898410665,1,0.059976,6,10,1.21,35.9304771,-84.3111337,0.3,0.3,0.0,0
23.099923,nan,35.9304753,-84.3111577,35.9304754,-84.3111551,25.100000381469727,0.2346259004833104,1,0.039984,6,10,1.21,35.9304757,-84.3111518,0.3,0.3,0.0,0
23.199883,nan,35.9304744,-84.3111663,35.9304747,-84.3111639,25.100000381469727,0.21889638546327003,1,0.059976,6,10,1.21,35.9304757,-84.3111518,0.3,0.3,0.0,0
23.299843,nan,35.9304738,-84.3111751,35.930474,-84.3111726,25.100000381469727,0.22644491485069584,1,0.039984,6,10,1.21,35.9304743,-84.3111694,0.3,0.3,0.0,0
23.399803,nan,35.9304731,-84.3111835,35.9304733,-84.3111811,25.100000381469727,0.21747648614570123,1,0.059976,6,10,1.21,35.9304743,-84.3111694,0.3,0.3,0.0,0
23.499763,nan,35.9304725,-84.3111919,35.9304726,-84.3111895,25.100000381469727,0.216620078607506,1,0.039984,6,10,1.21,35.9304729,-84.3111864,0.3,0.3,0.0,0
23.599723,nan,35.9304718,-84.3112,35.930472,-84.3111977,25.100000381469727,0.2085119809948138,1,0.059976,6,10,1.21,35.9304729,-84.3111864,0.3,0.3,0.0,0
23.699683,nan,35.9304711,-84.3112079,35.9304713,-84.3112056,25.100000381469727,0.20851198281988118,1,0.039984,6,10,1.21,35.9304715,-84.3112027,0.3,0.3,0.0,0
23.799643,nan,35.9304705,-84.3112158,35.9304707,-84.3112135,25.09000015258789,0.2085119843842246,1,0.059976,6,10,1.21,35.9304715,-84.3112027,0.3,0.3,0.0,0
23.899603,nan,35.9304699,-84.3112234,35.9304701,-84.3112211,25.09000015258789,0.208511985948568,1,0.039984,6,10,1.21,35.9304702,-84.3112184,0.3,0.3,0.0,0
23.999563,nan,35.9304693,-84.3112307,35.9304695,-84.3112285,25.09000015258789,0.19955192808951133,1,0.059976,6,10,1.21,35.9304702,-84.3112184,0.3,0.3,0.0,0
24.099523,nan,35.9304687,-84.3112379,35.9304689,-84.3112358,25.09000015258789,0.1905969486274115,1,0.039984,6,10,1.21,35.930469,-84.3112332,0.3,0.3,0.0,0
24.199483,nan,35.9304681,-84.3112448,35.9304683,-84.3112427,25.09000015258789,0.1905969513262875,1,0.059976,6,10,1.21,35.930469,-84.3112332,0.3,0.3,0.0,0
24.299443,nan,35.9304676,-84.3112515,35.9304677,-84.3112495,25.09000015258789,0.18062159159239116,1,0.039984,6,10,1.21,35.9304679,-84.3112471,0.3,0.3,0.0,0
24.399403,nan,35.930467,-84.3112579,35.9304672,-84.3112559,25.09000015258789,0.18164780241814635,1,0.059976,6,10,1.21,35.9304679,-84.3112471,0.3,0.3,0.0,0
24.499363,nan,35.9304665,-84.3112641,35.9304667,-84.3112621,25.09000015258789,0.18164780472399847,1,0.039984,6,10,1.21,35.9304669,-84.3112599,0.3,0.3,0.0,0
24.599323,nan,35.930466,-84.3112699,35.9304663,-84.311268,25.09000015258789,0.17448999649533983,1,0.059976,6,10,1.21,35.9304669,-84.3112599,0.3,0.3,0.0,0
24.699283,nan,35.9304657,-84.3112754,35.9304658,-84.3112736,25.079999923706055,0.16263183982922685,1,0.039984,6,10,1.21,35.9304659,-84.3112717,0.3,0.3,0.0,0
24.799243,nan,35.9304653,-84.3112807,35.9304654,-84.3112789,25.079999923706055,0.16263184064817346,1,0.059976,6,10,1.21,35.9304659,-84.3112717,0.3,0.3,0.0,0
24.899203,nan,35.9304648,-84.3112855,35.9304651,-84.3112839,25.079999923706055,0.1480386651692739,1,0.039984,6,10,1.21,35.9304651,-84.3112823,0.3,0.3,0.0,0
24.999996,nan,35.9304647,-84.3112903,35.9304648,-84.3112886,25.079999923706055,0.15364031087897603,1,0.060809,6,10,1.21,35.9304651,-84.3112823,0.3,0.3,0.0,0
25.099956,nan,35.9304644,-84.3112945,35.9304646,-84.311293,25.079999923706055,0.1370294531070937,1,0.039984,6,10,1.21,35.9304645,-84.3112915,0.3,0.3,0.0,0
25.199916,nan,35.9304643,-84.3112984,35.9304645,-84.311297,25.079999923706055,0.12814368399698026,1,0.059976,6,10,1.21,35.9304645,-84.3112915,0.3,0.3,0.0,0
25.299876,nan,35.9304641,-84.311302,35.9304644,-84.3113006,25.079999923706055,0.13053892488655797,1,0.039984,6,10,1.21,35.9304643,-84.3112994,0.3,0.3,0.0,0
25.399836,nan,35.9304641,-84.3113051,35.9304644,-84.3113038,25.079999923706055,0.1218468073737665,1,0.059976,6,10,1.21,35.9304643,-84.3112994,0.3,0.3,0.0,0
25.499796,nan,35.9304643,-84.3113079,35.9304644,-84.3113067,25.079999923706055,0.10873825504904996,1,0.039984,6,10,1.21,35.9304643,-84.3113059,0.3,0.3,0.0,0
25.599756,nan,35.9304644,-84.3113103,35.9304646,-84.3113091,25.079999923706055,0.11043447089656436,1,0.059976,6,10,1.21,35.9304643,-84.3113059,0.3,0.3,0.0,0
25.699716,nan,35.9304646,-84.3113122,35.9304648,-84.3113112,25.079999923706055,0.0928479714630797,1,0.039984,6,10,1.21,35.9304645,-84.3113108,0.3,0.3,0.0,0
25.799676,nan,35.930465,-84.3113137,35.9304651,-84.3113129,25.079999923706055,0.07296546991251354,1,0.059976,6,10,1.21,35.9304645,-84.3113108,0.3,0.3,0.0,0
25.899636,nan,35.9304654,-84.3113149,35.9304655,-84.3113141,25.09000015258789,0.07296546943127702,1,0.039984,6,10,1.21,35.9304652,-84.311314,0.3,0.3,0.0,0
25.999596,nan,35.9304659,-84.3113158,35.9304661,-84.311315,25.09000015258789,0.07547002127584496,1,0.059976,6,10,1.21,35.9304652,-84.311314,0.3,0.3,0.0,0
26.099556,nan,35.9304666,-84.3113161,35.9304667,-84.3113155,25.09000015258789,0.055217233187461044,1,0.039984,6,10,1.21,35.9304663,-84.3113157,0.3,0.3,0.0,0
26.199516,nan,35.9304675,-84.3113161,35.9304675,-84.3113156,25.09000015258789,0.04506955596955548,1,0.059976,6,10,1.21,35.9304663,-84.3113157,0.3,0.3,0.0,0
26.299476,nan,35.9304683,-84.3113158,35.9304684,-84.3113152,25.09000015258789,0.05521723346255277,1,0.039984,6,10,1.21,35.9304678,-84.3113159,0.3,0.3,0.0,0
26.399436,nan,35.9304695,-84.3113149,35.9304694,-84.3113146,25.09000015258789,0.029243404917173033,1,0.059976,6,10,1.21,35.9304678,-84.3113159,0.3,0.3,0.0,0
26.499396,nan,35.9304706,-84.3113137,35.9304705,-84.3113135,25.09000015258789,0.021187821754346015,1,0.039984,6,10,1.21,35.9304699,-84.3113144,0.3,0.3,0.0,0
26.599356,nan,35.9304719,-84.3113123,35.9304718,-84.3113121,25.09000015258789,0.021187821502129656,1,0.059976,6,10,1.21,35.9304699,-84.3113144,0.3,0.3,0.0,0
26.699316,nan,35.9304732,-84.3113103,35.9304731,-84.3113103,25.09000015258789,0.011132000130089637,1,0.039984,6,10,1.21,35.9304724,-84.3113114,0.3,0.3,0.0,0
26.799276,nan,35.9304748,-84.311308,35.9304746,-84.3113081,25.09000015258789,0.024019498359636748,1,0.059976,6,10,1.21,35.9304724,-84.3113114,0.3,0.3,0.0,0
26.899236,nan,35.9304765,-84.3113055,35.9304763,-84.3113055,25.09000015258789,0.0222639994692031,1,0.039984,6,10,1.21,35.9304754,-84.311307,0.3,0.3,0.0,0
26.999196,nan,35.9304781,-84.3113025,35.930478,-84.3113027,25.09000015258789,0.02118782029925156,1,0.059976,6,10,1.21,35.9304754,-84.311307,0.3,0.3,0.0,0
27.099989,nan,35.93048,-84.3112993,35.9304799,-84.3112995,25.09000015258789,0.021187819930627596,1,0.039984,6,10,1.21,35.9304789,-84.3113012,0.3,0.3,0.0,0
27.199949,nan,35.9304821,-84.3112957,35.9304818,-84.3112961,25.09000015258789,0.04914572073173476,1,0.059976,6,10,1.21,35.9304789,-84.3113012,0.3,0.3,0.0,0
27.299909,nan,35.9304841,-84.3112919,35.9304839,-84.3112924,25.09000015258789,0.050268774899604074,1,0.039984,6,10,1.21,35.9304829,-84.3112943,0.3,0.3,0.0,0
27.399869,nan,35.9304864,-84.3112879,35.9304861,-84.3112884,25.09000015258789,0.056094177000603256,1,0.059976,6,10,1.21,35.9304829,-84.3112943,0.3,0.3,0.0,0
27.499829,nan,35.9304887,-84.3112836,35.9304883,-84.3112842,25.09000015258789,0.07005542587702254,1,0.039984,6,10,1.21,35.9304872,-84.3112863,0.3,0.3,0.0,0
27.599789,nan,35.9304911,-84.3112792,35.9304907,-84.3112798,25.09000015258789,0.07005542362067183,1,0.059976,6,10,1.21,35.9304872,-84.3112863,0.3,0.3,0.0,0
27.699749,nan,35.9304935,-84.3112745,35.9304931,-84.3112752,25.09000015258789,0.07722706345113242,1,0.039984,6,10,1.21,35.9304919,-84.3112774,0.3,0.3,0.0,0
27.799709,nan,35.930496,-84.3112697,35.9304956,-84.3112705,25.09000015258789,0.08475126689012498,1,0.059976,6,10,1.21,35.9304919,-84.3112774,0.3,0.3,0.0,0
27.899669,nan,35.9304986,-84.3112647,35.9304982,-84.3112655,25.09000015258789,0.08475126487239303,1,0.039984,6,10,1.21,35.9304969,-84.3112678,0.3,0.3,0.0,0
27.999629,nan,35.9305012,-84.3112594,35.9305008,-84.3112604,25.09000015258789,0.10053753231990332,1,0.059976,6,10,1.21,35.9304969,-84.3112678,0.3,0.3,0.0,0
28.099589,nan,35.9305041,-84.3112541,35.9305036,-84.3112552,25.09000015258789,0.1137072936572381,1,0.039984,6,10,1.21,35.9305023,-84.3112576,0.3,0.3,0.0,0
28.199549,nan,35.9305069,-84.3112488,35.9305064,-84.3112498,25.09000015258789,0.10593907205294911,1,0.059976,6,10,1.21,35.9305023,-84.3112576,0.3,0.3,0.0,0
28.299509,nan,35.9305098,-84.3112431,35.9305094,-84.3112442,25.09000015258789,0.10869247655316895,1,0.039984,6,10,1.21,35.930508,-84.3112467,0.3,0.3,0.0,0
28.399469,nan,35.930513,-84.3112374,35.9305125,-84.3112386,25.09000015258789,0.1216474736885129,1,0.059976,6,10,1.21,35.930508,-84.3112467,0.3,0.3,0.0,0
28.499429,nan,35.9305161,-84.3112316,35.9305156,-84.3112327,25.09000015258789,0.11370728053419013,1,0.039984,6,10,1.21,35.9305141,-84.3112354,0.3,0.3,0.0,0
28.599389,nan,35.9305194,-84.3112257,35.9305188,-84.3112268,25.09000015258789,0.11955116270462501,1,0.059976,6,10,1.21,35.9305141,-84.3112354,0.3,0.3,0.0,0
28.699349,nan,35.9305227,-84.3112196,35.9305222,-84.3112207,25.09000015258789,0.11370727331651234,1,0.039984,6,10,1.21,35.9305205,-84.3112234,0.3,0.3,0.0,0
28.799309,nan,35.9305261,-84.3112132,35.9305256,-84.3112144,25.09000015258789,0.1216474577522252,1,0.059976,6,10,1.21,35.9305205,-84.3112234,0.3,0.3,0.0,0
28.899269,nan,35.9305297,-84.3112069,35.9305291,-84.311208,25.09000015258789,0.11955115092888287,1,0.039984,6,10,1.21,35.9305274,-84.3112109,0.3,0.3,0.0,0
28.999229,nan,35.9305333,-84.3112003,35.9305327,-84.3112014,25.09000015258789,0.1195511482468031,1,0.059976,6,10,1.21,35.9305274,-84.3112109,0.3,0.3,0.0,0
29.099189,nan,35.930537,-84.3111936,35.9305364,-84.3111947,25.09000015258789,0.11955114439831745,1,0.040817,6,10,1.21,35.9305346,-84.3111979,0.3,0.3,0.0,0
29.199982,nan,35.9305407,-84.3111866,35.9305402,-84.3111878,25.09000015258789,0.12164743999116644,1,0.059976,6,10,1.21,35.9305346,-84.3111979,0.3,0.3,0.0,0
29.299942,nan,35.9305447,-84.3111797,35.930544,-84.3111809,25.09000015258789,0.13331246259375656,1,0.039984,6,10,1.21,35.9305422,-84.3111842,0.3,0.3,0.0,0
29.399902,nan,35.9305486,-84.3111725,35.9305479,-84.3111738,25.09000015258789,0.14072481096570108,1,0.059976,6,10,1.21,35.9305422,-84.3111842,0.3,0.3,0.0,0
29.499862,nan,35.9305526,-84.3111653,35.9305518,-84.3111666,25.09000015258789,0.14718115462539766,1,0.039984,6,10,1.21,35.9305499,-84.3111701,0.3,0.3,0.0,0
29.599822,nan,35.9305566,-84.3111581,35.9305559,-84.3111593,25.09000015258789,0.13331244938398465,1,0.059976,6,10,1.21,35.9305499,-84.3111701,0.3,0.3,0.0,0
29.699782,nan,35.9305607,-84.3111505,35.93056,-84.3111519,25.09000015258789,0.1483146284110912,1,0.039984,6,10,1.21,35.9305581,-84.3111554,0.3,0.3,0.0,0
29.799742,nan,35.930565,-84.311143,35.9305641,-84.3111444,25.09000015258789,0.16112949107450553,1,0.059976,6,10,1.21,35.9305581,-84.3111554,0.3,0.3,0.0,0
29.899702,nan,35.9305692,-84.3111354,35.9305683,-84.3111369,25.09000015258789,0.16828241817293108,1,0.039984,6,10,1.21,35.9305664,-84.3111403,0.3,0.3,0.0,0
29.999662,nan,35.9305735,-84.3111275,35.9305725,-84.3111291,25.09000015258789,0.18218737410742003,1,0.059976,6,10,1.21,35.9305664,-84.3111403,0.3,0.3,0.0,0
30.099622,nan,35.9305778,-84.3111196,35.9305768,-84.3111213,25.09000015258789,0.1894030069258528,1,0.039984,6,10,1.21,35.930575,-84.3111248,0.3,0.3,0.0,0
30.199582,nan,35.9305823,-84.3111117,35.9305812,-84.3111134,25.09000015258789,0.19615260924358166,1,0.059976,6,10,1.21,35.930575,-84.3111248,0.3,0.3,0.0,0
30.299542,nan,35.9305868,-84.3111036,35.9305857,-84.3111054,25.09000015258789,0.20327224586101103,1,0.039984,6,10,1.21,35.9305838,-84.3111088,0.3,0.3,0.0,0
30.399502,nan,35.9305912,-84.3110954,35.9305901,-84.3110973,25.09000015258789,0.2105370880831262,1,0.059976,6,10,1.21,35.9305838,-84.3111088,0.3,0.3,0.0,0
30.499462,nan,35.9305958,-84.3110873,35.9305947,-84.3110891,25.09000015258789,0.20327223111867693,1,0.039984,6,10,1.21,35.9305928,-84.3110926,0.3,0.3,0.0,0
30.599422,nan,35.9306003,-84.3110789,35.9305992,-84.3110809,25.09000015258789,0.21793260676489334,1,0.059976,6,10,1.21,35.9305928,-84.3110926,0.3,0.3,0.0,0
30.699382,nan,35.930605,-84.3110707,35.9306038,-84.3110726,25.09000015258789,0.21720047882670424,1,0.039984,6,10,1.21,35.9306019,-84.311076,0.3,0.3,0.0,0
30.799342,nan,35.9306097,-84.3110623,35.9306084,-84.3110643,25.09000015258789,0.23117707884604077,1,0.059976,6,10,1.21,35.9306019,-84.311076,0.3,0.3,0.0,0
30.899302,nan,35.9306142,-84.3110538,35.930613,-84.3110559,25.09000015258789,0.23168095470080277,1,0.039984,6,10,1.21,35.9306112,-84.3110592,0.3,0.3,0.0,0
30.999262,nan,35.930619,-84.3110454,35.9306177,-84.3110474,25.09000015258789,0.23117706330802215,1,0.059976,6,10,1.21,35.9306112,-84.3110592,0.3,0.3,0.0,0
31.099222,nan,35.9306238,-84.3110368,35.9306224,-84.311039,25.09000015258789,0.25221762781377316,1,0.039984,6,10,1.21,35.9306207,-84.3110423,0.3,0.3,0.0,0
31.199182,nan,35.9306285,-84.3110282,35.9306271,-84.3110305,25.09000015258789,0.2593645871466024,1,0.059976,6,10,1.21,35.9306207,-84.3110423,0.3,0.3,0.0,0
31.299975,nan,35.9306332,-84.3110197,35.9306319,-84.3110219,25.09000015258789,0.24549509962111485,1,0.039984,6,10,1.21,35.9306301,-84.3110252,0.3,0.3,0.0,0
31.399935,nan,35.930638,-84.3110111,35.9306366,-84.3110133,25.09000015258789,0.2522175998100816,1,0.059976,6,10,1.21,35.9306301,-84.3110252,0.3,0.3,0.0,0
31.499895,nan,35.9306428,-84.3110026,35.9306413,-84.3110048,25.09000015258789,0.2592439675899282,1,0.039984,6,10,1.21,35.9306396,-84.3110081,0.3,0.3,0.0,0
31.599855,nan,35.9306475,-84.3109939,35.9306461,-84.3109962,25.09000015258789,0.2593645477968988,1,0.059976,6,10,1.21,35.9306396,-84.3110081,0.3,0.3,0.0,0
31.699815,nan,35.9306523,-84.3109853,35.9306508,-84.3109876,25.09000015258789,0.2662023375471141,1,0.039984,6,10,1.21,35.9306492,-84.310991,0.3,0.3,0.0,0
31.799775,nan,35.9306571,-84.3109767,35.9306556,-84.310979,25.09000015258789,0.2662023277444941,1,0.059976,6,10,1.21,35.9306492,-84.310991,0.3,0.3,0.0,0
31.899735,nan,35.9306618,-84.3109681,35.9306604,-84.3109704,25.09000015258789,0.2593645178233452,1,0.039984,6,10,1.21,35.9306587,-84.3109737,0.3,0.3,0.0,0
31.999695,nan,35.9306666,-84.3109595,35.9306651,-84.3109618,25.09000015258789,0.26620230883962626,1,0.059976,6,10,1.21,35.9306587,-84.3109737,0.3,0.3,0.0,0
32.099655,nan,35.9306714,-84.3109508,35.9306699,-84.3109532,25.09000015258789,0.27328084835539623,1,0.039984,6,10,1.21,35.9306684,-84.3109564,0.3,0.3,0.0,0
32.199615,nan,35.9306763,-84.310942,35.9306748,-84.3109445,25.09000015258789,0.2804704525600994,1,0.059976,6,10,1.21,35.9306684,-84.3109564,0.3,0.3,0.0,0
32.299575,nan,35.9306811,-84.3109334,35.9306796,-84.3109358,25.09000015258789,0.27328082734461234,1,0.039984,6,10,1.21,35.930678,-84.310939,0.3,0.3,0.0,0
32.399535,nan,35.930686,-84.3109247,35.9306845,-84.3109271,25.079999923706055,0.27328081673091587,1,0.059976,6,10,1.21,35.930678,-84.310939,0.3,0.3,0.0,0
32.499495,nan,35.9306908,-84.3109159,35.9306893,-84.3109184,25.079999923706055,0.2804704193539752,1,0.039984,6,10,1.21,35.9306876,-84.3109217,0.3,0.3,0.0,0
32.599455,nan,35.9306956,-84.3109073,35.9306941,-84.3109096,25.079999923706055,0.26620224961543415,1,0.059976,6,10,1.21,35.9306876,-84.3109217,0.3,0.3,0.0,0
32.699415,nan,35.9307005,-84.3108984,35.930699,-84.3109009,25.079999923706055,0.2804703961110241,1,0.039984,6,10,1.21,35.9306973,-84.3109042,0.3,0.3,0.0,0
32.799375,nan,35.9307054,-84.3108898,35.9307039,-84.3108922,25.079999923706055,0.2732807747093323,1,0.059976,6,10,1.21,35.9306973,-84.3109042,0.3,0.3,0.0,0
32.899335,nan,35.9307102,-84.310881,35.9307087,-84.3108834,25.079999923706055,0.273280764312237,1,0.039984,6,10,1.21,35.930707,-84.3108867,0.3,0.3,0.0,0
32.999295,nan,35.9307151,-84.3108721,35.9307136,-84.3108746,25.079999923706055,0.2804703637050701,1,0.059976,6,10,1.21,35.930707,-84.3108867,0.3,0.3,0.0,0
33.099255,nan,35.93072,-84.3108635,35.9307185,-84.3108659,25.079999923706055,0.27328074308483113,1,0.039984,6,10,1.21,35.9307168,-84.310869,0.3,0.3,0.0,0
33.199215,nan,35.9307249,-84.3108546,35.9307234,-84.3108571,25.079999923706055,0.2804703412622943,1,0.059976,6,10,1.21,35.9307168,-84.310869,0.3,0.3,0.0,0
33.300008,nan,35.9307298,-84.3108458,35.9307283,-84.3108482,25.079999923706055,0.27328072185742125,1,0.039984,6,10,1.21,35.9307266,-84.3108515,0.3,0.3,0.0,0
33.399968,nan,35.9307346,-84.3108369,35.9307332,-84.3108394,25.079999923706055,0.2739888291927378,1,0.059976,6,10,1.21,35.9307266,-84.3108515,0.3,0.3,0.0,0
33.499928,nan,35.9307395,-84.3108282,35.9307381,-84.3108306,25.079999923706055,0.2666244927054598,1,0.039984,6,10,1.21,35.9307364,-84.3108339,0.3,0.3,0.0,0
33.599888,nan,35.9307444,-84.3108192,35.930743,-84.3108217,25.079999923706055,0.27398880621904603,1,0.059976,6,10,1.21,35.9307364,-84.3108339,0.3,0.3,0.0,0
33.699848,nan,35.9307495,-84.3108105,35.9307479,-84.3108129,25.079999923706055,0.28022115111667195,1,0.039984,6,10,1.21,35.9307462,-84.3108162,0.3,0.3,0.0,0
33.799808,nan,35.9307544,-84.3108015,35.9307529,-84.310804,25.079999923706055,0.2804702732340196,1,0.059976,6,10,1.21,35.9307462,-84.3108162,0.3,0.3,0.0,0
33.899768,nan,35.9307593,-84.3107928,35.9307578,-84.3107952,25.079999923706055,0.27328065747525865,1,0.039984,6,10,1.21,35.930756,-84.3107985,0.3,0.3,0.0,0
33.999728,nan,35.9307643,-84.3107838,35.9307627,-84.3107863,25.079999923706055,0.28723705476729217,1,0.059976,6,10,1.21,35.930756,-84.3107985,0.3,0.3,0.0,0
34.099688,nan,35.9307692,-84.3107751,35.9307676,-84.3107775,25.079999923706055,0.28022110950209733,1,0.039984,6,10,1.21,35.9307659,-84.3107808,0.3,0.3,0.0,0
34.199648,nan,35.9307741,-84.3107661,35.9307726,-84.3107686,25.079999923706055,0.28047022859033427,1,0.059976,6,10,1.21,35.9307659,-84.3107808,0.3,0.3,0.0,0
34.299608,nan,35.930779,-84.3107572,35.9307775,-84.3107597,25.079999923706055,0.2804702173689339,1,0.039984,6,10,1.21,35.9307758,-84.3107631,0.3,0.3,0.0,0
34.399568,nan,35.9307839,-84.3107484,35.9307825,-84.3107508,25.079999923706055,0.2666243941312885,1,0.059976,6,10,1.21,35.9307758,-84.3107631,0.3,0.3,0.0,0
34.499528,nan,35.930789,-84.3107395,35.9307875,-84.3107419,25.079999923706055,0.2732805931431489,1,0.039984,6,10,1.21,35.9307857,-84.3107452,0.3,0.3,0.0,0
34.599488,nan,35.930794,-84.3107306,35.9307925,-84.310733,25.079999923706055,0.2732805823128237,1,0.059976,6,10,1.21,35.9307857,-84.3107452,0.3,0.3,0.0,0
34.699448,nan,35.9307989,-84.3107217,35.9307974,-84.310724,25.079999923706055,0.2662020371607497,1,0.039984,6,10,1.21,35.9307957,-84.3107275,0.3,0.3,0.0,0
34.799408,nan,35.9308039,-84.3107127,35.9308024,-84.3107151,25.09000015258789,0.2732805613520794,1,0.059976,6,10,1.21,35.9307957,-84.3107275,0.3,0.3,0.0,0
34.899368,nan,35.9308088,-84.3107038,35.9308074,-84.3107062,25.09000015258789,0.2666243388497898,1,0.039984,6,10,1.21,35.9308056,-84.3107096,0.3,0.3,0.0,0
34.999328,nan,35.9308138,-84.310695,35.9308124,-84.3106973,25.09000015258789,0.2593641992228177,1,0.059976,6,10,1.21,35.9308056,-84.3107096,0.3,0.3,0.0,0
35.099288,nan,35.9308189,-84.3106861,35.9308174,-84.3106883,25.09000015258789,0.25924362822734137,1,0.039984,6,10,1.21,35.9308156,-84.3106918,0.3,0.3,0.0,0
35.199248,nan,35.9308238,-84.310677,35.9308224,-84.3106794,25.09000015258789,0.266624305547669,1,0.059976,6,10,1.21,35.9308156,-84.3106918,0.3,0.3,0.0,0
35.299208,nan,35.9308288,-84.3106682,35.9308274,-84.3106704,25.09000015258789,0.2522172245415268,1,0.039984,6,10,1.21,35.9308256,-84.3106739,0.3,0.3,0.0,0
35.400001,nan,35.9308338,-84.3106591,35.9308324,-84.3106614,25.09000015258789,0.2593641573016253,1,0.060809,6,10,1.21,35.9308256,-84.3106739,0.3,0.3,0.0,0
35.499961,nan,35.9308389,-84.3106502,35.9308374,-84.3106525,25.09000015258789,0.2662019564696008,1,0.039984,6,10,1.21,35.9308355,-84.310656,0.3,0.3,0.0,0
35.599921,nan,35.9308439,-84.3106411,35.9308424,-84.3106435,25.09000015258789,0.27328047422612123,1,0.059976,6,10,1.21,35.9308355,-84.310656,0.3,0.3,0.0,0
35.699881,nan,35.9308489,-84.3106323,35.9308474,-84.3106345,25.09000015258789,0.25924357215721566,1,0.039984,6,10,1.21,35.9308456,-84.3106381,0.3,0.3,0.0,0
35.799841,nan,35.9308538,-84.3106233,35.9308524,-84.3106255,25.09000015258789,0.25221717423191115,1,0.059976,6,10,1.21,35.9308456,-84.3106381,0.3,0.3,0.0,0
35.899801,nan,35.9308588,-84.3106143,35.9308574,-84.3106166,25.09000015258789,0.25936410490011186,1,0.039984,6,10,1.21,35.9308556,-84.3106201,0.3,0.3,0.0,0
35.999761,nan,35.9308639,-84.3106054,35.9308625,-84.3106076,25.09000015258789,0.25221715382495147,1,0.059976,6,10,1.21,35.9308556,-84.3106201,0.3,0.3,0.0,0
36.099721,nan,35.9308689,-84.3105964,35.9308675,-84.3105986,25.09000015258789,0.2522171454603469,1,0.039984,6,10,1.21,35.9308657,-84.3106022,0.3,0.3,0.0,0
36.199681,nan,35.9308739,-84.3105874,35.9308725,-84.3105897,25.09000015258789,0.25936407222567875,1,0.059976,6,10,1.21,35.9308657,-84.3106022,0.3,0.3,0.0,0
36.299641,nan,35.930879,-84.3105784,35.9308775,-84.3105806,25.09000015258789,0.2592435129165602,1,0.039984,6,10,1.21,35.9308757,-84.3105842,0.3,0.3,0.0,0
36.399601,nan,35.930884,-84.3105693,35.9308825,-84.3105716,25.09000015258789,0.2662018643654535,1,0.059976,6,10,1.21,35.9308757,-84.3105842,0.3,0.3,0.0,0
36.499561,nan,35.930889,-84.3105604,35.9308876,-84.3105626,25.09000015258789,0.2522171048139881,1,0.039984,6,10,1.21,35.9308857,-84.3105662,0.3,0.3,0.0,0
36.599521,nan,35.930894,-84.3105514,35.9308926,-84.3105535,25.09000015258789,0.24519324069975257,1,0.059976,6,10,1.21,35.9308857,-84.3105662,0.3,0.3,0.0,0
36.699481,nan,35.9308991,-84.3105424,35.9308977,-84.3105445,25.09000015258789,0.24519323077032154,1,0.039984,6,10,1.21,35.9308958,-84.3105482,0.3,0.3,0.0,0
36.799441,nan,35.9309041,-84.3105334,35.9309027,-84.3105355,25.09000015258789,0.2451932220312359,1,0.059976,6,10,1.21,35.9308958,-84.3105482,0.3,0.3,0.0,0
36.899401,nan,35.9309091,-84.3105243,35.9309078,-84.3105265,25.09000015258789,0.24549454062032988,1,0.039984,6,10,1.21,35.9309058,-84.3105301,0.3,0.3,0.0,0
36.999361,nan,35.9309141,-84.3105152,35.9309128,-84.3105174,25.09000015258789,0.24549453048980557,1,0.059976,6,10,1.21,35.9309058,-84.3105301,0.3,0.3,0.0,0
37.099321,nan,35.9309192,-84.3105063,35.9309178,-84.3105084,25.09000015258789,0.24519319361811776,1,0.039984,6,10,1.21,35.9309159,-84.3105121,0.3,0.3,0.0,0
37.199281,nan,35.9309243,-84.3104973,35.9309229,-84.3104994,25.09000015258789,0.24519318469419177,1,0.059976,6,10,1.21,35.9309159,-84.3105121,0.3,0.3,0.0,0
37.299241,nan,35.9309292,-84.3104882,35.9309279,-84.3104903,25.09000015258789,0.23827256427895127,1,0.039984,6,10,1.21,35.930926,-84.310494,0.3,0.3,0.0,0
37.399201,nan,35.9309342,-84.3104792,35.930933,-84.3104813,25.09000015258789,0.23168032872646904,1,0.059976,6,10,1.21,35.930926,-84.310494,0.3,0.3,0.0,0
37.499994,nan,35.9309394,-84.31047,35.9309381,-84.3104721,25.09000015258789,0.2382725448779903,1,0.039984,6,10,1.21,35.9309361,-84.3104759,0.3,0.3,0.0,0
37.599954,nan,35.9309444,-84.3104609,35.9309431,-84.3104631,25.09000015258789,0.24549447013352613,1,0.059976,6,10,1.21,35.9309361,-84.3104759,0.3,0.3,0.0,0
37.699914,nan,35.9309494,-84.310452,35.9309482,-84.310454,25.09000015258789,0.22437586069895585,1,0.039984,6,10,1.21,35.9309462,-84.3104578,0.3,0.3,0.0,0
37.799874,nan,35.9309546,-84.3104429,35.9309532,-84.310445,25.09000015258789,0.24519312868859877,1,0.059976,6,10,1.21,35.9309462,-84.3104578,0.3,0.3,0.0,0
37.899834,nan,35.9309596,-84.3104338,35.9309583,-84.3104359,25.09000015258789,0.23827250645646805,1,0.039984,6,10,1.21,35.9309563,-84.3104397,0.3,0.3,0.0,0
37.999794,nan,35.9309646,-84.3104247,35.9309633,-84.3104268,25.09000015258789,0.23827249694618796,1,0.059976,6,10,1.21,35.9309563,-84.3104397,0.3,0.3,0.0,0
38.099754,nan,35.9309698,-84.3104158,35.9309684,-84.3104178,25.09000015258789,0.23830321907351382,1,0.039984,6,10,1.21,35.9309664,-84.3104216,0.3,0.3,0.0,0
38.199714,nan,35.9309748,-84.3104067,35.9309735,-84.3104087,25.09000015258789,0.23117642963566112,1,0.059976,6,10,1.21,35.9309664,-84.3104216,0.3,0.3,0.0,0
38.299674,nan,35.9309798,-84.3103977,35.9309785,-84.3103997,25.09000015258789,0.23117642174368547,1,0.039984,6,10,1.21,35.9309765,-84.3104035,0.3,0.3,0.0,0
38.399634,nan,35.9309849,-84.3103886,35.9309836,-84.3103906,25.09000015258789,0.23117641267497824,1,0.059976,6,10,1.21,35.9309765,-84.3104035,0.3,0.3,0.0,0
38.499594,nan,35.93099,-84.3103795,35.9309886,-84.3103815,25.09000015258789,0.23830318519757357,1,0.039984,6,10,1.21,35.9309867,-84.3103854,0.3,0.3,0.0,0
38.599554,nan,35.930995,-84.3103704,35.9309937,-84.3103725,25.09000015258789,0.23827243912366503,1,0.059976,6,10,1.21,35.9309867,-84.3103854,0.3,0.3,0.0,0
38.699514,nan,35.9310001,-84.3103613,35.9309988,-84.3103633,25.09000015258789,0.23117638564666912,1,0.039984,6,10,1.21,35.9309968,-84.3103673,0.3,0.3,0.0,0
38.799474,nan,35.9310052,-84.3103522,35.9310039,-84.3103542,25.09000015258789,0.23117637657795836,1,0.059976,6,10,1.21,35.9309968,-84.3103673,0.3,0.3,0.0,0
38.899434,nan,35.9310102,-84.3103431,35.931009,-84.3103451,25.09000015258789,0.2243757503381272,1,0.039984,6,10,1.21,35.9310069,-84.3103491,0.3,0.3,0.0,0
38.999394,nan,35.9310154,-84.3103342,35.931014,-84.3103361,25.09000015258789,0.2315591881573773,1,0.059976,6,10,1.21,35.9310069,-84.3103491,0.3,0.3,0.0,0
39.099354,nan,35.9310204,-84.3103251,35.9310191,-84.310327,25.09000015258789,0.2242181424844794,1,0.039984,6,10,1.21,35.9310171,-84.3103309,0.3,0.3,0.0,0
39.199314,nan,35.9310254,-84.310316,35.9310242,-84.3103179,25.09000015258789,0.21719976075509234,1,0.059976,6,10,1.21,35.9310171,-84.3103309,0.3,0.3,0.0,0
39.299274,nan,35.9310305,-84.310307,35.9310292,-84.3103089,25.09000015258789,0.22421812577292702,1,0.039984,6,10,1.21,35.9310272,-84.3103128,0.3,0.3,0.0,0
39.399234,nan,35.9310356,-84.310298,35.9310343,-84.3102998,25.09000015258789,0.21741098194420044,1,0.059976,6,10,1.21,35.9310272,-84.3103128,0.3,0.3,0.0,0
39.499194,nan,35.9310405,-84.310289,35.9310393,-84.3102909,25.09000015258789,0.21719973496316344,1,0.039984,6,10,1.21,35.9310373,-84.3102948,0.3,0.3,0.0,0
39.599987,nan,35.9310456,-84.3102799,35.9310443,-84.3102818,25.09000015258789,0.22421810027780706,1,0.060809,6,10,1.21,35.9310373,-84.3102948,0.3,0.3,0.0,0
39.699947,nan,35.9310506,-84.3102711,35.9310493,-84.310273,25.09000015258789,0.22421809251527372,1,0.039984,6,10,1.21,35.9310473,-84.3102768,0.3,0.3,0.0,0
39.799907,nan,35.9310555,-84.3102622,35.9310542,-84.3102641,25.09000015258789,0.22421808440768468,1,0.059976,6,10,1.21,35.9310473,-84.3102768,0.3,0.3,0.0,0
39.899867,nan,35.9310604,-84.3102535,35.9310591,-84.3102554,25.09000015258789,0.2242180763000949,1,0.039984,6,10,1.21,35.9310572,-84.3102592,0.3,0.3,0.0,0
39.999827,nan,35.9310652,-84.3102449,35.9310639,-84.3102467,25.09000015258789,0.2174109366112107,1,0.059976,6,10,1.21,35.9310572,-84.3102592,0.3,0.3,0.0,0
40.099787,nan,35.93107,-84.3102363,35.9310687,-84.3102381,25.09000015258789,0.21741093021585411,1,0.039984,6,10,1.21,35.9310668,-84.3102419,0.3,0.3,0.0,0
40.199747,nan,35.9310746,-84.3102277,35.9310735,-84.3102296,25.09000015258789,0.21053623673047236,1,0.059976,6,10,1.21,35.9310668,-84.3102419,0.3,0.3,0.0,0
40.299707,nan,35.9310794,-84.3102193,35.9310781,-84.3102213,25.100000381469727,0.23117624363809677,1,0.039984,6,10,1.21,35.9310763,-84.3102249,0.3,0.3,0.0,0
40.399667,nan,35.931084,-84.3102112,35.9310827,-84.3102131,25.100000381469727,0.2242180372512847,1,0.059976,6,10,1.21,35.9310763,-84.3102249,0.3,0.3,0.0,0
40.499627,nan,35.9310885,-84.310203,35.9310873,-84.3102049,25.100000381469727,0.217199652975525,1,0.039984,6,10,1.21,35.9310855,-84.3102083,0.3,0.3,0.0,0
40.599587,nan,35.931093,-84.3101949,35.9310917,-84.3101969,25.100000381469727,0.2311762189596797,1,0.059976,6,10,1.21,35.9310855,-84.3102083,0.3,0.3,0.0,0
40.699547,nan,35.9310973,-84.310187,35.9310961,-84.310189,25.100000381469727,0.22437558973517988,1,0.039984,6,10,1.21,35.9310945,-84.3101923,0.3,0.3,0.0,0
40.799507,nan,35.9311016,-84.3101794,35.9311005,-84.3101812,25.09000015258789,0.20327140259534227,1,0.059976,6,10,1.21,35.9310945,-84.3101923,0.3,0.3,0.0,0
40.899467,nan,35.9311058,-84.3101717,35.9311047,-84.3101736,25.09000015258789,0.21053618129174967,1,0.039984,6,10,1.21,35.9311031,-84.3101767,0.3,0.3,0.0,0
40.999427,nan,35.9311099,-84.3101643,35.9311089,-84.3101661,25.09000015258789,0.19676612470719151,1,0.059976,6,10,1.21,35.9311031,-84.3101767,0.3,0.3,0.0,0
41.099387,nan,35.931114,-84.3101571,35.9311129,-84.3101589,25.09000015258789,0.20327138228347744,1,0.039984,6,10,1.21,35.9311113,-84.3101619,0.3,0.3,0.0,0
41.199347,nan,35.9311178,-84.3101501,35.9311168,-84.3101518,25.09000015258789,0.189402160159147,1,0.059976,6,10,1.21,35.9311113,-84.3101619,0.3,0.3,0.0,0
41.299307,nan,35.9311217,-84.3101432,35.9311207,-84.3101449,25.09000015258789,0.1894021535786853,1,0.039984,6,10,1.21,35.9311192,-84.3101478,0.3,0.3,0.0,0
41.399267,nan,35.9311254,-84.3101365,35.9311244,-84.3101383,25.09000015258789,0.1967660980304517,1,0.059976,6,10,1.21,35.9311192,-84.3101478,0.3,0.3,0.0,0
41.499227,nan,35.9311289,-84.3101302,35.931128,-84.3101318,25.09000015258789,0.17560592081881443,1,0.039984,6,10,1.21,35.9311266,-84.3101344,0.3,0.3,0.0,0
41.599187,nan,35.9311323,-84.310124,35.9311314,-84.3101255,25.079999923706055,0.16828164444480803,1,0.059976,6,10,1.21,35.9311266,-84.3101344,0.3,0.3,0.0,0
41.69998,nan,35.9311357,-84.3101179,35.9311348,-84.3101195,25.079999923706055,0.17560591168328807,1,0.039984,6,10,1.21,35.9311335,-84.3101219,0.3,0.3,0.0,0
41.79994,nan,35.9311389,-84.3101121,35.931138,-84.3101137,25.079999923706055,0.17560590734042597,1,0.059976,6,10,1.21,35.9311335,-84.3101219,0.3,0.3,0.0,0
41.8999,nan,35.931142,-84.3101066,35.9311411,-84.3101081,25.079999923706055,0.16828163111643846,1,0.039984,6,10,1.21,35.9311399,-84.3101102,0.3,0.3,0.0,0
41.99986,nan,35.9311449,-84.3101013,35.931144,-84.3101027,25.079999923706055,0.16112876565743248,1,0.059976,6,10,1.21,35.9311399,-84.3101102,0.3,0.3,0.0,0
42.09982,nan,35.9311475,-84.3100961,35.9311468,-84.3100976,25.06999969482422,0.15605518110148128,1,0.039984,6,10,1.21,35.9311457,-84.3100996,0.3,0.3,0.0,0
42.19978,nan,35.9311502,-84.3100913,35.9311495,-84.3100927,25.06999969482422,0.14831382781184907,1,0.059976,6,10,1.21,35.9311457,-84.3100996,0.3,0.3,0.0,0
42.29974,nan,35.9311526,-84.3100867,35.9311519,-84.3100881,25.06999969482422,0.14831382413681363,1,0.039984,6,10,1.21,35.9311509,-84.3100898,0.3,0.3,0.0,0
42.3997,nan,35.9311548,-84.3100824,35.9311541,-84.3100837,25.06999969482422,0.14072406281133915,1,0.059976,6,10,1.21,35.9311509,-84.3100898,0.3,0.3,0.0,0
42.49966,nan,35.9311569,-84.3100781,35.9311562,-84.3100795,25.06999969482422,0.14831381871253124,1,0.039984,6,10,1.21,35.9311555,-84.310081,0.3,0.3,0.0,0
42.59962,nan,35.9311587,-84.3100743,35.9311581,-84.3100756,25.06999969482422,0.13487876766709733,1,0.059976,6,10,1.21,35.9311555,-84.310081,0.3,0.3,0.0,0
42.69958,nan,35.9311602,-84.3100707,35.9311597,-84.3100719,25.06999969482422,0.12164668635755797,1,0.039984,6,10,1.21,35.9311591,-84.3100732,0.3,0.3,0.0,0
42.79954,nan,35.9311616,-84.3100673,35.9311612,-84.3100684,25.06999969482422,0.10869173086071751,1,0.059976,6,10,1.21,35.9311591,-84.3100732,0.3,0.3,0.0,0
42.8995,nan,35.9311628,-84.3100642,35.9311624,-84.3100652,25.06999969482422,0.10053685603962045,1,0.039984,6,10,1.21,35.931162,-84.3100663,0.3,0.3,0.0,0
42.99946,nan,35.9311638,-84.3100613,35.9311633,-84.3100623,25.06999969482422,0.10593843481385744,1,0.059976,6,10,1.21,35.931162,-84.3100663,0.3,0.3,0.0,0
43.09942,nan,35.9311644,-84.3100587,35.931164,-84.3100597,25.06999969482422,0.1005368540537811,1,0.039984,6,10,1.21,35.9311639,-84.3100604,0.3,0.3,0.0,0
43.19938,nan,35.9311648,-84.3100563,35.9311644,-84.3100572,25.06999969482422,0.09254147691481387,1,0.059976,6,10,1.21,35.9311639,-84.3100604,0.3,0.3,0.0,0
43.29934,nan,35.9311649,-84.3100542,35.9311646,-84.3100551,25.06999969482422,0.08772955580796375,1,0.039984,6,10,1.21,35.9311647,-84.3100556,0.3,0.3,0.0,0
43.3993,nan,35.9311648,-84.3100523,35.9311645,-84.3100531,25.06999969482422,0.07946847986978234,1,0.059976,6,10,1.21,35.9311647,-84.3100556,0.3,0.3,0.0,0
43.49926,nan,35.9311644,-84.3100506,35.9311641,-84.3100514,25.079999923706055,0.07946848053324228,1,0.039984,6,10,1.21,35.9311645,-84.3100518,0.3,0.3,0.0,0
43.59922,nan,35.9311637,-84.3100492,35.9311635,-84.3100499,25.079999923706055,0.06690960154826915,1,0.059976,6,10,1.21,35.9311645,-84.3100518,0.3,0.3,0.0,0
43.69918,nan,35.9311627,-84.310048,35.9311626,-84.3100487,25.079999923706055,0.06407129309895529,1,0.040817,6,10,1.21,35.9311632,-84.3100488,0.3,0.3,0.0,0
43.799973,nan,35.9311615,-84.310047,35.9311613,-84.3100476,25.079999923706055,0.058486373284942675,1,0.059976,6,10,1.21,35.9311632,-84.3100488,0.3,0.3,0.0,0
43.899933,nan,35.9311599,-84.310046,35.9311598,-84.3100467,25.079999923706055,0.06407129516217427,1,0.039984,6,10,1.21,35.9311608,-84.3100467,0.3,0.3,0.0,0
43.999893,nan,35.9311579,-84.3100455,35.931158,-84.310046,25.079999923706055,0.0464236020433194,1,0.059976,6,10,1.21,35.9311608,-84.3100467,0.3,0.3,0.0,0
44.099853,nan,35.9311559,-84.3100451,35.9311559,-84.3100455,25.079999923706055,0.036055331347512785,1,0.039984,6,10,1.21,35.9311572,-84.3100453,0.3,0.3,0.0,0
44.199813,nan,35.9311534,-84.3100448,35.9311536,-84.3100452,25.09000015258789,0.04237537856325207,1,0.059976,6,10,1.21,35.9311572,-84.3100453,0.3,0.3,0.0,0
44.299773,nan,35.9311506,-84.3100446,35.9311509,-84.310045,25.09000015258789,0.04914549706850167,1,0.039984,6,10,1.21,35.9311524,-84.3100447,0.3,0.3,0.0,0
44.399733,nan,35.9311476,-84.3100446,35.931148,-84.3100449,25.09000015258789,0.05209592614108997,1,0.059976,6,10,1.21,35.9311524,-84.3100447,0.3,0.3,0.0,0
44.499693,nan,35.9311444,-84.3100448,35.9311449,-84.310045,25.09000015258789,0.058506686870374774,1,0.039984,6,10,1.21,35.9311464,-84.3100446,0.3,0.3,0.0,0
44.599653,nan,35.9311408,-84.3100449,35.9311414,-84.3100452,25.09000015258789,0.072058408380073,1,0.059976,6,10,1.21,35.9311464,-84.3100446,0.3,0.3,0.0,0
44.699613,nan,35.9311371,-84.3100453,35.9311377,-84.3100455,25.09000015258789,0.06918213748370312,1,0.039984,6,10,1.21,35.9311394,-84.3100451,0.3,0.3,0.0,0
44.799573,nan,35.931133,-84.3100456,35.9311338,-84.3100459,25.09000015258789,0.09307101664616162,1,0.059976,6,10,1.21,35.9311394,-84.3100451,0.3,0.3,0.0,0
44.899533,nan,35.9311289,-84.3100463,35.9311296,-84.3100464,25.09000015258789,0.07844360422685674,1,0.039984,6,10,1.21,35.9311315,-84.3100459,0.3,0.3,0.0,0
44.999493,nan,35.9311244,-84.3100469,35.9311252,-84.3100469,25.09000015258789,0.08905599945876475,1,0.059976,6,10,1.21,35.9311315,-84.3100459,0.3,0.3,0.0,0
45.099453,nan,35.9311198,-84.3100475,35.9311207,-84.3100475,25.09000015258789,0.10018800037983056,1,0.039984,6,10,1.21,35.9311227,-84.3100471,0.3,0.3,0.0,0
45.199413,nan,35.931115,-84.3100482,35.9311159,-84.3100482,25.09000015258789,0.10018800037983056,1,0.059976,6,10,1.21,35.9311227,-84.3100471,0.3,0.3,0.0,0
45.299373,nan,35.9311098,-84.3100489,35.931111,-84.3100489,25.09000015258789,0.1335839999791233,1,0.039984,6,10,1.21,35.9311131,-84.3100484,0.3,0.3,0.0,0
45.399333,nan,35.9311047,-84.3100496,35.9311058,-84.3100496,25.09000015258789,0.12245199984903365,1,0.059976,6,10,1.21,35.9311131,-84.3100484,0.3,0.3,0.0,0
45.499293,nan,35.9310993,-84.3100504,35.9311005,-84.3100503,25.09000015258789,0.13388776769227714,1,0.039984,6,10,1.21,35.9311027,-84.3100499,0.3,0.3,0.0,0
45.599253,nan,35.9310938,-84.3100511,35.931095,-84.310051,25.09000015258789,0.13388776773449354,1,0.059976,6,10,1.21,35.9311027,-84.3100499,0.3,0.3,0.0,0
45.699213,nan,35.931088,-84.3100518,35.9310894,-84.3100518,25.09000015258789,0.1558479994483264,1,0.039984,6,10,1.21,35.9310916,-84.3100514,0.3,0.3,0.0,0
45.800006,nan,35.9310821,-84.3100527,35.9310835,-84.3100525,25.09000015258789,0.15688720953276844,1,0.060809,6,10,1.21,35.9310916,-84.3100514,0.3,0.3,0.0,0
45.899966,nan,35.9310761,-84.3100535,35.9310775,-84.3100533,25.09000015258789,0.156887209542788,1,0.039984,6,10,1.21,35.9310799,-84.3100529,0.3,0.3,0.0,0
45.999926,nan,35.9310697,-84.3100542,35.9310713,-84.310054,25.09000015258789,0.17902201506657783,1,0.059976,6,10,1.21,35.9310799,-84.3100529,0.3,0.3,0.0,0
46.099886,nan,35.9310634,-84.3100549,35.9310649,-84.3100548,25.09000015258789,0.16722311408519044,1,0.039984,6,10,1.21,35.9310675,-84.3100545,0.3,0.3,0.0,0
46.199846,nan,35.9310569,-84.3100558,35.9310584,-84.3100555,25.09000015258789,0.16915544536786775,1,0.059976,6,10,1.21,35.9310675,-84.3100545,0.3,0.3,0.0,0
46.299806,nan,35.9310502,-84.3100565,35.9310517,-84.3100563,25.09000015258789,0.16795034342882914,1,0.039984,6,10,1.21,35.9310544,-84.310056,0.3,0.3,0.0,0
46.399766,nan,35.9310433,-84.3100573,35.9310449,-84.3100571,25.09000015258789,0.17902201645973417,1,0.059976,6,10,1.21,35.9310544,-84.310056,0.3,0.3,0.0,0
46.499726,nan,35.9310362,-84.310058,35.931038,-84.3100579,25.09000015258789,0.20057863989054955,1,0.039984,6,10,1.21,35.9310408,-84.3100575,0.3,0.3,0.0,0
46.599686,nan,35.9310292,-84.3100589,35.931031,-84.3100587,25.09000015258789,0.20118533528752772,1,0.059976,6,10,1.21,35.9310408,-84.3100575,0.3,0.3,0.0,0
46.699646,nan,35.931022,-84.3100597,35.9310238,-84.3100595,25.09000015258789,0.2011853354346421,1,0.039984,6,10,1.21,35.9310266,-84.3100592,0.3,0.3,0.0,0
46.799606,nan,35.9310146,-84.3100604,35.9310165,-84.3100603,25.09000015258789,0.2116999848064979,1,0.059976,6,10,1.21,35.9310266,-84.3100592,0.3,0.3,0.0,0
46.899566,nan,35.9310071,-84.3100613,35.931009,-84.3100611,25.079999923706055,0.21227489738257324,1,0.039984,6,10,1.21,35.9310119,-84.3100608,0.3,0.3,0.0,0
46.999526,nan,35.9309996,-84.3100621,35.9310014,-84.3100619,25.079999923706055,0.2011853358923312,1,0.059976,6,10,1.21,35.9310119,-84.3100608,0.3,0.3,0.0,0
47.099486,nan,35.9309918,-84.3100628,35.9309938,-84.3100627,25.079999923706055,0.22282239387022834,1,0.039984,6,10,1.21,35.9309968,-84.3100623,0.3,0.3,0.0,0
47.199446,nan,35.930984,-84.3100637,35.930986,-84.3100635,25.079999923706055,0.2233686806439462,1,0.059976,6,10,1.21,35.9309968,-84.3100623,0.3,0.3,0.0,0
47.299406,nan,35.9309763,-84.3100645,35.9309782,-84.3100643,25.079999923706055,0.21227489797901886,1,0.039984,6,10,1.21,35.9309813,-84.310064,0.3,0.3,0.0,0
47.399366,nan,35.9309682,-84.3100654,35.9309703,-84.3100651,25.079999923706055,0.2353308179164004,1,0.059976,6,10,1.21,35.9309813,-84.310064,0.3,0.3,0.0,0
47.499326,nan,35.9309602,-84.3100662,35.9309623,-84.3100659,25.079999923706055,0.23533081823082194,1,0.039984,6,10,1.21,35.9309654,-84.3100656,0.3,0.3,0.0,0
47.599286,nan,35.9309522,-84.3100669,35.9309542,-84.3100668,25.079999923706055,0.22282239405286797,1,0.059976,6,10,1.21,35.9309654,-84.3100656,0.3,0.3,0.0,0
47.699246,nan,35.9309441,-84.3100678,35.9309461,-84.3100676,25.079999923706055,0.2233686821666348,1,0.039984,6,10,1.21,35.9309492,-84.3100672,0.3,0.3,0.0,0
47.799206,nan,35.9309359,-84.3100685,35.9309379,-84.3100684,25.079999923706055,0.22282239412804536,1,0.059976,6,10,1.21,35.9309492,-84.3100672,0.3,0.3,0.0,0
47.899999,nan,35.9309274,-84.3100695,35.9309295,-84.3100692,25.079999923706055,0.23533081951995008,1,0.039984,6,10,1.21,35.9309328,-84.3100689,0.3,0.3,0.0,0
47.999959,nan,35.9309192,-84.3100702,35.9309212,-84.3100701,25.079999923706055,0.22282239420506758,1,0.059976,6,10,1.21,35.9309328,-84.3100689,0.3,0.3,0.0,0
48.099919,nan,35.9309108,-84.3100711,35.9309129,-84.3100709,25.079999923706055,0.23446608901193258,1,0.039984,6,10,1.21,35.9309162,-84.3100705,0.3,0.3,0.0,0
48.199879,nan,35.9309024,-84.3100719,35.9309045,-84.3100717,25.079999923706055,0.23446608837056904,1,0.059976,6,10,1.21,35.9309162,-84.3100705,0.3,0.3,0.0,0
48.299839,nan,35.9308939,-84.3100728,35.9308961,-84.3100725,25.079999923706055,0.24639240353899594,1,0.039984,6,10,1.21,35.9308994,-84.3100722,0.3,0.3,0.0,0
48.399799,nan,35.9308854,-84.3100736,35.9308876,-84.3100733,25.079999923706055,0.24639240385807065,1,0.059976,6,10,1.21,35.9308994,-84.3100722,0.3,0.3,0.0,0
48.499759,nan,35.930877,-84.3100743,35.9308792,-84.3100741,25.079999923706055,0.2455666265817093,1,0.039984,6,10,1.21,35.9308825,-84.3100738,0.3,0.3,0.0,0
48.599719,nan,35.9308685,-84.3100752,35.9308707,-84.310075,25.079999923706055,0.24556662672399712,1,0.059976,6,10,1.21,35.9308825,-84.3100738,0.3,0.3,0.0,0
48.699679,nan,35.93086,-84.310076,35.9308623,-84.3100758,25.079999923706055,0.2566698897887968,1,0.039984,6,10,1.21,35.9308656,-84.3100755,0.3,0.3,0.0,0
48.799639,nan,35.9308515,-84.3100767,35.9308538,-84.3100766,25.079999923706055,0.2561946193902632,1,0.059976,6,10,1.21,35.9308656,-84.3100755,0.3,0.3,0.0,0
48.899599,nan,35.9308431,-84.3100776,35.9308453,-84.3100774,25.079999923706055,0.24556662793802841,1,0.039984,6,10,1.21,35.9308486,-84.3100771,0.3,0.3,0.0,0
48.999559,nan,35.9308344,-84.3100785,35.9308367,-84.3100782,25.079999923706055,0.2574600585765923,1,0.059976,6,10,1.21,35.9308486,-84.3100771,0.3,0.3,0.0,0
49.099519,nan,35.9308259,-84.3100793,35.9308281,-84.310079,25.079999923706055,0.2463924060915928,1,0.039984,6,10,1.21,35.9308315,-84.3100786,0.3,0.3,0.0,0
49.199479,nan,35.9308174,-84.31008,35.9308196,-84.3100798,25.079999923706055,0.24556662757939784,1,0.059976,6,10,1.21,35.9308315,-84.3100786,0.3,0.3,0.0,0
49.299439,nan,35.9308088,-84.3100809,35.930811,-84.3100806,25.079999923706055,0.2463924067334955,1,0.039984,6,10,1.21,35.9308144,-84.3100803,0.3,0.3,0.0,0
49.399399,nan,35.9308003,-84.3100817,35.9308024,-84.3100814,25.079999923706055,0.23533082451531695,1,0.059976,6,10,1.21,35.9308144,-84.3100803,0.3,0.3,0.0,0
49.499359,nan,35.9307917,-84.3100824,35.9307939,-84.3100822,25.079999923706055,0.24556662800960896,1,0.039984,6,10,1.21,35.9307972,-84.3100819,0.3,0.3,0.0,0
49.599319,nan,35.9307831,-84.3100833,35.9307853,-84.310083,25.079999923706055,0.24639240769822623,1,0.059976,6,10,1.21,35.9307972,-84.3100819,0.3,0.3,0.0,0
49.699279,nan,35.9307745,-84.3100841,35.9307766,-84.3100838,25.079999923706055,0.2353308263150612,1,0.039984,6,10,1.21,35.93078,-84.3100834,0.3,0.3,0.0,0
49.799239,nan,35.9307659,-84.3100848,35.930768,-84.3100846,25.079999923706055,0.2344660915523575,1,0.059976,6,10,1.21,35.93078,-84.3100834,0.3,0.3,0.0,0
49.899199,nan,35.9307571,-84.3100855,35.9307594,-84.3100853,25.079999923706055,0.256669891526771,1,0.039984,6,10,1.21,35.9307627,-84.3100851,0.3,0.3,0.0,0
49.999992,nan,35.9307485,-84.3100864,35.9307506,-84.3100861,25.079999923706055,0.23533082733692887,1,0.060809,6,10,1.21,35.9307627,-84.3100851,0.3,0.3,0.0,0
50.099952,nan,35.9307398,-84.3100872,35.930742,-84.3100869,25.079999923706055,0.246392410109826,1,0.039984,6,10,1.21,35.9307454,-84.3100867,0.3,0.3,0.0,0
50.199912,nan,35.9307311,-84.3100879,35.9307333,-84.3100877,25.079999923706055,0.24556662902403623,1,0.059976,6,10,1.21,35.9307454,-84.3100867,0.3,0.3,0.0,0
50.299872,nan,35.9307225,-84.3100888,35.9307246,-84.3100885,25.079999923706055,0.2353308275730595,1,0.039984,6,10,1.21,35.930728,-84.3100882,0.3,0.3,0.0,0
50.399832,nan,35.9307138,-84.3100896,35.9307159,-84.3100893,25.079999923706055,0.23533082870072874,1,0.059976,6,10,1.21,35.930728,-84.3100882,0.3,0.3,0.0,0
50.499792,nan,35.9307051,-84.3100903,35.9307072,-84.3100901,25.079999923706055,0.23446609261831786,1,0.039984,6,10,1.21,35.9307107,-84.3100898,0.3,0.3,0.0,0
50.599752,nan,35.9306963,-84.310091,35.9306985,-84.3100908,25.079999923706055,0.24556662960657832,1,0.059976,6,10,1.21,35.9307107,-84.3100898,0.3,0.3,0.0,0
50.699712,nan,35.9306877,-84.3100918,35.9306898,-84.3100916,25.079999923706055,0.23446609282488826,1,0.039984,6,10,1.21,35.9306933,-84.3100914,0.3,0.3,0.0,0
50.799672,nan,35.930679,-84.3100927,35.9306811,-84.3100924,25.079999923706055,0.2353308300684583,1,0.059976,6,10,1.21,35.9306933,-84.3100914,0.3,0.3,0.0,0
50.899632,nan,35.9306702,-84.3100934,35.9306724,-84.3100932,25.079999923706055,0.24556663004348472,1,0.039984,6,10,1.21,35.9306759,-84.3100929,0.3,0.3,0.0,0
50.999592,nan,35.9306615,-84.3100942,35.9306636,-84.3100939,25.079999923706055,0.23533083075625313,1,0.059976,6,10,1.21,35.9306759,-84.3100929,0.3,0.3,0.0,0
51.099552,nan,35.9306526,-84.3100949,35.9306549,-84.3100947,25.079999923706055,0.2566698932003982,1,0.039984,6,10,1.21,35.9306584,-84.3100944,0.3,0.3,0.0,0
51.199512,nan,35.930644,-84.3100956,35.930646,-84.3100955,25.079999923706055,0.2228223954743179,1,0.059976,6,10,1.21,35.9306584,-84.3100944,0.3,0.3,0.0,0
51.299472,nan,35.9306352,-84.3100965,35.9306373,-84.3100962,25.079999923706055,0.23533083178991024,1,0.039984,6,10,1.21,35.9306409,-84.310096,0.3,0.3,0.0,0
51.399432,nan,35.9306264,-84.3100973,35.9306285,-84.310097,25.079999923706055,0.23533083135003588,1,0.059976,6,10,1.21,35.9306409,-84.310096,0.3,0.3,0.0,0
51.499392,nan,35.9306177,-84.310098,35.9306197,-84.3100978,25.079999923706055,0.22336868817346842,1,0.039984,6,10,1.21,35.9306234,-84.3100975,0.3,0.3,0.0,0
51.599352,nan,35.9306088,-84.3100987,35.930611,-84.3100985,25.079999923706055,0.24556663107130233,1,0.059976,6,10,1.21,35.9306234,-84.3100975,0.3,0.3,0.0,0
51.699312,nan,35.9306002,-84.3100996,35.9306022,-84.3100993,25.079999923706055,0.22427621940020726,1,0.039984,6,10,1.21,35.9306057,-84.310099,0.3,0.3,0.0,0
51.799272,nan,35.9305914,-84.3101003,35.9305934,-84.3101001,25.079999923706055,0.22336868865747392,1,0.059976,6,10,1.21,35.9306057,-84.310099,0.3,0.3,0.0,0
51.899232,nan,35.9305826,-84.3101011,35.9305846,-84.3101008,25.079999923706055,0.22427622012602694,1,0.039984,6,10,1.21,35.9305882,-84.3101006,0.3,0.3,0.0,0
51.999192,nan,35.9305738,-84.3101018,35.9305758,-84.3101016,25.079999923706055,0.22336868898137108,1,0.059976,6,10,1.21,35.9305882,-84.3101006,0.3,0.3,0.0,0
52.099985,nan,35.9305649,-84.3101025,35.9305669,-84.3101024,25.079999923706055,0.22282239583913438,1,0.039984,6,10,1.21,35.9305705,-84.3101021,0.3,0.3,0.0,0
52.199945,nan,35.930556,-84.3101034,35.9305581,-84.3101031,25.079999923706055,0.23533083411693373,1,0.059976,6,10,1.21,35.9305705,-84.3101021,0.3,0.3,0.0,0
52.299905,nan,35.9305473,-84.310104,35.9305493,-84.3101039,25.079999923706055,0.22282239592030717,1,0.039984,6,10,1.21,35.930553,-84.3101036,0.3,0.3,0.0,0
52.399865,nan,35.9305385,-84.3101049,35.9305405,-84.3101047,25.079999923706055,0.2233686896310055,1,0.059976,6,10,1.21,35.930553,-84.3101036,0.3,0.3,0.0,0
52.499825,nan,35.9305297,-84.3101056,35.9305316,-84.3101054,25.079999923706055,0.21227490662745674,1,0.039984,6,10,1.21,35.9305353,-84.3101051,0.3,0.3,0.0,0
52.599785,nan,35.9305209,-84.3101064,35.9305228,-84.3101062,25.079999923706055,0.21227490668908175,1,0.059976,6,10,1.21,35.9305353,-84.3101051,0.3,0.3,0.0,0
52.699745,nan,35.930512,-84.3101071,35.930514,-84.3101069,25.079999923706055,0.22336869011869123,1,0.039984,6,10,1.21,35.9305178,-84.3101066,0.3,0.3,0.0,0
52.799705,nan,35.9305031,-84.3101078,35.9305052,-84.3101077,25.079999923706055,0.23394571655538943,1,0.059976,6,10,1.21,35.9305178,-84.3101066,0.3,0.3,0.0,0
52.899665,nan,35.9304944,-84.3101087,35.9304964,-84.3101084,25.079999923706055,0.22427622376337103,1,0.039984,6,10,1.21,35.9305001,-84.3101081,0.3,0.3,0.0,0
52.999625,nan,35.9304854,-84.3101094,35.9304875,-84.3101092,25.079999923706055,0.2344660956815107,1,0.059976,6,10,1.21,35.9305001,-84.3101081,0.3,0.3,0.0,0
53.099585,nan,35.9304767,-84.3101102,35.9304787,-84.31011,25.079999923706055,0.2233686907683252,1,0.039984,6,10,1.21,35.9304824,-84.3101097,0.3,0.3,0.0,0
53.199545,nan,35.9304678,-84.3101109,35.9304697,-84.3101107,25.079999923706055,0.21227490782615074,1,0.059976,6,10,1.21,35.9304824,-84.3101097,0.3,0.3,0.0,0
53.299505,nan,35.930459,-84.3101116,35.9304609,-84.3101115,25.079999923706055,0.21169998750360924,1,0.039984,6,10,1.21,35.9304647,-84.3101112,0.3,0.3,0.0,0
53.399465,nan,35.9304501,-84.3101125,35.930452,-84.3101123,25.079999923706055,0.2122749081689112,1,0.059976,6,10,1.21,35.9304647,-84.3101112,0.3,0.3,0.0,0
53.499425,nan,35.9304413,-84.3101131,35.9304432,-84.310113,25.079999923706055,0.21169998758953204,1,0.039984,6,10,1.21,35.930447,-84.3101127,0.3,0.3,0.0,0
53.599385,nan,35.9304324,-84.310114,35.9304343,-84.3101138,25.079999923706055,0.21227490851167163,1,0.059976,6,10,1.21,35.930447,-84.3101127,0.3,0.3,0.0,0
53.699345,nan,35.9304236,-84.3101147,35.9304254,-84.3101145,25.079999923706055,0.20118534766143908,1,0.039984,6,10,1.21,35.9304293,-84.3101142,0.3,0.3,0.0,0
53.799305,nan,35.9304147,-84.3101155,35.9304166,-84.3101153,25.079999923706055,0.21227490874564456,1,0.059976,6,10,1.21,35.9304293,-84.3101142,0.3,0.3,0.0,0
53.899265,nan,35.9304058,-84.3101162,35.9304077,-84.3101161,25.079999923706055,0.21169998776186305,1,0.039984,6,10,1.21,35.9304116,-84.3101157,0.3,0.3,0.0,0
53.999225,nan,35.930397,-84.3101169,35.9303988,-84.3101168,25.079999923706055,0.20057864316553556,1,0.059976,6,10,1.21,35.9304116,-84.3101157,0.3,0.3,0.0,0
54.099185,nan,35.9303881,-84.3101178,35.9303899,-84.3101176,25.079999923706055,0.20118534838678953,1,0.040817,6,10,1.21,35.9303938,-84.3101172,0.3,0.3,0.0,0
54.199978,nan,35.9303792,-84.3101185,35.930381,-84.3101183,25.079999923706055,0.2011853485686379,1,0.059976,6,10,1.21,35.9303938,-84.3101172,0.3,0.3,0.0,0
54.299938,nan,35.9303703,-84.3101193,35.9303721,-84.3101191,25.079999923706055,0.20118534875048627,1,0.039984,6,10,1.21,35.930376,-84.3101187,0.3,0.3,0.0,0
54.399898,nan,35.9303613,-84.31012,35.9303632,-84.3101199,25.079999923706055,0.2116999879778835,1,0.059976,6,10,1.21,35.930376,-84.3101187,0.3,0.3,0.0,0
54.499858,nan,35.9303525,-84.3101207,35.9303543,-84.3101206,25.079999923706055,0.20057864339353354,1,0.039984,6,10,1.21,35.9303582,-84.3101203,0.3,0.3,0.0,0
54.599818,nan,35.9303436,-84.3101216,35.9303454,-84.3101214,25.079999923706055,0.2011853492960312,1,0.059976,6,10,1.21,35.9303582,-84.3101203,0.3,0.3,0.0,0
54.699778,nan,35.9303346,-84.3101222,35.9303365,-84.3101221,25.079999923706055,0.21169998810749574,1,0.039984,6,10,1.21,35.9303405,-84.3101218,0.3,0.3,0.0,0
54.799738,nan,35.9303258,-84.3101231,35.9303276,-84.3101229,25.079999923706055,0.20118534965972776,1,0.059976,6,10,1.21,35.9303405,-84.3101218,0.3,0.3,0.0,0
54.899698,nan,35.9303169,-84.3101238,35.9303188,-84.3101237,25.079999923706055,0.21169998819341843,1,0.039984,6,10,1.21,35.9303227,-84.3101233,0.3,0.3,0.0,0
54.999658,nan,35.9303079,-84.3101246,35.9303099,-84.3101244,25.079999923706055,0.22336869298300607,1,0.059976,6,10,1.21,35.9303227,-84.3101233,0.3,0.3,0.0,0
55.099618,nan,35.9302991,-84.3101253,35.930301,-84.3101252,25.079999923706055,0.21169998827982653,1,0.039984,6,10,1.21,35.9303048,-84.3101248,0.3,0.3,0.0,0
55.199578,nan,35.9302902,-84.310126,35.9302921,-84.3101259,25.079999923706055,0.21169998832303058,1,0.059976,6,10,1.21,35.9303048,-84.3101248,0.3,0.3,0.0,0
55.299538,nan,35.9302813,-84.3101269,35.9302831,-84.3101267,25.079999923706055,0.2011853505689688,1,0.039984,6,10,1.21,35.9302871,-84.3101263,0.3,0.3,0.0,0
55.399498,nan,35.9302724,-84.3101276,35.9302742,-84.3101275,25.079999923706055,0.20057864386149538,1,0.059976,6,10,1.21,35.9302871,-84.3101263,0.3,0.3,0.0,0
55.499458,nan,35.9302634,-84.3101284,35.9302652,-84.3101282,25.079999923706055,0.20118535093470832,1,0.039984,6,10,1.21,35.9302693,-84.3101279,0.3,0.3,0.0,0
55.599418,nan,35.9302546,-84.3101291,35.9302563,-84.310129,25.079999923706055,0.1894585516614219,1,0.059976,6,10,1.21,35.9302693,-84.3101279,0.3,0.3,0.0,0
55.699378,nan,35.9302457,-84.3101298,35.9302474,-84.3101298,25.079999923706055,0.1892439998385953,1,0.039984,6,10,1.21,35.9302515,-84.3101294,0.3,0.3,0.0,0
55.799338,nan,35.9302367,-84.3101307,35.9302385,-84.3101305,25.079999923706055,0.2011853514802526,1,0.059976,6,10,1.21,35.9302515,-84.3101294,0.3,0.3,0.0,0
55.899298,nan,35.9302279,-84.3101314,35.9302296,-84.3101313,25.079999923706055,0.18945855107711387,1,0.039984,6,10,1.21,35.9302336,-84.3101309,0.3,0.3,0.0,0
55.999258,nan,35.9302189,-84.3101322,35.9302207,-84.3101321,25.079999923706055,0.20057864407803913,1,0.059976,6,10,1.21,35.9302336,-84.3101309,0.3,0.3,0.0,0
56.099218,nan,35.9302099,-84.3101329,35.9302117,-84.3101328,25.079999923706055,0.200578644124151,1,0.039984,6,10,1.21,35.9302157,-84.3101324,0.3,0.3,0.0,0
56.199178,nan,35.9302011,-84.3101337,35.9302028,-84.3101336,25.079999923706055,0.18945855195161995,1,0.059976,6,10,1.21,35.9302157,-84.3101324,0.3,0.3,0.0,0
56.299971,nan,35.9301921,-84.3101344,35.9301938,-84.3101344,25.079999923706055,0.1892439998385953,1,0.039984,6,10,1.21,35.9301978,-84.310134,0.3,0.3,0.0,0
56.399931,nan,35.9301832,-84.3101353,35.9301849,-84.3101351,25.079999923706055,0.19010075276425556,1,0.059976,6,10,1.21,35.9301978,-84.310134,0.3,0.3,0.0,0
56.499891,nan,35.9301743,-84.310136,35.930176,-84.3101359,25.079999923706055,0.1894585520969901,1,0.039984,6,10,1.21,35.93018,-84.3101355,0.3,0.3,0.0,0
56.599851,nan,35.9301653,-84.3101368,35.930167,-84.3101366,25.079999923706055,0.19010075302984297,1,0.059976,6,10,1.21,35.93018,-84.3101355,0.3,0.3,0.0,0
56.699811,nan,35.9301564,-84.3101375,35.9301581,-84.3101374,25.079999923706055,0.18945855140400392,1,0.039984,6,10,1.21,35.9301622,-84.310137,0.3,0.3,0.0,0
56.799771,nan,35.9301474,-84.3101382,35.9301492,-84.3101382,25.079999923706055,0.20037599996868494,1,0.059976,6,10,1.21,35.9301622,-84.310137,0.3,0.3,0.0,0
56.899731,nan,35.9301386,-84.3101391,35.9301403,-84.3101389,25.079999923706055,0.19010075372867438,1,0.039984,6,10,1.21,35.9301444,-84.3101385,0.3,0.3,0.0,0
56.999691,nan,35.9301297,-84.3101398,35.9301315,-84.3101397,25.079999923706055,0.2005786445926247,1,0.059976,6,10,1.21,35.9301444,-84.3101385,0.3,0.3,0.0,0
57.099651,nan,35.930121,-84.3101406,35.9301227,-84.3101404,25.079999923706055,0.1901007541092521,1,0.039984,6,10,1.21,35.9301267,-84.31014,0.3,0.3,0.0,0
57.199611,nan,35.9301121,-84.3101413,35.930114,-84.3101412,25.079999923706055,0.21169998918759608,1,0.059976,6,10,1.21,35.9301267,-84.31014,0.3,0.3,0.0,0
57.299571,nan,35.9301035,-84.310142,35.9301052,-84.3101419,25.09000015258789,0.1894585516909471,1,0.039984,6,10,1.21,35.9301091,-84.3101415,0.3,0.3,0.0,0
57.399531,nan,35.9300948,-84.3101428,35.9300965,-84.3101427,25.09000015258789,0.18945855173813814,1,0.059976,6,10,1.21,35.9301091,-84.3101415,0.3,0.3,0.0,0
57.499491,nan,35.9300862,-84.3101435,35.9300879,-84.3101434,25.09000015258789,0.1894585517847867,1,0.039984,6,10,1.21,35.9300918,-84.310143,0.3,0.3,0.0,0
57.599451,nan,35.9300777,-84.3101442,35.9300794,-84.3101441,25.09000015258789,0.18945855183089286,1,0.059976,6,10,1.21,35.9300918,-84.310143,0.3,0.3,0.0,0
57.699411,nan,35.9300693,-84.3101449,35.930071,-84.3101448,25.09000015258789,0.1894585518764566,1,0.039984,6,10,1.21,35.9300748,-84.3101445,0.3,0.3,0.0,0
57.799371,nan,35.9300609,-84.3101456,35.9300627,-84.3101455,25.09000015258789,0.20057864488755786,1,0.059976,6,10,1.21,35.9300748,-84.3101445,0.3,0.3,0.0,0
57.899331,nan,35.9300528,-84.3101465,35.9300545,-84.3101463,25.09000015258789,0.19010075558398995,1,0.039984,6,10,1.21,35.9300582,-84.310146,0.3,0.3,0.0,0
57.999291,nan,35.9300446,-84.3101472,35.9300464,-84.310147,25.09000015258789,0.20118535540530597,1,0.059976,6,10,1.21,35.9300582,-84.310146,0.3,0.3,0.0,0
58.099251,nan,35.9300367,-84.3101478,35.9300384,-84.3101477,25.09000015258789,0.1894585520532872,1,0.039984,6,10,1.21,35.930042,-84.3101473,0.3,0.3,0.0,0
58.199211,nan,35.9300288,-84.3101485,35.9300306,-84.3101483,25.09000015258789,0.20118535572813662,1,0.059976,6,10,1.21,35.930042,-84.3101473,0.3,0.3,0.0,0
58.300004,nan,35.9300212,-84.3101492,35.9300228,-84.310149,25.09000015258789,0.17902203992921162,1,0.039984,6,10,1.21,35.9300262,-84.3101487,0.3,0.3,0.0,0
58.399964,nan,35.9300135,-84.3101499,35.9300153,-84.3101497,25.09000015258789,0.20118535604075105,1,0.059976,6,10,1.21,35.9300262,-84.3101487,0.3,0.3,0.0,0
58.499924,nan,35.9300062,-84.3101506,35.9300079,-84.3101503,25.09000015258789,0.19116630286047162,1,0.039984,6,10,1.21,35.9300111,-84.3101501,0.3,0.3,0.0,0
58.599884,nan,35.9299989,-84.3101511,35.9300007,-84.3101509,25.09000015258789,0.20118535633906282,1,0.059976,6,10,1.21,35.9300111,-84.3101501,0.3,0.3,0.0,0
58.699844,nan,35.929992,-84.3101518,35.9299936,-84.3101516,25.09000015258789,0.17902204059969845,1,0.039984,6,10,1.21,35.9299965,-84.3101514,0.3,0.3,0.0,0
58.799804,nan,35.929985,-84.3101525,35.9299867,-84.3101522,25.09000015258789,0.1911663038861728,1,0.059976,6,10,1.21,35.9299965,-84.3101514,0.3,0.3,0.0,0
58.899764,nan,35.9299783,-84.310153,35.9299801,-84.3101528,25.09000015258789,0.20118535675996838,1,0.039984,6,10,1.21,35.9299828,-84.3101527,0.3,0.3,0.0,0
58.999724,nan,35.9299719,-84.3101537,35.9299736,-84.3101534,25.079999923706055,0.1911663045199786,1,0.059976,6,10,1.21,35.9299828,-84.3101527,0.3,0.3,0.0,0
59.099684,nan,35.9299656,-84.3101542,35.9299674,-84.3101539,25.079999923706055,0.2021924973605676,1,0.039984,6,10,1.21,35.9299697,-84.3101538,0.3,0.3,0.0,0
59.199644,nan,35.9299595,-84.3101547,35.9299613,-84.3101545,25.079999923706055,0.2011853571440957,1,0.059976,6,10,1.21,35.9299697,-84.3101538,0.3,0.3,0.0,0
59.299604,nan,35.9299538,-84.3101552,35.9299554,-84.310155,25.079999923706055,0.1790220406898865,1,0.039984,6,10,1.21,35.9299576,-84.3101549,0.3,0.3,0.0,0
59.399564,nan,35.9299482,-84.3101559,35.9299498,-84.3101555,25.079999923706055,0.18172482317097044,1,0.059976,6,10,1.21,35.9299576,-84.3101549,0.3,0.3,0.0,0
59.499524,nan,35.9299428,-84.3101564,35.9299443,-84.310156,25.06999969482422,0.170828414624629,1,0.039984,6,10,1.21,35.9299464,-84.3101559,0.3,0.3,0.0,0
59.599484,nan,35.9299375,-84.3101568,35.9299391,-84.3101565,25.06999969482422,0.18015312815882725,1,0.059976,6,10,1.21,35.9299464,-84.3101559,0.3,0.3,0.0,0
59.699444,nan,35.9299326,-84.3101573,35.9299342,-84.3101569,25.06999969482422,0.18172482380722926,1,0.039984,6,10,1.21,35.929936,-84.310157,0.3,0.3,0.0,0
59.799404,nan,35.9299279,-84.3101576,35.9299294,-84.3101573,25.06999969482422,0.169155507099347,1,0.059976,6,10,1.21,35.929936,-84.310157,0.3,0.3,0.0,0
59.899364,nan,35.9299235,-84.3101581,35.9299249,-84.3101578,25.06999969482422,0.15817668786142447,1,0.039984,6,10,1.21,35.9299264,-84.3101579,0.3,0.3,0.0,0
59.999324,nan,35.9299192,-84.3101586,35.9299206,-84.3101581,25.06999969482422,0.1622340661745538,1,0.059976,6,10,1.21,35.9299264,-84.3101579,0.3,0.3,0.0,0
60.099284,nan,35.9299151,-84.3101588,35.9299165,-84.3101585,25.06999969482422,0.15817668757326414,1,0.039984,6,10,1.21,35.9299179,-84.3101586,0.3,0.3,0.0,0
60.199244,nan,35.9299114,-84.3101593,35.9299127,-84.3101589,25.06999969482422,0.14914002963662704,1,0.059976,6,10,1.21,35.9299179,-84.3101586,0.3,0.3,0.0,0
60.299204,nan,35.9299078,-84.3101595,35.9299091,-84.3101592,25.06999969482422,0.14722087617674995,1,0.039984,6,10,1.21,35.9299102,-84.3101594,0.3,0.3,0.0,0
60.399997,nan,35.9299046,-84.3101599,35.9299057,-84.3101595,25.06999969482422,0.12764999152144665,1,0.060809,6,10,1.21,35.9299102,-84.3101594,0.3,0.3,0.0,0
60.499957,nan,35.9299015,-84.3101602,35.9299026,-84.3101598,25.06999969482422,0.1276499919207604,1,0.039984,6,10,1.21,35.9299035,-84.31016,0.3,0.3,0.0,0
60.599917,nan,35.9298986,-84.3101605,35.9298998,-84.3101601,25.06999969482422,0.13836442181341277,1,0.059976,6,10,1.21,35.9299035,-84.31016,0.3,0.3,0.0,0
60.699877,nan,35.9298962,-84.3101607,35.9298971,-84.3101603,25.06999969482422,0.1064784650240549,1,0.039984,6,10,1.21,35.9298979,-84.3101605,0.3,0.3,0.0,0
60.799837,nan,35.9298938,-84.3101609,35.9298948,-84.3101605,25.06999969482422,0.11701354947605794,1,0.059976,6,10,1.21,35.9298979,-84.3101605,0.3,0.3,0.0,0
60.899797,nan,35.9298918,-84.3101611,35.9298926,-84.3101607,25.06999969482422,0.09607809151837293,1,0.039984,6,10,1.21,35.9298931,-84.3101609,0.3,0.3,0.0,0
60.999757,nan,35.9298899,-84.3101612,35.9298906,-84.3101609,25.06999969482422,0.08248282136543744,1,0.059976,6,10,1.21,35.9298931,-84.3101609,0.3,0.3,0.0,0
61.099717,nan,35.9298882,-84.3101614,35.9298889,-84.310161,25.06999969482422,0.08586139063843476,1,0.039984,6,10,1.21,35.9298894,-84.3101613,0.3,0.3,0.0,0
61.199677,nan,35.9298868,-84.3101614,35.9298874,-84.3101612,25.06999969482422,0.06918221177474103,1,0.059976,6,10,1.21,35.9298894,-84.3101613,0.3,0.3,0.0,0
61.299637,nan,35.9298855,-84.3101616,35.9298861,-84.3101613,25.079999923706055,0.0720585690237618,1,0.039984,6,10,1.21,35.9298864,-84.3101615,0.3,0.3,0.0,0
61.399597,nan,35.9298844,-84.3101617,35.9298849,-84.3101614,25.079999923706055,0.0618813518909446,1,0.059976,6,10,1.21,35.9298864,-84.3101615,0.3,0.3,0.0,0
61.499557,nan,35.9298834,-84.3101618,35.9298839,-84.3101615,25.079999923706055,0.061881352040408386,1,0.039984,6,10,1.21,35.9298841,-84.3101617,0.3,0.3,0.0,0
61.599517,nan,35.9298827,-84.3101618,35.9298831,-84.3101615,25.079999923706055,0.05209615071040314,1,0.059976,6,10,1.21,35.9298841,-84.3101617,0.3,0.3,0.0,0
61.699477,nan,35.9298821,-84.3101619,35.9298824,-84.3101616,25.079999923706055,0.0429716064311767,1,0.039984,6,10,1.21,35.9298825,-84.3101618,0.3,0.3,0.0,0
61.799437,nan,35.9298816,-84.3101619,35.9298819,-84.3101616,25.079999923706055,0.04297160653879452,1,0.059976,6,10,1.21,35.9298825,-84.3101618,0.3,0.3,0.0,0
61.899397,nan,35.9298813,-84.3101619,35.9298815,-84.3101616,25.079999923706055,0.035027873078788026,1,0.039984,6,10,1.21,35.9298815,-84.3101619,0.3,0.3,0.0,0
61.999357,nan,35.929881,-84.3101619,35.9298812,-84.3101616,25.079999923706055,0.035027872655251396,1,0.059976,6,10,1.21,35.9298815,-84.3101619,0.3,0.3,0.0,0
62.099317,nan,35.9298809,-84.3101618,35.929881,-84.3101616,25.079999923706055,0.021187936162868962,1,0.039984,6,10,1.21,35.929881,-84.3101618,0.3,0.3,0.0,0
62.199277,nan,35.9298809,-84.3101618,35.929881,-84.3101616,25.079999923706055,0.021187936162868962,1,0.059976,6,10,1.21,35.929881,-84.3101618,0.3,0.3,0.0,0
62.299237,nan,35.9298809,-84.3101618,35.929881,-84.3101616,25.079999923706055,0.021187936162868962,1,0.039984,6,10,1.21,35.9298809,-84.3101618,0.3,0.3,0.0,0
62.399197,nan,35.929881,-84.3101618,35.929881,-84.3101616,25.079999923706055,0.018027956376787675,1,0.059976,6,10,1.21,35.9298809,-84.3101618,0.3,0.3,0.0,0
62.49999,nan,35.9298811,-84.3101617,35.9298811,-84.3101616,25.079999923706055,0.009013977536511336,1,0.039984,6,10,1.21,35.9298811,-84.3101617,0.3,0.3,0.0,0
62.59995,nan,35.9298814,-84.3101617,35.9298813,-84.3101616,25.079999923706055,0.014323868796817615,1,0.059976,6,10,1.21,35.9298811,-84.3101617,0.3,0.3,0.0,0
62.69991,nan,35.9298816,-84.3101616,35.9298816,-84.3101615,25.06999969482422,0.009013977479507149,1,0.039984,6,10,1.21,35.9298815,-84.3101616,0.3,0.3,0.0,0
62.79987,nan,35.929882,-84.3101614,35.9298818,-84.3101615,25.06999969482422,0.024019523722533305,1,0.059976,6,10,1.21,35.9298815,-84.3101616,0.3,0.3,0.0,0
62.89983,nan,35.9298822,-84.3101614,35.9298821,-84.3101614,25.06999969482422,0.011132000130089637,1,0.039984,6,10,1.21,35.9298821,-84.3101614,0.3,0.3,0.0,0
62.99979,nan,35.9298827,-84.3101612,35.9298824,-84.3101613,25.06999969482422,0.034591106557902734,1,0.059976,6,10,1.21,35.9298821,-84.3101614,0.3,0.3,0.0,0
63.09975,nan,35.9298829,-84.3101612,35.9298828,-84.3101613,25.06999969482422,0.014323869495307071,1,0.039984,6,10,1.21,35.9298827,-84.3101613,0.3,0.3,0.0,0
63.19971,nan,35.9298833,-84.3101612,35.929883,-84.3101612,25.06999969482422,0.03339600039026891,1,0.059976,6,10,1.21,35.9298827,-84.3101613,0.3,0.3,0.0,0
63.29967,nan,35.9298835,-84.3101611,35.9298833,-84.3101612,25.06999969482422,0.024019523177639952,1,0.039984,6,10,1.21,35.9298833,-84.3101611,0.3,0.3,0.0,0
63.39963,nan,35.9298839,-84.3101609,35.9298836,-84.3101611,25.06999969482422,0.037951284949896996,1,0.059976,6,10,1.21,35.9298833,-84.3101611,0.3,0.3,0.0,0
63.49959,nan,35.929884,-84.3101609,35.9298839,-84.3101611,25.06999969482422,0.021187935561437252,1,0.039984,6,10,1.21,35.9298839,-84.3101609,0.3,0.3,0.0,0
63.59955,nan,35.9298844,-84.3101607,35.9298841,-84.310161,25.06999969482422,0.04297160593613472,1,0.059976,6,10,1.21,35.9298839,-84.3101609,0.3,0.3,0.0,0
63.69951,nan,35.9298846,-84.3101607,35.9298843,-84.310161,25.06999969482422,0.04297160650780607,1,0.039984,6,10,1.21,35.9298844,-84.3101608,0.3,0.3,0.0,0
63.79947,nan,35.9298847,-84.3101607,35.9298845,-84.3101609,25.06999969482422,0.02864773792622408,1,0.059976,6,10,1.21,35.9298844,-84.3101608,0.3,0.3,0.0,0
63.89943,nan,35.929885,-84.3101606,35.9298847,-84.3101609,25.059999465942383,0.04297160580699333,1,0.039984,6,10,1.21,35.9298849,-84.3101606,0.3,0.3,0.0,0
63.99939,nan,35.9298852,-84.3101606,35.9298849,-84.3101608,25.059999465942383,0.037951284809088076,1,0.059976,6,10,1.21,35.9298849,-84.3101606,0.3,0.3,0.0,0
64.09935,nan,35.9298852,-84.3101605,35.929885,-84.3101608,25.059999465942383,0.03502787303792171,1,0.039984,6,10,1.21,35.9298852,-84.3101605,0.3,0.3,0.0,0
64.19931,nan,35.9298853,-84.3101605,35.9298851,-84.3101607,25.059999465942383,0.02864773784012982,1,0.059976,6,10,1.21,35.9298852,-84.3101605,0.3,0.3,0.0,0
64.29927,nan,35.9298855,-84.3101604,35.9298853,-84.3101606,25.059999465942383,0.02864773719671326,1,0.039984,6,10,1.21,35.9298854,-84.3101604,0.3,0.3,0.0,0
64.39923,nan,35.9298857,-84.3101604,35.9298854,-84.3101606,25.059999465942383,0.03795128405889533,1,0.059976,6,10,1.21,35.9298854,-84.3101604,0.3,0.3,0.0,0
64.49919,nan,35.9298858,-84.3101605,35.9298856,-84.3101607,25.059999465942383,0.0286477377683846,1,0.040817,6,10,1.21,35.9298857,-84.3101604,0.3,0.3,0.0,0
64.599983,nan,35.9298859,-84.3101605,35.9298858,-84.3101608,25.059999465942383,0.029243590681090854,1,0.059976,6,10,1.21,35.9298857,-84.3101604,0.3,0.3,0.0,0
64.699943,nan,35.9298862,-84.3101606,35.929886,-84.3101609,25.059999465942383,0.035027871282204505,1,0.039984,6,10,1.21,35.9298861,-84.3101605,0.3,0.3,0.0,0
64.799903,nan,35.9298864,-84.3101607,35.9298863,-84.3101611,25.059999465942383,0.03773526326671825,1,0.059976,6,10,1.21,35.9298861,-84.3101605,0.3,0.3,0.0,0
64.899863,nan,35.9298868,-84.3101609,35.9298866,-84.3101613,25.059999465942383,0.04237586962084355,1,0.039984,6,10,1.21,35.9298866,-84.3101608,0.3,0.3,0.0,0
64.999823,nan,35.9298871,-84.3101612,35.929887,-84.3101616,25.059999465942383,0.037735262961701314,1,0.059976,6,10,1.21,35.9298866,-84.3101608,0.3,0.3,0.0,0
65.099783,nan,35.9298876,-84.3101617,35.9298875,-84.310162,25.059999465942383,0.02924359014342301,1,0.039984,6,10,1.21,35.9298873,-84.3101614,0.3,0.3,0.0,0
65.199743,nan,35.9298882,-84.3101621,35.929888,-84.3101624,25.059999465942383,0.035027871256860396,1,0.059976,6,10,1.21,35.9298873,-84.3101614,0.3,0.3,0.0,0
65.299703,nan,35.9298888,-84.3101626,35.9298886,-84.3101629,25.059999465942383,0.0350278710984319,1,0.039984,6,10,1.21,35.9298883,-84.3101623,0.3,0.3,0.0,0
65.399663,nan,35.9298895,-84.3101631,35.9298893,-84.3101635,25.059999465942383,0.042375868988761806,1,0.059976,6,10,1.21,35.9298883,-84.3101623,0.3,0.3,0.0,0
65.499623,nan,35.9298902,-84.3101638,35.9298901,-84.3101642,25.059999465942383,0.03773526161091199,1,0.039984,6,10,1.21,35.9298898,-84.3101635,0.3,0.3,0.0,0
65.599583,nan,35.9298912,-84.3101647,35.9298911,-84.3101649,25.059999465942383,0.02118793416456346,1,0.059976,6,10,1.21,35.9298898,-84.3101635,0.3,0.3,0.0,0
65.699543,nan,35.9298922,-84.3101655,35.9298921,-84.3101658,25.059999465942383,0.029243587202936825,1,0.039984,6,10,1.21,35.9298916,-84.310165,0.3,0.3,0.0,0
65.799503,nan,35.9298934,-84.3101666,35.9298932,-84.3101667,25.059999465942383,0.024019522020905203,1,0.059976,6,10,1.21,35.9298916,-84.310165,0.3,0.3,0.0,0
65.899463,nan,35.9298946,-84.3101676,35.9298945,-84.3101678,25.059999465942383,0.021187933089354898,1,0.039984,6,10,1.21,35.9298938,-84.3101669,0.3,0.3,0.0,0
65.999423,nan,35.929896,-84.3101688,35.9298958,-84.3101689,25.059999465942383,0.02401952264283072,1,0.059976,6,10,1.21,35.9298938,-84.3101669,0.3,0.3,0.0,0
66.099383,nan,35.9298974,-84.31017,35.9298973,-84.3101702,25.059999465942383,0.021187932961699747,1,0.039984,6,10,1.21,35.9298965,-84.3101692,0.3,0.3,0.0,0
66.199343,nan,35.9298992,-84.3101715,35.929899,-84.3101716,25.059999465942383,0.024019522986635594,1,0.059976,6,10,1.21,35.9298965,-84.3101692,0.3,0.3,0.0,0
66.299303,nan,35.929901,-84.3101731,35.9299008,-84.3101731,25.059999465942383,0.022264000260179273,1,0.039984,6,10,1.21,35.9298998,-84.3101721,0.3,0.3,0.0,0
66.399263,nan,35.9299029,-84.3101746,35.9299027,-84.3101747,25.059999465942383,0.024019522828331998,1,0.059976,6,10,1.21,35.9298998,-84.3101721,0.3,0.3,0.0,0
66.499223,nan,35.9299051,-84.3101765,35.9299048,-84.3101764,25.059999465942383,0.03459110479496972,1,0.039984,6,10,1.21,35.9299037,-84.3101754,0.3,0.3,0.0,0
66.599183,nan,35.9299072,-84.3101784,35.929907,-84.3101783,25.059999465942383,0.02401952216364157,1,0.059976,6,10,1.21,35.9299037,-84.3101754,0.3,0.3,0.0,0
66.699976,nan,35.9299098,-84.3101805,35.9299095,-84.3101803,25.059999465942383,0.03795128144851411,1,0.039984,6,10,1.21,35.9299082,-84.3101791,0.3,0.3,0.0,0
66.799936,nan,35.9299124,-84.3101827,35.929912,-84.3101825,25.059999465942383,0.04803904362987177,1,0.059976,6,10,1.21,35.9299082,-84.3101791,0.3,0.3,0.0,0
66.899896,nan,35.929915,-84.3101849,35.9299148,-84.3101848,25.059999465942383,0.024019521829920516,1,0.039984,6,10,1.21,35.9299134,-84.3101835,0.3,0.3,0.0,0
66.999856,nan,35.9299181,-84.3101875,35.9299177,-84.3101872,25.059999465942383,0.05209614510164237,1,0.059976,6,10,1.21,35.9299134,-84.3101835,0.3,0.3,0.0,0
67.099816,nan,35.9299211,-84.3101901,35.9299208,-84.3101897,25.059999465942383,0.049145908963565285,1,0.039984,6,10,1.21,35.9299192,-84.3101884,0.3,0.3,0.0,0
67.199776,nan,35.9299244,-84.3101928,35.929924,-84.3101924,25.059999465942383,0.05729546303847868,1,0.059976,6,10,1.21,35.9299192,-84.3101884,0.3,0.3,0.0,0
67.299736,nan,35.9299278,-84.3101956,35.9299274,-84.3101952,25.059999465942383,0.05729546348356824,1,0.039984,6,10,1.21,35.9299257,-84.3101938,0.3,0.3,0.0,0
67.399696,nan,35.9299314,-84.3101985,35.9299309,-84.3101981,25.059999465942383,0.0663178917896576,1,0.059976,6,10,1.21,35.9299257,-84.3101938,0.3,0.3,0.0,0
67.499656,nan,35.9299351,-84.3102016,35.9299346,-84.3102012,25.059999465942383,0.06631789087228758,1,0.039984,6,10,1.21,35.9299327,-84.3101997,0.3,0.3,0.0,0
67.599616,nan,35.9299391,-84.3102049,35.9299385,-84.3102044,25.059999465942383,0.08057582322889549,1,0.059976,6,10,1.21,35.9299327,-84.3101997,0.3,0.3,0.0,0
67.699576,nan,35.929943,-84.3102083,35.9299425,-84.3102077,25.059999465942383,0.07760860621343285,1,0.039984,6,10,1.21,35.9299405,-84.3102061,0.3,0.3,0.0,0
67.799536,nan,35.9299473,-84.3102117,35.9299468,-84.3102112,25.059999465942383,0.07161932134152371,1,0.059976,6,10,1.21,35.9299405,-84.3102061,0.3,0.3,0.0,0
67.899496,nan,35.9299518,-84.3102153,35.9299511,-84.3102148,25.059999465942383,0.09001911557266996,1,0.039984,6,10,1.21,35.9299489,-84.3102131,0.3,0.3,0.0,0
67.999456,nan,35.9299563,-84.3102191,35.9299556,-84.3102186,25.059999465942383,0.09001911428835538,1,0.059976,6,10,1.21,35.9299489,-84.3102131,0.3,0.3,0.0,0
68.099416,nan,35.929961,-84.3102231,35.9299603,-84.3102224,25.059999465942383,0.10026704340486774,1,0.039984,6,10,1.21,35.929958,-84.3102205,0.3,0.3,0.0,0
68.199376,nan,35.9299659,-84.310227,35.9299652,-84.3102264,25.059999465942383,0.09485361497729329,1,0.059976,6,10,1.21,35.929958,-84.3102205,0.3,0.3,0.0,0
68.299336,nan,35.929971,-84.3102313,35.9299702,-84.3102305,25.059999465942383,0.11459090075113827,1,0.039984,6,10,1.21,35.9299677,-84.3102286,0.3,0.3,0.0,0
68.399296,nan,35.9299762,-84.3102356,35.9299754,-84.3102348,25.059999465942383,0.11459089776653292,1,0.059976,6,10,1.21,35.9299677,-84.3102286,0.3,0.3,0.0,0
68.499256,nan,35.9299814,-84.3102399,35.9299807,-84.3102392,25.059999465942383,0.10026703315963617,1,0.039984,6,10,1.21,35.9299781,-84.3102371,0.3,0.3,0.0,0
68.599216,nan,35.9299869,-84.3102445,35.9299861,-84.3102437,25.059999465942383,0.11459089162513265,1,0.059976,6,10,1.21,35.9299781,-84.3102371,0.3,0.3,0.0,0
68.700009,nan,35.9299927,-84.3102492,35.9299918,-84.3102483,25.059999465942383,0.12891474929910443,1,0.039984,6,10,1.21,35.9299891,-84.3102462,0.3,0.3,0.0,0
68.799969,nan,35.9299984,-84.3102538,35.9299975,-84.310253,25.059999465942383,0.1234412215199576,1,0.059976,6,10,1.21,35.9299891,-84.3102462,0.3,0.3,0.0,0
68.899929,nan,35.9300044,-84.3102588,35.9300034,-84.3102578,25.059999465942383,0.1432386023311861,1,0.039984,6,10,1.21,35.9300006,-84.3102556,0.3,0.3,0.0,0
68.999889,nan,35.9300104,-84.3102636,35.9300094,-84.3102628,25.059999465942383,0.13263574370867823,1,0.059976,6,10,1.21,35.9300006,-84.3102556,0.3,0.3,0.0,0
69.099849,nan,35.9300166,-84.3102688,35.9300155,-84.3102678,25.059999465942383,0.1520514532774174,1,0.039984,6,10,1.21,35.9300126,-84.3102655,0.3,0.3,0.0,0
69.199809,nan,35.9300227,-84.3102739,35.9300218,-84.3102729,25.059999465942383,0.13476938206839728,1,0.059976,6,10,1.21,35.9300126,-84.3102655,0.3,0.3,0.0,0
69.299769,nan,35.9300292,-84.3102791,35.9300281,-84.3102781,25.059999465942383,0.15205144476145074,1,0.039984,6,10,1.21,35.930025,-84.3102757,0.3,0.3,0.0,0
69.399729,nan,35.9300355,-84.3102844,35.9300345,-84.3102833,25.059999465942383,0.14907572605708216,1,0.059976,6,10,1.21,35.930025,-84.3102757,0.3,0.3,0.0,0
69.499689,nan,35.9300421,-84.3102897,35.930041,-84.3102886,25.059999465942383,0.15756243193580674,1,0.039984,6,10,1.21,35.9300379,-84.3102862,0.3,0.3,0.0,0
69.599649,nan,35.9300488,-84.310295,35.9300476,-84.310294,25.059999465942383,0.1611515765016567,1,0.059976,6,10,1.21,35.9300379,-84.3102862,0.3,0.3,0.0,0
69.699609,nan,35.9300555,-84.3103005,35.9300543,-84.3102995,25.059999465942383,0.16115157222903576,1,0.039984,6,10,1.21,35.9300512,-84.310297,0.3,0.3,0.0,0
69.799569,nan,35.9300622,-84.3103062,35.930061,-84.310305,25.049999237060547,0.17188627270426526,1,0.059976,6,10,1.21,35.9300512,-84.310297,0.3,0.3,0.0,0
69.899529,nan,35.9300691,-84.3103117,35.9300679,-84.3103107,25.049999237060547,0.16115156355625157,1,0.039984,6,10,1.21,35.9300647,-84.310308,0.3,0.3,0.0,0
69.999489,nan,35.930076,-84.3103174,35.9300748,-84.3103163,25.049999237060547,0.1663613674028186,1,0.059976,6,10,1.21,35.9300647,-84.310308,0.3,0.3,0.0,0
70.099449,nan,35.9300829,-84.310323,35.9300818,-84.310322,25.049999237060547,0.1520514084671927,1,0.039984,6,10,1.21,35.9300784,-84.3103194,0.3,0.3,0.0,0
70.199409,nan,35.93009,-84.3103287,35.9300888,-84.3103277,25.049999237060547,0.16115155022821936,1,0.059976,6,10,1.21,35.9300784,-84.3103194,0.3,0.3,0.0,0
70.299369,nan,35.9300971,-84.3103345,35.9300958,-84.3103335,25.049999237060547,0.17049298026268428,1,0.039984,6,10,1.21,35.9300925,-84.3103308,0.3,0.3,0.0,0
70.399329,nan,35.9301041,-84.3103404,35.9301029,-84.3103392,25.049999237060547,0.1718862366306525,1,0.059976,6,10,1.21,35.9300925,-84.3103308,0.3,0.3,0.0,0
70.499289,nan,35.9301114,-84.3103462,35.9301101,-84.3103451,25.049999237060547,0.17542557152092497,1,0.039984,6,10,1.21,35.9301067,-84.3103424,0.3,0.3,0.0,0
70.599249,nan,35.9301185,-84.310352,35.9301172,-84.3103509,25.049999237060547,0.17542556648817623,1,0.059976,6,10,1.21,35.9301067,-84.3103424,0.3,0.3,0.0,0
70.699209,nan,35.9301257,-84.3103579,35.9301244,-84.3103568,25.049999237060547,0.17542556210856272,1,0.039984,6,10,1.21,35.930121,-84.3103541,0.3,0.3,0.0,0
70.800002,nan,35.930133,-84.3103637,35.9301317,-84.3103627,25.049999237060547,0.1704929586234244,1,0.060809,6,10,1.21,35.930121,-84.3103541,0.3,0.3,0.0,0
70.899962,nan,35.9301401,-84.3103697,35.9301389,-84.3103686,25.049999237060547,0.1663613187272315,1,0.039984,6,10,1.21,35.9301355,-84.3103658,0.3,0.3,0.0,0
70.999922,nan,35.9301473,-84.3103756,35.9301461,-84.3103744,25.059999465942383,0.17188619943778466,1,0.059976,6,10,1.21,35.9301355,-84.3103658,0.3,0.3,0.0,0
71.099882,nan,35.9301546,-84.3103814,35.9301533,-84.3103803,25.059999465942383,0.1754255408991212,1,0.039984,6,10,1.21,35.9301499,-84.3103776,0.3,0.3,0.0,0
71.199842,nan,35.9301619,-84.3103873,35.9301605,-84.3103862,25.059999465942383,0.18471599099500347,1,0.059976,6,10,1.21,35.9301499,-84.3103776,0.3,0.3,0.0,0
71.299802,nan,35.9301692,-84.3103931,35.9301677,-84.310392,25.059999465942383,0.1942001978849474,1,0.039984,6,10,1.21,35.9301644,-84.3103893,0.3,0.3,0.0,0
71.399762,nan,35.9301764,-84.3103991,35.9301749,-84.3103979,25.049999237060547,0.19895349310175336,1,0.059976,6,10,1.21,35.9301644,-84.3103893,0.3,0.3,0.0,0
71.499722,nan,35.9301837,-84.310405,35.9301822,-84.3104038,25.049999237060547,0.19895348767189447,1,0.039984,6,10,1.21,35.9301789,-84.3104012,0.3,0.3,0.0,0
71.599682,nan,35.930191,-84.310411,35.9301894,-84.3104096,25.049999237060547,0.21828676684430717,1,0.059976,6,10,1.21,35.9301789,-84.3104012,0.3,0.3,0.0,0
71.699642,nan,35.9301983,-84.3104168,35.9301966,-84.3104156,25.049999237060547,0.2179758172073238,1,0.039984,6,10,1.21,35.9301935,-84.310413,0.3,0.3,0.0,0
71.799602,nan,35.9302056,-84.3104228,35.9302039,-84.3104215,25.049999237060547,0.22258646172632654,1,0.059976,6,10,1.21,35.9301935,-84.310413,0.3,0.3,0.0,0
71.899562,nan,35.9302129,-84.3104288,35.9302112,-84.3104274,25.049999237060547,0.22746100938781344,1,0.039984,6,10,1.21,35.9302081,-84.3104249,0.3,0.3,0.0,0
71.999522,nan,35.9302202,-84.3104348,35.9302186,-84.3104334,25.049999237060547,0.21828673990003705,1,0.059976,6,10,1.21,35.9302081,-84.3104249,0.3,0.3,0.0,0
72.099482,nan,35.9302276,-84.3104407,35.9302259,-84.3104394,25.049999237060547,0.22258644456046567,1,0.039984,6,10,1.21,35.9302228,-84.3104368,0.3,0.3,0.0,0
72.199442,nan,35.9302349,-84.3104467,35.9302333,-84.3104453,25.049999237060547,0.21828672698102286,1,0.059976,6,10,1.21,35.9302228,-84.3104368,0.3,0.3,0.0,0
72.299402,nan,35.9302424,-84.3104527,35.9302406,-84.3104513,25.049999237060547,0.2368031857814656,1,0.039984,6,10,1.21,35.9302376,-84.3104487,0.3,0.3,0.0,0
72.399362,nan,35.9302498,-84.3104587,35.930248,-84.3104573,25.049999237060547,0.2368031794870511,1,0.059976,6,10,1.21,35.9302376,-84.3104487,0.3,0.3,0.0,0
72.499322,nan,35.9302572,-84.3104647,35.9302553,-84.3104633,25.049999237060547,0.2462942053245149,1,0.039984,6,10,1.21,35.9302524,-84.3104608,0.3,0.3,0.0,0
72.599282,nan,35.9302646,-84.3104707,35.9302627,-84.3104693,25.049999237060547,0.24629419927265647,1,0.059976,6,10,1.21,35.9302524,-84.3104608,0.3,0.3,0.0,0
72.699242,nan,35.9302719,-84.3104767,35.9302701,-84.3104753,25.049999237060547,0.23680316068886303,1,0.039984,6,10,1.21,35.9302673,-84.3104728,0.3,0.3,0.0,0
72.799202,nan,35.9302793,-84.3104828,35.9302775,-84.3104813,25.049999237060547,0.24172714426573258,1,0.059976,6,10,1.21,35.9302673,-84.3104728,0.3,0.3,0.0,0
72.899995,nan,35.9302869,-84.3104889,35.930285,-84.3104874,25.049999237060547,0.25103207265717037,1,0.039984,6,10,1.21,35.9302821,-84.3104849,0.3,0.3,0.0,0
72.999955,nan,35.9302943,-84.3104949,35.9302924,-84.3104934,25.049999237060547,0.25103206584100163,1,0.059976,6,10,1.21,35.9302821,-84.3104849,0.3,0.3,0.0,0
73.099915,nan,35.9303017,-84.310501,35.9302998,-84.3104994,25.049999237060547,0.25599975369009487,1,0.039984,6,10,1.21,35.9302969,-84.310497,0.3,0.3,0.0,0
73.199875,nan,35.930309,-84.310507,35.9303071,-84.3105054,25.049999237060547,0.25599974618806715,1,0.059976,6,10,1.21,35.9302969,-84.310497,0.3,0.3,0.0,0
73.299835,nan,35.9303164,-84.310513,35.9303145,-84.3105114,25.049999237060547,0.2559997385832711,1,0.039984,6,10,1.21,35.9303116,-84.310509,0.3,0.3,0.0,0
73.399795,nan,35.9303237,-84.3105188,35.9303218,-84.3105174,25.049999237060547,0.2462941509395473,1,0.059976,6,10,1.21,35.9303116,-84.310509,0.3,0.3,0.0,0
73.499755,nan,35.930331,-84.3105248,35.930329,-84.3105233,25.049999237060547,0.2604803576174002,1,0.039984,6,10,1.21,35.9303263,-84.3105209,0.3,0.3,0.0,0
73.599715,nan,35.9303382,-84.3105307,35.9303363,-84.3105292,25.049999237060547,0.2510320254045255,1,0.059976,6,10,1.21,35.9303263,-84.3105209,0.3,0.3,0.0,0
73.699675,nan,35.9303454,-84.3105365,35.9303434,-84.310535,25.049999237060547,0.2604803448346124,1,0.039984,6,10,1.21,35.9303407,-84.3105327,0.3,0.3,0.0,0
73.799635,nan,35.9303525,-84.3105423,35.9303505,-84.3105407,25.049999237060547,0.2652711481379494,1,0.059976,6,10,1.21,35.9303407,-84.3105327,0.3,0.3,0.0,0
73.899595,nan,35.9303595,-84.310548,35.9303575,-84.3105465,25.049999237060547,0.26048033231813006,1,0.039984,6,10,1.21,35.9303549,-84.3105443,0.3,0.3,0.0,0
73.999555,nan,35.9303665,-84.3105537,35.9303644,-84.3105521,25.059999465942383,0.27468082108121,1,0.059976,6,10,1.21,35.9303549,-84.3105443,0.3,0.3,0.0,0
74.099515,nan,35.9303734,-84.3105593,35.9303714,-84.3105578,25.059999465942383,0.2604803199791839,1,0.039984,6,10,1.21,35.9303688,-84.3105555,0.3,0.3,0.0,0
74.199475,nan,35.9303801,-84.3105648,35.9303781,-84.3105633,25.059999465942383,0.2604803140316334,1,0.059976,6,10,1.21,35.9303688,-84.3105555,0.3,0.3,0.0,0
74.299435,nan,35.9303868,-84.3105702,35.9303848,-84.3105688,25.059999465942383,0.2559174065268343,1,0.039984,6,10,1.21,35.9303824,-84.3105666,0.3,0.3,0.0,0
74.399395,nan,35.9303933,-84.3105755,35.9303914,-84.3105741,25.059999465942383,0.24629409401928343,1,0.059976,6,10,1.21,35.9303824,-84.3105666,0.3,0.3,0.0,0
74.499355,nan,35.9303997,-84.3105808,35.9303979,-84.3105794,25.059999465942383,0.23680305198247667,1,0.039984,6,10,1.21,35.9303955,-84.3105773,0.3,0.3,0.0,0
74.599315,nan,35.9304061,-84.310586,35.9304042,-84.3105845,25.059999465942383,0.2510319628614948,1,0.059976,6,10,1.21,35.9303955,-84.3105773,0.3,0.3,0.0,0
74.699275,nan,35.9304123,-84.310591,35.9304104,-84.3105896,25.049999237060547,0.24629407848069548,1,0.039984,6,10,1.21,35.9304082,-84.3105876,0.3,0.3,0.0,0
74.799235,nan,35.9304184,-84.3105959,35.9304165,-84.3105945,25.049999237060547,0.24629407349199,1,0.059976,6,10,1.21,35.9304082,-84.3105876,0.3,0.3,0.0,0
74.899195,nan,35.9304243,-84.3106008,35.9304225,-84.3105994,25.049999237060547,0.23680303105774925,1,0.039984,6,10,1.21,35.9304204,-84.3105976,0.3,0.3,0.0,0
74.999988,nan,35.93043,-84.3106055,35.9304283,-84.3106041,25.049999237060547,0.22746081642792793,1,0.060809,6,10,1.21,35.9304204,-84.3105976,0.3,0.3,0.0,0
75.099948,nan,35.9304356,-84.31061,35.930434,-84.3106087,25.049999237060547,0.21320235997631756,1,0.039984,6,10,1.21,35.930432,-84.310607,0.3,0.3,0.0,0
75.199908,nan,35.9304412,-84.3106145,35.9304394,-84.3106132,25.049999237060547,0.23212475308723535,1,0.059976,6,10,1.21,35.930432,-84.310607,0.3,0.3,0.0,0
75.299868,nan,35.9304464,-84.3106186,35.9304448,-84.3106175,25.049999237060547,0.20385095502414197,1,0.039984,6,10,1.21,35.9304429,-84.3106159,0.3,0.3,0.0,0
75.399828,nan,35.9304516,-84.3106227,35.9304499,-84.3106217,25.03999900817871,0.20961477582482338,1,0.059976,6,10,1.21,35.9304429,-84.3106159,0.3,0.3,0.0,0
75.499788,nan,35.9304565,-84.3106268,35.9304549,-84.3106257,25.03999900817871,0.20385094817205307,1,0.039984,6,10,1.21,35.9304532,-84.3106242,0.3,0.3,0.0,0
75.599748,nan,35.9304611,-84.3106306,35.9304596,-84.3106295,25.03999900817871,0.19420001032398496,1,0.059976,6,10,1.21,35.9304532,-84.3106242,0.3,0.3,0.0,0
75.699708,nan,35.9304657,-84.3106342,35.9304642,-84.3106332,25.03999900817871,0.18975610696455258,1,0.039984,6,10,1.21,35.9304626,-84.3106318,0.3,0.3,0.0,0
75.799668,nan,35.9304701,-84.3106378,35.9304686,-84.3106368,25.03999900817871,0.18975610527764927,1,0.059976,6,10,1.21,35.9304626,-84.3106318,0.3,0.3,0.0,0
75.899628,nan,35.9304743,-84.3106411,35.9304728,-84.3106402,25.029998779296875,0.18564379243690712,1,0.039984,6,10,1.21,35.9304714,-84.3106388,0.3,0.3,0.0,0
75.999588,nan,35.9304781,-84.3106444,35.9304769,-84.3106434,25.029998779296875,0.1611513027341725,1,0.059976,6,10,1.21,35.9304714,-84.3106388,0.3,0.3,0.0,0
76.099548,nan,35.930482,-84.3106473,35.9304807,-84.3106465,25.029998779296875,0.1616872191116057,1,0.039984,6,10,1.21,35.9304794,-84.3106453,0.3,0.3,0.0,0
76.199508,nan,35.9304856,-84.3106502,35.9304844,-84.3106495,25.029998779296875,0.1477361242737695,1,0.059976,6,10,1.21,35.9304794,-84.3106453,0.3,0.3,0.0,0
76.299468,nan,35.930489,-84.310653,35.9304878,-84.3106523,25.029998779296875,0.14773612311487322,1,0.039984,6,10,1.21,35.9304867,-84.3106511,0.3,0.3,0.0,0
76.399428,nan,35.9304921,-84.3106555,35.9304911,-84.3106549,25.029998779296875,0.12376252283428879,1,0.059976,6,10,1.21,35.9304867,-84.3106511,0.3,0.3,0.0,0
76.499388,nan,35.9304951,-84.3106579,35.9304942,-84.3106574,25.029998779296875,0.10985854030164806,1,0.039984,6,10,1.21,35.9304931,-84.3106563,0.3,0.3,0.0,0
76.599348,nan,35.930498,-84.3106603,35.930497,-84.3106597,25.029998779296875,0.12376252035914612,1,0.059976,6,10,1.21,35.9304931,-84.3106563,0.3,0.3,0.0,0
76.699308,nan,35.9305005,-84.3106624,35.9304997,-84.3106618,25.029998779296875,0.10419208273051503,1,0.039984,6,10,1.21,35.9304988,-84.3106609,0.3,0.3,0.0,0
76.799268,nan,35.930503,-84.3106643,35.9305022,-84.3106638,25.029998779296875,0.09981099253914683,1,0.059976,6,10,1.21,35.9304988,-84.3106609,0.3,0.3,0.0,0
76.899228,nan,35.9305053,-84.310666,35.9305045,-84.3106656,25.029998779296875,0.096077986524181,1,0.039984,6,10,1.21,35.9305037,-84.3106649,0.3,0.3,0.0,0
76.999188,nan,35.9305072,-84.3106677,35.9305066,-84.3106673,25.029998779296875,0.07590243356975183,1,0.059976,6,10,1.21,35.9305037,-84.3106649,0.3,0.3,0.0,0
77.099981,nan,35.9305091,-84.3106691,35.9305085,-84.3106688,25.029998779296875,0.07205848898173944,1,0.039984,6,10,1.21,35.9305078,-84.3106682,0.3,0.3,0.0,0
77.199941,nan,35.9305108,-84.3106705,35.9305102,-84.3106702,25.029998779296875,0.07205848876353546,1,0.059976,6,10,1.21,35.9305078,-84.3106682,0.3,0.3,0.0,0
77.299901,nan,35.9305121,-84.3106717,35.9305117,-84.3106715,25.029998779296875,0.048038993046796534,1,0.039984,6,10,1.21,35.9305112,-84.3106708,0.3,0.3,0.0,0
77.399861,nan,35.9305134,-84.3106727,35.9305131,-84.3106726,25.029998779296875,0.034591087486529976,1,0.059976,6,10,1.21,35.9305112,-84.3106708,0.3,0.3,0.0,0
77.499821,nan,35.9305146,-84.3106737,35.9305143,-84.3106736,25.029998779296875,0.03459108745087884,1,0.039984,6,10,1.21,35.9305139,-84.310673,0.3,0.3,0.0,0
77.599781,nan,35.9305157,-84.3106746,35.9305153,-84.3106744,25.029998779296875,0.04803899200557719,1,0.059976,6,10,1.21,35.9305139,-84.310673,0.3,0.3,0.0,0
77.699741,nan,35.9305164,-84.3106753,35.9305163,-84.3106752,25.03999900817871,0.014323823238374141,1,0.039984,6,10,1.21,35.9305159,-84.3106747,0.3,0.3,0.0,0
77.799701,nan,35.9305173,-84.3106758,35.930517,-84.3106758,25.03999900817871,0.033395999599292736,1,0.059976,6,10,1.21,35.9305159,-84.3106747,0.3,0.3,0.0,0
77.899661,nan,35.9305179,-84.3106763,35.9305177,-84.3106764,25.03999900817871,0.024019495782432593,1,0.039984,6,10,1.21,35.9305174,-84.310676,0.3,0.3,0.0,0
77.999621,nan,35.9305182,-84.3106768,35.9305182,-84.3106768,25.03999900817871,0.0,1,0.059976,6,10,1.21,35.9305174,-84.310676,0.3,0.3,0.0,0
78.099581,nan,35.9305187,-84.310677,35.9305187,-84.3106772,25.03999900817871,0.0180278109693827,1,0.039984,6,10,1.21,35.9305183,-84.3106768,0.3,0.3,0.0,0
78.199541,nan,35.9305189,-84.3106774,35.930519,-84.3106775,25.03999900817871,0.014323822444288814,1,0.059976,6,10,1.21,35.9305183,-84.3106768,0.3,0.3,0.0,0
78.299501,nan,35.9305192,-84.3106775,35.9305192,-84.3106777,25.03999900817871,0.01802781085537257,1,0.039984,6,10,1.21,35.930519,-84.3106774,0.3,0.3,0.0,0
78.399461,nan,35.9305193,-84.3106777,35.9305194,-84.3106779,25.03999900817871,0.021187812305928696,1,0.059976,6,10,1.21,35.930519,-84.3106774,0.3,0.3,0.0,0
78.499421,nan,35.9305193,-84.3106777,35.9305194,-84.3106779,25.03999900817871,0.021187812305928696,1,0.039984,6,10,1.21,35.9305192,-84.3106776,0.3,0.3,0.0,0
78.599381,nan,35.9305193,-84.3106777,35.9305194,-84.310678,25.029998779296875,0.029243389166455747,1,0.059976,6,10,1.21,35.9305192,-84.3106776,0.3,0.3,0.0,0
78.699341,nan,35.9305192,-84.3106777,35.9305194,-84.310678,25.029998779296875,0.035027704641890915,1,0.039984,6,10,1.21,35.9305192,-84.3106777,0.3,0.3,0.0,0
78.799301,nan,35.9305191,-84.3106777,35.9305193,-84.3106779,25.029998779296875,0.028647646895416958,1,0.059976,6,10,1.21,35.9305192,-84.3106777,0.3,0.3,0.0,0
78.899261,nan,35.9305188,-84.3106775,35.9305191,-84.3106779,25.029998779296875,0.0491457084529115,1,0.039984,6,10,1.21,35.930519,-84.3106776,0.3,0.3,0.0,0
78.999221,nan,35.9305188,-84.3106775,35.930519,-84.3106778,25.029998779296875,0.035027704244757894,1,0.059976,6,10,1.21,35.930519,-84.3106776,0.3,0.3,0.0,0
79.099181,nan,35.9305186,-84.3106774,35.9305189,-84.3106777,25.029998779296875,0.042971470047695956,1,0.040817,6,10,1.21,35.9305186,-84.3106774,0.3,0.3,0.0,0
79.199974,nan,35.9305183,-84.3106773,35.9305187,-84.3106775,25.029998779296875,0.04803899178309467,1,0.059976,6,10,1.21,35.9305186,-84.3106774,0.3,0.3,0.0,0
79.299934,nan,35.9305181,-84.3106772,35.9305185,-84.3106775,25.03999900817871,0.052096037902533,1,0.039984,6,10,1.21,35.9305183,-84.3106772,0.3,0.3,0.0,0
79.399894,nan,35.9305179,-84.310677,35.9305183,-84.3106774,25.03999900817871,0.05729529413521455,1,0.059976,6,10,1.21,35.9305183,-84.3106772,0.3,0.3,0.0,0
79.499854,nan,35.9305176,-84.3106768,35.9305181,-84.3106772,25.03999900817871,0.06631774644785375,1,0.039984,6,10,1.21,35.9305178,-84.310677,0.3,0.3,0.0,0
79.599814,nan,35.9305175,-84.3106768,35.9305179,-84.3106771,25.03999900817871,0.05209603867396636,1,0.059976,6,10,1.21,35.9305178,-84.310677,0.3,0.3,0.0,0
79.699774,nan,35.9305173,-84.3106767,35.9305177,-84.310677,25.03999900817871,0.05209603872063471,1,0.039984,6,10,1.21,35.9305174,-84.3106768,0.3,0.3,0.0,0
79.799734,nan,35.930517,-84.3106765,35.9305175,-84.3106769,25.03999900817871,0.06631774659661778,1,0.059976,6,10,1.21,35.9305174,-84.3106768,0.3,0.3,0.0,0
79.899694,nan,35.9305169,-84.3106765,35.9305173,-84.3106768,25.03999900817871,0.05209603811558003,1,0.039984,6,10,1.21,35.930517,-84.3106765,0.3,0.3,0.0,0
79.999654,nan,35.9305168,-84.3106763,35.9305172,-84.3106767,25.03999900817871,0.05729529383617638,1,0.059976,6,10,1.21,35.930517,-84.3106765,0.3,0.3,0.0,0
80.099614,nan,35.9305166,-84.3106763,35.930517,-84.3106766,25.03999900817871,0.05209603884491214,1,0.039984,6,10,1.21,35.9305167,-84.3106764,0.3,0.3,0.0,0
80.199574,nan,35.9305164,-84.3106762,35.9305169,-84.3106765,25.03999900817871,0.061881257429415595,1,0.059976,6,10,1.21,35.9305167,-84.3106764,0.3,0.3,0.0,0
80.299534,nan,35.9305163,-84.3106761,35.9305167,-84.3106764,25.03999900817871,0.052096038887013404,1,0.039984,6,10,1.21,35.9305164,-84.3106761,0.3,0.3,0.0,0
80.399494,nan,35.9305162,-84.3106761,35.9305166,-84.3106764,25.03999900817871,0.05209603890476732,1,0.059976,6,10,1.21,35.9305164,-84.3106761,0.3,0.3,0.0,0
80.499454,nan,35.930516,-84.310676,35.9305164,-84.3106763,25.03999900817871,0.05209603895143565,1,0.039984,6,10,1.21,35.9305161,-84.310676,0.3,0.3,0.0,0
80.599414,nan,35.9305158,-84.3106758,35.9305163,-84.3106762,25.03999900817871,0.06631774689414581,1,0.059976,6,10,1.21,35.9305161,-84.310676,0.3,0.3,0.0,0
80.699374,nan,35.9305157,-84.3106758,35.9305162,-84.3106761,25.03999900817871,0.06188125753404116,1,0.039984,6,10,1.21,35.9305158,-84.3106759,0.3,0.3,0.0,0
80.799334,nan,35.9305157,-84.3106758,35.9305161,-84.310676,25.03999900817871,0.04803899200557719,1,0.059976,6,10,1.21,35.9305158,-84.3106759,0.3,0.3,0.0,0
80.899294,nan,35.9305155,-84.3106756,35.930516,-84.310676,25.03999900817871,0.06631774696852782,1,0.039984,6,10,1.21,35.9305156,-84.3106757,0.3,0.3,0.0,0
80.999254,nan,35.9305154,-84.3106756,35.9305158,-84.3106759,25.03999900817871,0.052096039722869025,1,0.059976,6,10,1.21,35.9305156,-84.3106757,0.3,0.3,0.0,0
81.099214,nan,35.9305152,-84.3106756,35.9305157,-84.3106758,25.03999900817871,0.05850673107839099,1,0.039984,6,10,1.21,35.9305154,-84.3106756,0.3,0.3,0.0,0
81.200007,nan,35.9305151,-84.3106755,35.9305156,-84.3106757,25.03999900817871,0.05850673108541703,1,0.060809,6,10,1.21,35.9305154,-84.3106756,0.3,0.3,0.0,0
81.299967,nan,35.9305151,-84.3106753,35.9305155,-84.3106757,25.03999900817871,0.05729529432404893,1,0.039984,6,10,1.21,35.9305152,-84.3106754,0.3,0.3,0.0,0
81.399927,nan,35.9305151,-84.3106753,35.9305154,-84.3106756,25.049999237060547,0.042971470186308126,1,0.059976,6,10,1.21,35.9305152,-84.3106754,0.3,0.3,0.0,0
81.499887,nan,35.930515,-84.3106753,35.9305153,-84.3106756,25.049999237060547,0.042971470822552336,1,0.039984,6,10,1.21,35.930515,-84.3106753,0.3,0.3,0.0,0
81.599847,nan,35.9305149,-84.3106753,35.9305153,-84.3106755,25.049999237060547,0.04803899280719999,1,0.059976,6,10,1.21,35.930515,-84.3106753,0.3,0.3,0.0,0
81.699807,nan,35.9305148,-84.3106751,35.9305152,-84.3106754,25.049999237060547,0.05209603916448267,1,0.039984,6,10,1.21,35.9305149,-84.3106752,0.3,0.3,0.0,0
81.799767,nan,35.9305148,-84.3106751,35.9305151,-84.3106754,25.049999237060547,0.04297147086559991,1,0.059976,6,10,1.21,35.9305149,-84.3106752,0.3,0.3,0.0,0
81.899727,nan,35.9305146,-84.3106751,35.930515,-84.3106753,25.049999237060547,0.0480389920997044,1,0.039984,6,10,1.21,35.9305147,-84.3106751,0.3,0.3,0.0,0
81.999687,nan,35.9305145,-84.3106751,35.930515,-84.3106753,25.049999237060547,0.058506731127573264,1,0.059976,6,10,1.21,35.9305147,-84.3106751,0.3,0.3,0.0,0
82.099647,nan,35.9305145,-84.3106751,35.9305149,-84.3106752,25.049999237060547,0.04543119272224425,1,0.039984,6,10,1.21,35.9305146,-84.310675,0.3,0.3,0.0,0
82.199607,nan,35.9305145,-84.3106749,35.9305149,-84.3106752,25.049999237060547,0.05209603920658396,1,0.059976,6,10,1.21,35.9305146,-84.310675,0.3,0.3,0.0,0
82.299567,nan,35.9305145,-84.3106749,35.9305148,-84.3106752,25.049999237060547,0.042971471121547804,1,0.039984,6,10,1.21,35.9305145,-84.3106749,0.3,0.3,0.0,0
82.399527,nan,35.9305145,-84.3106749,35.9305147,-84.3106751,25.049999237060547,0.028647647555479827,1,0.059976,6,10,1.21,35.9305145,-84.3106749,0.3,0.3,0.0,0
82.499487,nan,35.9305144,-84.3106749,35.9305147,-84.3106751,25.049999237060547,0.03795121665726553,1,0.039984,6,10,1.21,35.9305144,-84.3106749,0.3,0.3,0.0,0
82.599447,nan,35.9305144,-84.3106749,35.9305147,-84.310675,25.049999237060547,0.034591087790617384,1,0.059976,6,10,1.21,35.9305144,-84.3106749,0.3,0.3,0.0,0
82.699407,nan,35.9305143,-84.3106749,35.9305146,-84.310675,25.049999237060547,0.03459108779358831,1,0.039984,6,10,1.21,35.9305143,-84.3106749,0.3,0.3,0.0,0
82.799367,nan,35.9305143,-84.3106749,35.9305146,-84.310675,25.049999237060547,0.03459108779358831,1,0.059976,6,10,1.21,35.9305143,-84.3106749,0.3,0.3,0.0,0
82.899327,nan,35.9305143,-84.3106748,35.9305145,-84.310675,25.049999237060547,0.02864764758417821,1,0.039984,6,10,1.21,35.9305143,-84.3106748,0.3,0.3,0.0,0
82.999287,nan,35.9305143,-84.3106748,35.9305145,-84.3106749,25.049999237060547,0.024019496188916512,1,0.059976,6,10,1.21,35.9305143,-84.3106748,0.3,0.3,0.0,0
83.099247,nan,35.9305142,-84.3106748,35.9305145,-84.3106749,25.049999237060547,0.03459108746276255,1,0.039984,6,10,1.21,35.9305142,-84.3106748,0.3,0.3,0.0,0
83.199207,nan,35.9305142,-84.3106748,35.9305144,-84.3106749,25.049999237060547,0.02401949619319502,1,0.059976,6,10,1.21,35.9305142,-84.3106748,0.3,0.3,0.0,0
83.3,nan,35.9305142,-84.3106748,35.9305144,-84.3106749,25.049999237060547,0.02401949619319502,1,0.039984,6,10,1.21,35.9305142,-84.3106748,0.3,0.3,0.0,0
83.39996,nan,35.9305142,-84.3106748,35.9305144,-84.3106748,25.049999237060547,0.022264000260179273,1,0.059976,6,10,1.21,35.9305142,-84.3106748,0.3,0.3,0.0,0
83.49992,nan,35.930514,-84.3106746,35.9305144,-84.3106748,25.049999237060547,0.04803899215104652,1,0.039984,6,10,1.21,35.9305141,-84.3106747,0.3,0.3,0.0,0
83.59988,nan,35.930514,-84.3106746,35.9305143,-84.3106748,25.049999237060547,0.03795121600455502,1,0.059976,6,10,1.21,35.9305141,-84.3106747,0.3,0.3,0.0,0
83.69984,nan,35.930514,-84.3106746,35.9305143,-84.3106748,25.049999237060547,0.03795121600455502,1,0.039984,6,10,1.21,35.930514,-84.3106746,0.3,0.3,0.0,0
83.7998,nan,35.930514,-84.3106746,35.9305143,-84.3106748,25.059999465942383,0.03795121600455502,1,0.059976,6,10,1.21,35.930514,-84.3106746,0.3,0.3,0.0,0
83.89976,nan,35.930514,-84.3106746,35.9305143,-84.3106748,25.059999465942383,0.03795121600455502,1,0.039984,6,10,1.21,35.930514,-84.3106746,0.3,0.3,0.0,0
83.99972,nan,35.930514,-84.3106746,35.9305142,-84.3106747,25.059999465942383,0.024019495949294502,1,0.059976,6,10,1.21,35.930514,-84.3106746,0.3,0.3,0.0,0
84.09968,nan,35.930514,-84.3106746,35.9305142,-84.3106747,25.059999465942383,0.024019495949294502,1,0.039984,6,10,1.21,35.930514,-84.3106746,0.3,0.3,0.0,0
84.19964,nan,35.9305139,-84.3106746,35.9305142,-84.3106747,25.059999465942383,0.03459108704182329,1,0.059976,6,10,1.21,35.930514,-84.3106746,0.3,0.3,0.0,0
84.2996,nan,35.9305139,-84.3106746,35.9305142,-84.3106747,25.059999465942383,0.03459108704182329,1,0.039984,6,10,1.21,35.930514,-84.3106746,0.3,0.3,0.0,0
84.39956,nan,35.9305139,-84.3106746,35.9305142,-84.3106747,25.059999465942383,0.03459108704182329,1,0.059976,6,10,1.21,35.930514,-84.3106746,0.3,0.3,0.0,0
84.49952,nan,35.9305139,-84.3106746,35.9305141,-84.3106747,25.049999237060547,0.024019496686739653,1,0.039984,6,10,1.21,35.9305139,-84.3106746,0.3,0.3,0.0,0
84.59948,nan,35.9305139,-84.3106746,35.9305141,-84.3106746,25.03999900817871,0.022264000260179273,1,0.059976,6,10,1.21,35.9305139,-84.3106746,0.3,0.3,0.0,0
84.69944,nan,35.9305139,-84.3106746,35.9305141,-84.3106746,25.01999855041504,0.022264000260179273,1,0.039984,6,10,1.21,35.9305139,-84.3106746,0.3,0.3,0.0,0
84.7994,nan,35.9305139,-84.3106746,35.9305141,-84.3106746,24.989999771118164,0.022264000260179273,1,0.059976,6,10,1.21,35.9305139,-84.3106746,0.3,0.3,0.0,0
84.89936,nan,35.9305139,-84.3106746,35.9305141,-84.3106746,24.94999885559082,0.022264000260179273,1,0.039984,6,10,1.21,35.9305139,-84.3106745,0.3,0.3,0.0,0
84.99932,nan,35.9305139,-84.3106744,35.9305141,-84.3106746,24.90999984741211,0.02864764764157498,1,0.059976,6,10,1.21,35.9305139,-84.3106745,0.3,0.3,0.0,0
85.09928,nan,35.9305139,-84.3106744,35.9305141,-84.3106746,24.85999870300293,0.02864764764157498,1,0.039984,6,10,1.21,35.9305139,-84.3106744,0.3,0.3,0.0,0
85.19924,nan,35.9305139,-84.3106744,35.930514,-84.3106746,24.809999465942383,0.021187813353597616,1,0.059976,6,10,1.21,35.9305139,-84.3106744,0.3,0.3,0.0,0
85.2992,nan,35.9305139,-84.3106744,35.930514,-84.3106746,24.760000228881836,0.021187813353597616,1,0.039984,6,10,1.21,35.9305139,-84.3106744,0.3,0.3,0.0,0
85.399993,nan,35.9305139,-84.3106744,35.930514,-84.3106745,24.709999084472656,0.014323824223835971,1,0.060809,6,10,1.21,35.9305139,-84.3106744,0.3,0.3,0.0,0
85.499953,nan,35.9305139,-84.3106744,35.930514,-84.3106745,24.649999618530273,0.014323824223835971,1,0.039984,6,10,1.21,35.9305139,-84.3106744,0.3,0.3,0.0,0
85.599913,nan,35.9305139,-84.3106744,35.930514,-84.3106745,24.600000381469727,0.014323824223835971,1,0.059976,6,10,1.21,35.9305139,-84.3106744,0.3,0.3,0.0,0
85.699873,nan,35.9305139,-84.3106744,35.930514,-84.3106745,24.53999900817871,0.014323824223835971,1,0.039984,6,10,1.21,35.9305139,-84.3106744,0.3,0.3,0.0,0
85.799833,nan,35.9305139,-84.3106744,35.930514,-84.3106745,24.489999771118164,0.014323824223835971,1,0.059976,6,10,1.21,35.9305139,-84.3106744,0.3,0.3,0.0,0
85.899793,nan,35.9305139,-84.3106744,35.930514,-84.3106745,24.439998626708984,0.014323824223835971,1,0.039984,6,10,1.21,35.9305139,-84.3106744,0.3,0.3,0.0,0
85.999753,nan,35.9305139,-84.3106744,35.930514,-84.3106745,24.3799991607666,0.014323824223835971,1,0.059976,6,10,1.21,35.9305139,-84.3106744,0.3,0.3,0.0,0
86.099713,nan,35.9305139,-84.3106744,35.930514,-84.3106745,24.329999923706055,0.014323824223835971,1,0.039984,6,10,1.21,35.9305139,-84.3106744,0.3,0.3,0.0,0
86.199673,nan,35.9305139,-84.3106744,35.930514,-84.3106745,24.279998779296875,0.014323824223835971,1,0.059976,6,10,1.21,35.9305139,-84.3106744,0.3,0.3,0.0,0
86.299633,nan,35.9305139,-84.3106744,35.930514,-84.3106744,24.229999542236328,0.011132000130089637,1,0.039984,6,10,1.21,35.9305139,-84.3106744,0.3,0.3,0.0,0
86.399593,nan,35.9305139,-84.3106744,35.930514,-84.3106744,24.18000030517578,0.011132000130089637,1,0.059976,6,10,1.21,35.9305139,-84.3106744,0.3,0.3,0.0,0
86.499553,nan,35.9305139,-84.3106744,35.930514,-84.3106744,24.1299991607666,0.011132000130089637,1,0.039984,6,10,1.21,35.9305139,-84.3106744,0.3,0.3,0.0,0
86.599513,nan,35.9305139,-84.3106744,35.930514,-84.3106744,24.079999923706055,0.011132000130089637,1,0.059976,6,10,1.21,35.9305139,-84.3106744,0.3,0.3,0.0,0
86.699473,nan,35.9305139,-84.3106744,35.930514,-84.3106744,24.029998779296875,0.011132000130089637,1,0.039984,6,10,1.21,35.9305139,-84.3106744,0.3,0.3,0.0,0
86.799433,nan,35.9305139,-84.3106744,35.930514,-84.3106744,23.979999542236328,0.011132000130089637,1,0.059976,6,10,1.21,35.9305139,-84.3106744,0.3,0.3,0.0,0
86.899393,nan,35.9305139,-84.3106744,35.930514,-84.3106744,23.93000030517578,0.011132000130089637,1,0.039984,6,10,1.21,35.9305139,-84.3106744,0.3,0.3,0.0,0
86.999353,nan,35.9305139,-84.3106744,35.9305139,-84.3106744,23.8799991607666,0.0,1,0.059976,6,10,1.21,35.9305139,-84.3106744,0.3,0.3,0.0,0
87.099313,nan,35.9305138,-84.3106744,35.9305139,-84.3106744,23.829999923706055,0.011132000130089637,1,0.039984,6,10,1.21,35.9305138,-84.3106744,0.3,0.3,0.0,0
87.199273,nan,35.9305138,-84.3106744,35.9305139,-84.3106744,23.779998779296875,0.011132000130089637,1,0.059976,6,10,1.21,35.9305138,-84.3106744,0.3,0.3,0.0,0
87.299233,nan,35.9305138,-84.3106743,35.9305139,-84.3106744,23.729999542236328,0.01432382342491362,1,0.039984,6,10,1.21,35.9305138,-84.3106743,0.3,0.3,0.0,0
87.399193,nan,35.9305138,-84.3106743,35.9305139,-84.3106744,23.68000030517578,0.01432382342491362,1,0.059976,6,10,1.21,35.9305138,-84.3106743,0.3,0.3,0.0,0
87.499986,nan,35.9305138,-84.3106743,35.9305139,-84.3106744,23.6299991607666,0.01432382342491362,1,0.039984,6,10,1.21,35.9305138,-84.3106743,0.3,0.3,0.0,0
87.599946,nan,35.9305138,-84.3106743,35.9305139,-84.3106744,23.579999923706055,0.01432382342491362,1,0.059976,6,10,1.21,35.9305138,-84.3106743,0.3,0.3,0.0,0
87.699906,nan,35.9305138,-84.3106743,35.9305139,-84.3106744,23.529998779296875,0.01432382342491362,1,0.039984,6,10,1.21,35.9305138,-84.3106743,0.3,0.3,0.0,0
87.799866,nan,35.9305138,-84.3106743,35.9305139,-84.3106744,23.489999771118164,0.01432382342491362,1,0.059976,6,10,1.21,35.9305138,-84.3106743,0.3,0.3,0.0,0
87.899826,nan,35.9305138,-84.3106743,35.9305139,-84.3106744,23.439998626708984,0.01432382342491362,1,0.039984,6,10,1.21,35.9305137,-84.3106743,0.3,0.3,0.0,0
87.999786,nan,35.9305137,-84.3106743,35.9305139,-84.3106744,23.389999389648438,0.024019496214587568,1,0.059976,6,10,1.21,35.9305137,-84.3106743,0.3,0.3,0.0,0
88.099746,nan,35.9305137,-84.3106743,35.9305138,-84.3106744,23.34000015258789,0.014323823432088214,1,0.039984,6,10,1.21,35.9305137,-84.3106743,0.3,0.3,0.0,0
88.199706,nan,35.9305137,-84.3106743,35.9305138,-84.3106744,23.28999900817871,0.014323823432088214,1,0.059976,6,10,1.21,35.9305137,-84.3106743,0.3,0.3,0.0,0
88.299666,nan,35.9305137,-84.3106743,35.9305138,-84.3106743,23.239999771118164,0.011132000130089637,1,0.039984,6,10,1.21,35.9305137,-84.3106742,0.3,0.3,0.0,0
88.399626,nan,35.9305137,-84.3106741,35.9305138,-84.3106743,23.189998626708984,0.021187813392400164,1,0.059976,6,10,1.21,35.9305137,-84.3106742,0.3,0.3,0.0,0
88.499586,nan,35.9305137,-84.3106741,35.9305138,-84.3106743,23.139999389648438,0.021187813392400164,1,0.039984,6,10,1.21,35.9305137,-84.3106741,0.3,0.3,0.0,0
88.599546,nan,35.9305137,-84.3106741,35.9305138,-84.3106743,23.09000015258789,0.021187813392400164,1,0.059976,6,10,1.21,35.9305137,-84.3106741,0.3,0.3,0.0,0
88.699506,nan,35.9305137,-84.3106741,35.9305138,-84.3106743,23.03999900817871,0.021187813392400164,1,0.039984,6,10,1.21,35.9305137,-84.3106741,0.3,0.3,0.0,0
88.799466,nan,35.9305137,-84.3106741,35.9305138,-84.3106743,22.989999771118164,0.021187813392400164,1,0.059976,6,10,1.21,35.9305137,-84.3106741,0.3,0.3,0.0,0
88.899426,nan,35.9305137,-84.3106741,35.9305138,-84.3106743,22.939998626708984,0.021187813392400164,1,0.039984,6,10,1.21,35.9305137,-84.3106741,0.3,0.3,0.0,0
88.999386,nan,35.9305137,-84.3106741,35.9305138,-84.3106743,22.889999389648438,0.021187813392400164,1,0.059976,6,10,1.21,35.9305137,-84.3106741,0.3,0.3,0.0,0
89.099346,nan,35.9305137,-84.3106741,35.9305138,-84.3106743,22.84000015258789,0.021187813392400164,1,0.039984,6,10,1.21,35.9305137,-84.3106741,0.3,0.3,0.0,0
89.199306,nan,35.9305136,-84.3106741,35.9305138,-84.3106743,22.78999900817871,0.028647647684622555,1,0.059976,6,10,1.21,35.9305137,-84.3106741,0.3,0.3,0.0,0
89.299266,nan,35.9305136,-84.3106741,35.9305138,-84.3106743,22.739999771118164,0.028647647684622555,1,0.039984,6,10,1.21,35.9305136,-84.3106741,0.3,0.3,0.0,0
89.399226,nan,35.9305136,-84.3106741,35.9305138,-84.3106742,22.689998626708984,0.024019496218866076,1,0.059976,6,10,1.21,35.9305136,-84.3106741,0.3,0.3,0.0,0
89.499186,nan,35.9305136,-84.3106741,35.9305138,-84.3106742,22.639999389648438,0.024019496218866076,1,0.040817,6,10,1.21,35.9305136,-84.3106741,0.3,0.3,0.0,0
89.599979,nan,35.9305136,-84.3106741,35.9305138,-84.3106742,22.59000015258789,0.024019496218866076,1,0.059976,6,10,1.21,35.9305136,-84.3106741,0.3,0.3,0.0,0
89.699939,nan,35.9305136,-84.3106741,35.9305138,-84.3106742,22.53999900817871,0.024019496218866076,1,0.039984,6,10,1.21,35.9305136,-84.3106741,0.3,0.3,0.0,0
89.799899,nan,35.9305136,-84.3106741,35.9305138,-84.3106742,22.489999771118164,0.024019496218866076,1,0.059976,6,10,1.21,35.9305136,-84.3106741,0.3,0.3,0.0,0
89.899859,nan,35.9305136,-84.3106741,35.9305138,-84.3106742,22.439998626708984,0.024019496218866076,1,0.039984,6,10,1.21,35.9305136,-84.3106741,0.3,0.3,0.0,0
89.999819,nan,35.9305136,-84.3106741,35.9305138,-84.3106742,22.389999389648438,0.024019496218866076,1,0.059976,6,10,1.21,35.9305136,-84.3106741,0.3,0.3,0.0,0
90.099779,nan,35.9305136,-84.3106741,35.9305138,-84.3106742,22.34000015258789,0.024019496218866076,1,0.039984,6,10,1.21,35.9305136,-84.3106741,0.3,0.3,0.0,0
90.199739,nan,35.9305136,-84.3106741,35.9305138,-84.3106742,22.28999900817871,0.024019496218866076,1,0.059976,6,10,1.21,35.9305136,-84.3106741,0.3,0.3,0.0,0
90.299699,nan,35.9305136,-84.3106741,35.9305137,-84.3106742,22.239999771118164,0.01432382343926281,1,0.039984,6,10,1.21,35.9305136,-84.3106741,0.3,0.3,0.0,0
90.399659,nan,35.9305136,-84.3106741,35.9305137,-84.3106742,22.189998626708984,0.01432382343926281,1,0.059976,6,10,1.21,35.9305136,-84.3106741,0.3,0.3,0.0,0
90.499619,nan,35.9305136,-84.3106741,35.9305137,-84.3106742,22.139999389648438,0.01432382343926281,1,0.039984,6,10,1.21,35.9305136,-84.3106741,0.3,0.3,0.0,0
90.599579,nan,35.9305136,-84.3106741,35.9305137,-84.3106742,22.09000015258789,0.01432382343926281,1,0.059976,6,10,1.21,35.9305136,-84.3106741,0.3,0.3,0.0,0
90.699539,nan,35.9305136,-84.3106741,35.9305137,-84.3106742,22.03999900817871,0.01432382343926281,1,0.039984,6,10,1.21,35.9305136,-84.3106741,0.3,0.3,0.0,0
90.799499,nan,35.9305136,-84.3106741,35.9305137,-84.3106742,21.989999771118164,0.01432382343926281,1,0.059976,6,10,1.21,35.9305136,-84.3106741,0.3,0.3,0.0,0
90.899459,nan,35.9305136,-84.3106741,35.9305137,-84.3106742,21.939998626708984,0.01432382343926281,1,0.039984,6,10,1.21,35.9305136,-84.3106741,0.3,0.3,0.0,0
90.999419,nan,35.9305136,-84.3106741,35.9305137,-84.3106742,21.889999389648438,0.01432382343926281,1,0.059976,6,10,1.21,35.9305136,-84.3106741,0.3,0.3,0.0,0
91.099379,nan,35.9305136,-84.3106741,35.9305137,-84.3106742,21.84000015258789,0.01432382343926281,1,0.039984,6,10,1.21,35.9305136,-84.3106741,0.3,0.3,0.0,0
91.199339,nan,35.9305136,-84.3106741,35.9305137,-84.3106742,21.78999900817871,0.01432382343926281,1,0.059976,6,10,1.21,35.9305136,-84.3106741,0.3,0.3,0.0,0
91.299299,nan,35.9305136,-84.3106741,35.9305137,-84.3106742,21.739999771118164,0.01432382343926281,1,0.039984,6,10,1.21,35.9305136,-84.3106741,0.3,0.3,0.0,0
91.399259,nan,35.9305136,-84.3106741,35.9305137,-84.3106742,21.689998626708984,0.01432382343926281,1,0.059976,6,10,1.21,35.9305136,-84.3106741,0.3,0.3,0.0,0
91.499219,nan,35.9305136,-84.3106741,35.9305137,-84.3106742,21.639999389648438,0.01432382343926281,1,0.039984,6,10,1.21,35.9305136,-84.3106741,0.3,0.3,0.0,0
91.599179,nan,35.9305136,-84.3106741,35.9305137,-84.3106742,21.59000015258789,0.01432382343926281,1,0.059976,6,10,1.21,35.9305136,-84.3106741,0.3,0.3,0.0,0
91.699972,nan,35.9305136,-84.3106741,35.9305137,-84.3106742,21.53999900817871,0.01432382343926281,1,0.039984,6,10,1.21,35.9305136,-84.3106741,0.3,0.3,0.0,0
91.799932,nan,35.9305136,-84.3106741,35.9305137,-84.3106742,21.489999771118164,0.01432382343926281,1,0.059976,6,10,1.21,35.9305136,-84.3106741,0.3,0.3,0.0,0
91.899892,nan,35.9305136,-84.3106741,35.9305137,-84.3106742,21.439998626708984,0.01432382343926281,1,0.039984,6,10,1.21,35.9305136,-84.3106741,0.3,0.3,0.0,0
91.999852,nan,35.9305134,-84.3106741,35.9305137,-84.3106742,21.389999389648438,0.03459108672288123,1,0.059976,6,10,1.21,35.9305136,-84.3106741,0.3,0.3,0.0,0
92.099812,nan,35.9305134,-84.3106741,35.9305137,-84.3106742,21.34000015258789,0.03459108672288123,1,0.039984,6,10,1.21,35.9305135,-84.3106741,0.3,0.3,0.0,0
92.199772,nan,35.9305134,-84.3106741,35.9305137,-84.3106742,21.28999900817871,0.03459108672288123,1,0.059976,6,10,1.21,35.9305135,-84.3106741,0.3,0.3,0.0,0
92.299732,nan,35.9305134,-84.3106741,35.9305137,-84.3106742,21.239999771118164,0.03459108672288123,1,0.039984,6,10,1.21,35.9305134,-84.3106741,0.3,0.3,0.0,0
92.399692,nan,35.9305134,-84.3106741,35.9305137,-84.3106742,21.189998626708984,0.03459108672288123,1,0.059976,6,10,1.21,35.9305134,-84.3106741,0.3,0.3,0.0,0
92.499652,nan,35.9305134,-84.3106741,35.9305137,-84.3106742,21.139999389648438,0.03459108672288123,1,0.039984,6,10,1.21,35.9305134,-84.3106741,0.3,0.3,0.0,0
92.599612,nan,35.9305134,-84.3106741,35.9305137,-84.3106742,21.09000015258789,0.03459108672288123,1,0.059976,6,10,1.21,35.9305134,-84.3106741,0.3,0.3,0.0,0
92.699572,nan,35.9305134,-84.3106741,35.9305137,-84.3106742,21.03999900817871,0.03459108672288123,1,0.039984,6,10,1.21,35.9305134,-84.3106741,0.3,0.3,0.0,0
92.799532,nan,35.9305134,-84.3106741,35.9305137,-84.3106742,20.989999771118164,0.03459108672288123,1,0.059976,6,10,1.21,35.9305134,-84.3106741,0.3,0.3,0.0,0
92.899492,nan,35.9305134,-84.3106741,35.9305137,-84.3106742,20.939998626708984,0.03459108672288123,1,0.039984,6,10,1.21,35.9305134,-84.3106741,0.3,0.3,0.0,0
92.999452,nan,35.9305134,-84.3106741,35.9305137,-84.3106742,20.889999389648438,0.03459108672288123,1,0.059976,6,10,1.21,35.9305134,-84.3106741,0.3,0.3,0.0,0
93.099412,nan,35.9305134,-84.3106741,35.9305137,-84.3106742,20.84000015258789,0.03459108672288123,1,0.039984,6,10,1.21,35.9305134,-84.3106741,0.3,0.3,0.0,0
93.199372,nan,35.9305134,-84.3106741,35.9305137,-84.3106742,20.78999900817871,0.03459108672288123,1,0.059976,6,10,1.21,35.9305134,-84.3106741,0.3,0.3,0.0,0
93.299332,nan,35.9305134,-84.3106741,35.9305136,-84.3106742,20.739999771118164,0.02401949549425644,1,0.039984,6,10,1.21,35.9305134,-84.3106741,0.3,0.3,0.0,0
93.399292,nan,35.9305134,-84.3106741,35.9305136,-84.3106742,20.689998626708984,0.02401949549425644,1,0.059976,6,10,1.21,35.9305134,-84.3106741,0.3,0.3,0.0,0
93.499252,nan,35.9305134,-84.3106741,35.9305136,-84.3106742,20.639999389648438,0.02401949549425644,1,0.039984,6,10,1.21,35.9305134,-84.3106741,0.3,0.3,0.0,0
93.599212,nan,35.9305134,-84.3106741,35.9305136,-84.3106742,20.59000015258789,0.02401949549425644,1,0.059976,6,10,1.21,35.9305134,-84.3106741,0.3,0.3,0.0,0
93.700005,nan,35.9305134,-84.3106741,35.9305136,-84.3106742,20.53999900817871,0.02401949549425644,1,0.039984,6,10,1.21,35.9305134,-84.3106741,0.3,0.3,0.0,0
93.799965,nan,35.9305134,-84.3106741,35.9305136,-84.3106742,20.489999771118164,0.02401949549425644,1,0.059976,6,10,1.21,35.9305134,-84.3106741,0.3,0.3,0.0,0
93.899925,nan,35.9305134,-84.3106741,35.9305136,-84.3106742,20.439998626708984,0.02401949549425644,1,0.039984,6,10,1.21,35.9305134,-84.3106741,0.3,0.3,0.0,0
93.999885,nan,35.9305134,-84.3106741,35.9305136,-84.3106742,20.389999389648438,0.02401949549425644,1,0.059976,6,10,1.21,35.9305134,-84.3106741,0.3,0.3,0.0,0
94.099845,nan,35.9305134,-84.3106741,35.9305136,-84.3106742,20.34000015258789,0.02401949549425644,1,0.039984,6,10,1.21,35.9305134,-84.3106741,0.3,0.3,0.0,0
94.199805,nan,35.9305134,-84.3106741,35.9305136,-84.3106742,20.28999900817871,0.02401949549425644,1,0.059976,6,10,1.21,35.9305134,-84.3106741,0.3,0.3,0.0,0
94.299765,nan,35.9305134,-84.3106741,35.9305136,-84.3106742,20.239999771118164,0.02401949549425644,1,0.039984,6,10,1.21,35.9305134,-84.3106741,0.3,0.3,0.0,0
94.399725,nan,35.9305134,-84.3106741,35.9305136,-84.3106742,20.189998626708984,0.02401949549425644,1,0.059976,6,10,1.21,35.9305134,-84.3106741,0.3,0.3,0.0,0
94.499685,nan,35.9305134,-84.3106741,35.9305136,-84.3106742,20.139999389648438,0.02401949549425644,1,0.039984,6,10,1.21,35.9305134,-84.3106741,0.3,0.3,0.0,0
94.599645,nan,35.9305134,-84.3106741,35.9305136,-84.3106742,20.09000015258789,0.02401949549425644,1,0.059976,6,10,1.21,35.9305134,-84.3106741,0.3,0.3,0.0,0
94.699605,nan,35.9305134,-84.3106741,35.9305136,-84.3106742,20.03999900817871,0.02401949549425644,1,0.039984,6,10,1.21,35.9305134,-84.3106741,0.3,0.3,0.0,0
94.799565,nan,35.9305134,-84.3106741,35.9305136,-84.3106742,19.989999771118164,0.02401949549425644,1,0.059976,6,10,1.21,35.9305134,-84.3106741,0.3,0.3,0.0,0
94.899525,nan,35.9305134,-84.3106741,35.9305136,-84.3106742,19.939998626708984,0.02401949549425644,1,0.039984,6,10,1.21,35.9305134,-84.3106741,0.3,0.3,0.0,0
94.999485,nan,35.9305134,-84.3106741,35.9305136,-84.3106742,19.889999389648438,0.02401949549425644,1,0.059976,6,10,1.21,35.9305134,-84.3106741,0.3,0.3,0.0,0
95.099445,nan,35.9305134,-84.3106741,35.9305136,-84.3106742,19.84000015258789,0.02401949549425644,1,0.039984,6,10,1.21,35.9305134,-84.3106741,0.3,0.3,0.0,0
95.199405,nan,35.9305134,-84.3106741,35.9305136,-84.3106742,19.78999900817871,0.02401949549425644,1,0.059976,6,10,1.21,35.9305134,-84.3106741,0.3,0.3,0.0,0
95.299365,nan,35.9305134,-84.3106741,35.9305136,-84.3106742,19.739999771118164,0.02401949549425644,1,0.039984,6,10,1.21,35.9305134,-84.3106741,0.3,0.3,0.0,0
95.399325,nan,35.9305136,-84.3106741,35.9305136,-84.3106742,19.689998626708984,0.009013905425666446,1,0.059976,6,10,1.21,35.9305134,-84.3106741,0.3,0.3,0.0,0
95.499285,nan,35.9305136,-84.3106741,35.9305136,-84.3106742,19.639999389648438,0.009013905425666446,1,0.039984,6,10,1.21,35.9305135,-84.3106741,0.3,0.3,0.0,0
95.599245,nan,35.9305136,-84.3106741,35.9305136,-84.3106742,19.59000015258789,0.009013905425666446,1,0.059976,6,10,1.21,35.9305135,-84.3106741,0.3,0.3,0.0,0
95.699205,nan,35.9305136,-84.3106739,35.9305136,-84.3106742,19.53999900817871,0.027041717557952417,1,0.039984,6,10,1.21,35.9305136,-84.310674,0.3,0.3,0.0,0
95.799998,nan,35.9305136,-84.3106739,35.9305136,-84.3106742,19.489999771118164,0.027041717557952417,1,0.060809,6,10,1.21,35.9305136,-84.310674,0.3,0.3,0.0,0
95.899958,nan,35.9305136,-84.3106739,35.9305136,-84.3106742,19.439998626708984,0.027041717557952417,1,0.039984,6,10,1.21,35.9305136,-84.3106739,0.3,0.3,0.0,0
95.999918,nan,35.9305136,-84.3106739,35.9305136,-84.3106742,19.389999389648438,0.027041717557952417,1,0.059976,6,10,1.21,35.9305136,-84.3106739,0.3,0.3,0.0,0
96.099878,nan,35.9305136,-84.3106739,35.9305136,-84.3106742,19.34000015258789,0.027041717557952417,1,0.039984,6,10,1.21,35.9305136,-84.3106739,0.3,0.3,0.0,0
96.199838,nan,35.9305136,-84.3106739,35.9305136,-84.3106742,19.28999900817871,0.027041717557952417,1,0.059976,6,10,1.21,35.9305136,-84.3106739,0.3,0.3,0.0,0
96.299798,nan,35.9305136,-84.3106739,35.9305136,-84.3106742,19.239999771118164,0.027041717557952417,1,0.039984,6,10,1.21,35.9305136,-84.3106739,0.3,0.3,0.0,0
96.399758,nan,35.9305136,-84.3106739,35.9305136,-84.3106742,19.189998626708984,0.027041717557952417,1,0.059976,6,10,1.21,35.9305136,-84.3106739,0.3,0.3,0.0,0
96.499718,nan,35.9305136,-84.3106739,35.9305136,-84.3106741,19.139999389648438,0.01802781213228597,1,0.039984,6,10,1.21,35.9305136,-84.3106739,0.3,0.3,0.0,0
96.599678,nan,35.9305136,-84.3106739,35.9305136,-84.3106741,19.09000015258789,0.01802781213228597,1,0.059976,6,10,1.21,35.9305136,-84.3106739,0.3,0.3,0.0,0
96.699638,nan,35.9305136,-84.3106739,35.9305136,-84.3106741,19.03999900817871,0.01802781213228597,1,0.039984,6,10,1.21,35.9305136,-84.3106739,0.3,0.3,0.0,0
96.799598,nan,35.9305136,-84.3106739,35.9305136,-84.3106741,18.989999771118164,0.01802781213228597,1,0.059976,6,10,1.21,35.9305136,-84.3106739,0.3,0.3,0.0,0
96.899558,nan,35.9305136,-84.3106739,35.9305136,-84.3106741,18.939998626708984,0.01802781213228597,1,0.039984,6,10,1.21,35.9305136,-84.3106739,0.3,0.3,0.0,0
96.999518,nan,35.9305136,-84.3106739,35.9305136,-84.3106741,18.889999389648438,0.01802781213228597,1,0.059976,6,10,1.21,35.9305136,-84.3106739,0.3,0.3,0.0,0
97.099478,nan,35.9305136,-84.3106739,35.9305136,-84.3106741,18.84000015258789,0.01802781213228597,1,0.039984,6,10,1.21,35.9305136,-84.3106739,0.3,0.3,0.0,0
97.199438,nan,35.9305136,-84.3106739,35.9305136,-84.3106741,18.78999900817871,0.01802781213228597,1,0.059976,6,10,1.21,35.9305136,-84.3106739,0.3,0.3,0.0,0
97.299398,nan,35.9305136,-84.3106739,35.9305136,-84.3106741,18.739999771118164,0.01802781213228597,1,0.039984,6,10,1.21,35.9305136,-84.3106739,0.3,0.3,0.0,0
97.399358,nan,35.9305136,-84.3106739,35.9305136,-84.3106741,18.690000534057617,0.01802781213228597,1,0.059976,6,10,1.21,35.9305136,-84.3106739,0.3,0.3,0.0,0
97.499318,nan,35.9305136,-84.3106739,35.9305136,-84.3106741,18.639999389648438,0.01802781213228597,1,0.039984,6,10,1.21,35.9305136,-84.3106739,0.3,0.3,0.0,0
97.599278,nan,35.9305136,-84.3106739,35.9305136,-84.3106741,18.59000015258789,0.01802781213228597,1,0.059976,6,10,1.21,35.9305136,-84.3106739,0.3,0.3,0.0,0
97.699238,nan,35.9305136,-84.3106739,35.9305136,-84.3106741,18.53999900817871,0.01802781213228597,1,0.039984,6,10,1.21,35.9305136,-84.3106739,0.3,0.3,0.0,0
97.799198,nan,35.9305136,-84.3106739,35.9305136,-84.3106741,18.489999771118164,0.01802781213228597,1,0.059976,6,10,1.21,35.9305136,-84.3106739,0.3,0.3,0.0,0
97.899991,nan,35.9305136,-84.3106739,35.9305136,-84.3106741,18.440000534057617,0.01802781213228597,1,0.039984,6,10,1.21,35.9305136,-84.3106739,0.3,0.3,0.0,0
97.999951,nan,35.9305136,-84.3106739,35.9305136,-84.3106741,18.389999389648438,0.01802781213228597,1,0.059976,6,10,1.21,35.9305136,-84.3106739,0.3,0.3,0.0,0
98.099911,nan,35.9305136,-84.3106739,35.9305136,-84.3106741,18.34000015258789,0.01802781213228597,1,0.039984,6,10,1.21,35.9305136,-84.3106739,0.3,0.3,0.0,0
98.199871,nan,35.9305136,-84.3106739,35.9305136,-84.3106741,18.28999900817871,0.01802781213228597,1,0.059976,6,10,1.21,35.9305136,-84.3106739,0.3,0.3,0.0,0
98.299831,nan,35.9305136,-84.3106739,35.9305136,-84.3106741,18.239999771118164,0.01802781213228597,1,0.039984,6,10,1.21,35.9305136,-84.310674,0.3,0.3,0.0,0
98.399791,nan,35.9305136,-84.3106741,35.9305136,-84.3106741,18.190000534057617,0.0,1,0.059976,6,10,1.21,35.9305136,-84.310674,0.3,0.3,0.0,0
98.499751,nan,35.9305136,-84.3106741,35.9305136,-84.3106741,18.139999389648438,0.0,1,0.039984,6,10,1.21,35.9305136,-84.3106741,0.3,0.3,0.0,0
98.599711,nan,35.9305136,-84.3106741,35.9305136,-84.3106741,18.09000015258789,0.0,1,0.059976,6,10,1.21,35.9305136,-84.3106741,0.3,0.3,0.0,0
98.699671,nan,35.9305136,-84.3106741,35.9305136,-84.3106741,18.03999900817871,0.0,1,0.039984,6,10,1.21,35.9305136,-84.3106741,0.3,0.3,0.0,0
98.799631,nan,35.9305136,-84.3106741,35.9305136,-84.3106741,17.989999771118164,0.0,1,0.059976,6,10,1.21,35.9305136,-84.3106741,0.3,0.3,0.0,0
98.899591,nan,35.9305136,-84.3106741,35.9305136,-84.3106741,17.940000534057617,0.0,1,0.039984,6,10,1.21,35.9305136,-84.3106741,0.3,0.3,0.0,0
98.999551,nan,35.9305136,-84.3106741,35.9305136,-84.3106741,17.889999389648438,0.0,1,0.059976,6,10,1.21,35.9305136,-84.3106741,0.3,0.3,0.0,0
99.099511,nan,35.9305136,-84.3106741,35.9305136,-84.3106741,17.84000015258789,0.0,1,0.039984,6,10,1.21,35.9305136,-84.3106741,0.3,0.3,0.0,0
99.199471,nan,35.9305136,-84.3106741,35.9305136,-84.3106741,17.78999900817871,0.0,1,0.059976,6,10,1.21,35.9305136,-84.3106741,0.3,0.3,0.0,0
99.299431,nan,35.9305136,-84.3106741,35.9305136,-84.3106741,17.739999771118164,0.0,1,0.039984,6,10,1.21,35.9305136,-84.3106741,0.3,0.3,0.0,0
99.399391,nan,35.9305136,-84.3106741,35.9305136,-84.3106741,17.690000534057617,0.0,1,0.059976,6,10,1.21,35.9305136,-84.3106741,0.3,0.3,0.0,0
99.499351,nan,35.9305136,-84.3106741,35.9305136,-84.3106741,17.639999389648438,0.0,1,0.039984,6,10,1.21,35.9305136,-84.3106741,0.3,0.3,0.0,0
99.599311,nan,35.9305136,-84.3106741,35.9305136,-84.3106742,17.59000015258789,0.009013905425666446,1,0.059976,6,10,1.21,35.9305136,-84.3106741,0.3,0.3,0.0,0
99.699271,nan,35.9305136,-84.3106741,35.9305136,-84.3106742,17.53999900817871,0.009013905425666446,1,0.039984,6,10,1.21,35.9305136,-84.3106741,0.3,0.3,0.0,0
99.799231,nan,35.9305136,-84.3106741,35.9305136,-84.3106742,17.489999771118164,0.009013905425666446,1,0.059976,6,10,1.21,35.9305136,-84.3106741,0.3,0.3,0.0,0
99.899191,nan,35.9305136,-84.3106741,35.9305136,-84.3106741,17.440000534057617,0.0,1,0.040817,6,10,1.21,35.9305136,-84.3106741,0.3,0.3,0.0,0
99.999984,nan,35.9305136,-84.3106741,35.9305136,-84.3106741,17.389999389648438,0.0,1,0.059976,6,10,1.21,35.9305136,-84.3106741,0.3,0.3,0.0,0
100.099944,nan,35.9305136,-84.3106741,35.9305136,-84.3106741,17.34000015258789,0.0,1,0.039984,6,10,1.21,35.9305136,-84.3106741,0.3,0.3,0.0,0
100.199904,nan,35.9305136,-84.3106741,35.9305136,-84.3106741,17.28999900817871,0.0,1,0.059976,6,10,1.21,35.9305136,-84.3106741,0.3,0.3,0.0,0
100.299864,nan,35.9305136,-84.3106741,35.9305136,-84.3106741,17.239999771118164,0.0,1,0.039984,6,10,1.21,35.9305136,-84.3106741,0.3,0.3,0.0,0
100.399824,nan,35.9305136,-84.3106741,35.9305136,-84.3106741,17.190000534057617,0.0,1,0.059976,6,10,1.21,35.9305136,-84.3106741,0.3,0.3,0.0,0
100.499784,nan,35.9305136,-84.3106741,35.9305136,-84.3106741,17.139999389648438,0.0,1,0.039984,6,10,1.21,35.9305135,-84.3106741,0.3,0.3,0.0,0
100.599744,nan,35.9305134,-84.3106741,35.9305136,-84.3106741,17.09000015258789,0.0222639994692031,1,0.059976,6,10,1.21,35.9305135,-84.3106741,0.3,0.3,0.0,0
100.699704,nan,35.9305134,-84.3106741,35.9305136,-84.3106741,17.03999900817871,0.0222639994692031,1,0.039984,6,10,1.21,35.9305134,-84.3106741,0.3,0.3,0.0,0
100.799664,nan,35.9305134,-84.3106741,35.9305136,-84.3106741,16.989999771118164,0.0222639994692031,1,0.059976,6,10,1.21,35.9305134,-84.3106741,0.3,0.3,0.0,0
100.899624,nan,35.9305134,-84.3106741,35.9305136,-84.3106741,16.940000534057617,0.0222639994692031,1,0.039984,6,10,1.21,35.9305134,-84.3106741,0.3,0.3,0.0,0
100.999584,nan,35.9305134,-84.3106741,35.9305136,-84.3106741,16.889999389648438,0.0222639994692031,1,0.059976,6,10,1.21,35.9305134,-84.3106741,0.3,0.3,0.0,0
101.099544,nan,35.9305134,-84.3106741,35.9305136,-84.3106741,16.84000015258789,0.0222639994692031,1,0.039984,6,10,1.21,35.9305134,-84.3106741,0.3,0.3,0.0,0
101.199504,nan,35.9305134,-84.3106741,35.9305136,-84.3106741,16.78999900817871,0.0222639994692031,1,0.059976,6,10,1.21,35.9305134,-84.3106741,0.3,0.3,0.0,0
101.299464,nan,35.9305134,-84.3106741,35.9305136,-84.3106741,16.739999771118164,0.0222639994692031,1,0.039984,6,10,1.21,35.9305134,-84.3106741,0.3,0.3,0.0,0
101.399424,nan,35.9305134,-84.3106741,35.9305136,-84.3106741,16.690000534057617,0.0222639994692031,1,0.059976,6,10,1.21,35.9305134,-84.3106741,0.3,0.3,0.0,0
101.499384,nan,35.9305134,-84.3106741,35.9305136,-84.3106741,16.639999389648438,0.0222639994692031,1,0.039984,6,10,1.21,35.9305134,-84.3106741,0.3,0.3,0.0,0
101.599344,nan,35.9305134,-84.3106741,35.9305136,-84.3106741,16.59000015258789,0.0222639994692031,1,0.059976,6,10,1.21,35.9305134,-84.3106741,0.3,0.3,0.0,0
101.699304,nan,35.9305134,-84.3106741,35.9305136,-84.3106741,16.53999900817871,0.0222639994692031,1,0.039984,6,10,1.21,35.9305134,-84.3106741,0.3,0.3,0.0,0
101.799264,nan,35.9305134,-84.3106741,35.9305136,-84.3106741,16.489999771118164,0.0222639994692031,1,0.059976,6,10,1.21,35.9305134,-84.3106741,0.3,0.3,0.0,0
101.899224,nan,35.9305134,-84.3106741,35.9305136,-84.3106741,16.440000534057617,0.0222639994692031,1,0.039984,6,10,1.21,35.9305134,-84.3106741,0.3,0.3,0.0,0
101.999184,nan,35.9305134,-84.3106741,35.9305136,-84.3106741,16.389999389648438,0.0222639994692031,1,0.059976,6,10,1.21,35.9305134,-84.3106741,0.3,0.3,0.0,0
102.099977,nan,35.9305134,-84.3106741,35.9305136,-84.3106741,16.34000015258789,0.0222639994692031,1,0.039984,6,10,1.21,35.9305134,-84.3106741,0.3,0.3,0.0,0
102.199937,nan,35.9305134,-84.3106741,35.9305136,-84.3106741,16.28999900817871,0.0222639994692031,1,0.059976,6,10,1.21,35.9305134,-84.3106741,0.3,0.3,0.0,0
102.299897,nan,35.9305134,-84.3106741,35.9305136,-84.3106741,16.239999771118164,0.0222639994692031,1,0.039984,6,10,1.21,35.9305134,-84.3106741,0.3,0.3,0.0,0
102.399857,nan,35.9305134,-84.3106741,35.9305136,-84.3106741,16.190000534057617,0.0222639994692031,1,0.059976,6,10,1.21,35.9305134,-84.3106741,0.3,0.3,0.0,0
102.499817,nan,35.9305134,-84.3106741,35.9305136,-84.3106741,16.139999389648438,0.0222639994692031,1,0.039984,6,10,1.21,35.9305134,-84.3106741,0.3,0.3,0.0,0
102.599777,nan,35.9305134,-84.3106741,35.9305136,-84.3106741,16.09000015258789,0.0222639994692031,1,0.059976,6,10,1.21,35.9305134,-84.3106741,0.3,0.3,0.0,0
102.699737,nan,35.9305134,-84.3106741,35.9305136,-84.3106741,16.03999900817871,0.0222639994692031,1,0.039984,6,10,1.21,35.9305134,-84.3106741,0.3,0.3,0.0,0
102.799697,nan,35.9305134,-84.3106741,35.9305136,-84.3106741,15.989999771118164,0.0222639994692031,1,0.059976,6,10,1.21,35.9305134,-84.3106741,0.3,0.3,0.0,0
102.899657,nan,35.9305134,-84.3106741,35.9305136,-84.3106741,15.9399995803833,0.0222639994692031,1,0.039984,6,10,1.21,35.9305134,-84.3106741,0.3,0.3,0.0,0
102.999617,nan,35.9305134,-84.3106741,35.9305136,-84.3106741,15.889999389648438,0.0222639994692031,1,0.059976,6,10,1.21,35.9305134,-84.3106741,0.3,0.3,0.0,0
103.099577,nan,35.9305134,-84.3106741,35.9305136,-84.3106741,15.839999198913574,0.0222639994692031,1,0.039984,6,10,1.21,35.9305134,-84.3106741,0.3,0.3,0.0,0
103.199537,nan,35.9305134,-84.3106741,35.9305136,-84.3106741,15.789999961853027,0.0222639994692031,1,0.059976,6,10,1.21,35.9305134,-84.3106741,0.3,0.3,0.0,0
103.299497,nan,35.9305134,-84.3106741,35.9305136,-84.3106741,15.739999771118164,0.0222639994692031,1,0.039984,6,10,1.21,35.9305134,-84.3106741,0.3,0.3,0.0,0
103.399457,nan,35.9305134,-84.3106741,35.9305136,-84.3106741,15.6899995803833,0.0222639994692031,1,0.059976,6,10,1.21,35.9305134,-84.3106741,0.3,0.3,0.0,0
103.499417,nan,35.9305134,-84.3106741,35.9305136,-84.3106741,15.639999389648438,0.0222639994692031,1,0.039984,6,10,1.21,35.9305134,-84.3106741,0.3,0.3,0.0,0
103.599377,nan,35.9305134,-84.3106741,35.9305136,-84.3106741,15.589999198913574,0.0222639994692031,1,0.059976,6,10,1.21,35.9305134,-84.3106741,0.3,0.3,0.0,0
103.699337,nan,35.9305134,-84.3106741,35.9305136,-84.3106741,15.539999961853027,0.0222639994692031,1,0.039984,6,10,1.21,35.9305134,-84.3106741,0.3,0.3,0.0,0
103.799297,nan,35.9305134,-84.3106741,35.9305136,-84.3106741,15.489999771118164,0.0222639994692031,1,0.059976,6,10,1.21,35.9305134,-84.3106741,0.3,0.3,0.0,0
103.899257,nan,35.9305134,-84.3106741,35.9305136,-84.3106741,15.4399995803833,0.0222639994692031,1,0.039984,6,10,1.21,35.9305134,-84.3106741,0.3,0.3,0.0,0
103.999217,nan,35.9305134,-84.3106741,35.9305136,-84.3106741,15.389999389648438,0.0222639994692031,1,0.059976,6,10,1.21,35.9305134,-84.3106741,0.3,0.3,0.0,0
104.10001,nan,35.9305134,-84.3106741,35.9305136,-84.3106741,15.339999198913574,0.0222639994692031,1,0.039984,6,10,1.21,35.9305134,-84.3106741,0.3,0.3,0.0,0
104.19997,nan,35.9305134,-84.3106741,35.9305136,-84.3106741,15.289999961853027,0.0222639994692031,1,0.059976,6,10,1.21,35.9305134,-84.3106741,0.3,0.3,0.0,0
104.29993,nan,35.9305134,-84.3106741,35.9305136,-84.3106741,15.239999771118164,0.0222639994692031,1,0.039984,6,10,1.21,35.9305135,-84.3106741,0.3,0.3,0.0,0
104.39989,nan,35.9305136,-84.3106741,35.9305136,-84.3106741,15.1899995803833,0.0,1,0.059976,6,10,1.21,35.9305135,-84.3106741,0.3,0.3,0.0,0
104.49985,nan,35.9305136,-84.3106741,35.9305136,-84.3106741,15.139999389648438,0.0,1,0.039984,6,10,1.21,35.9305136,-84.3106741,0.3,0.3,0.0,0
104.59981,nan,35.9305136,-84.3106741,35.9305136,-84.3106741,15.089999198913574,0.0,1,0.059976,6,10,1.21,35.9305136,-84.3106741,0.3,0.3,0.0,0
104.69977,nan,35.9305136,-84.3106741,35.9305136,-84.3106741,15.039999961853027,0.0,1,0.039984,6,10,1.21,35.9305136,-84.3106741,0.3,0.3,0.0,0
104.79973,nan,35.9305136,-84.3106741,35.9305136,-84.3106741,14.989999771118164,0.0,1,0.059976,6,10,1.21,35.9305136,-84.3106741,0.3,0.3,0.0,0
104.89969,nan,35.9305136,-84.3106741,35.9305136,-84.3106741,14.9399995803833,0.0,1,0.039984,6,10,1.21,35.9305136,-84.3106741,0.3,0.3,0.0,0
104.99965,nan,35.9305136,-84.3106741,35.9305136,-84.3106741,14.889999389648438,0.0,1,0.059976,6,10,1.21,35.9305136,-84.3106741,0.3,0.3,0.0,0
105.09961,nan,35.9305136,-84.3106741,35.9305136,-84.3106741,14.839999198913574,0.0,1,0.039984,6,10,1.21,35.9305136,-84.3106741,0.3,0.3,0.0,0
105.19957,nan,35.9305136,-84.3106741,35.9305136,-84.3106741,14.789999961853027,0.0,1,0.059976,6,10,1.21,35.9305136,-84.3106741,0.3,0.3,0.0,0
105.29953,nan,35.9305136,-84.3106741,35.9305136,-84.3106741,14.739999771118164,0.0,1,0.039984,6,10,1.21,35.9305136,-84.3106741,0.3,0.3,0.0,0
105.39949,nan,35.9305136,-84.3106741,35.9305136,-84.3106741,14.6899995803833,0.0,1,0.059976,6,10,1.21,35.9305136,-84.3106741,0.3,0.3,0.0,0
105.49945,nan,35.9305136,-84.3106741,35.9305136,-84.3106741,14.639999389648438,0.0,1,0.039984,6,10,1.21,35.9305136,-84.3106741,0.3,0.3,0.0,0
105.59941,nan,35.9305136,-84.3106741,35.9305136,-84.3106741,14.589999198913574,0.0,1,0.059976,6,10,1.21,35.9305136,-84.3106741,0.3,0.3,0.0,0
105.69937,nan,35.9305136,-84.3106741,35.9305136,-84.3106741,14.539999961853027,0.0,1,0.039984,6,10,1.21,35.9305136,-84.3106741,0.3,0.3,0.0,0
105.79933,nan,35.9305136,-84.3106741,35.9305136,-84.3106741,14.489999771118164,0.0,1,0.059976,6,10,1.21,35.9305136,-84.3106741,0.3,0.3,0.0,0
105.89929,nan,35.9305136,-84.3106741,35.9305136,-84.3106741,14.4399995803833,0.0,1,0.039984,6,10,1.21,35.9305136,-84.3106741,0.3,0.3,0.0,0
105.99925,nan,35.9305136,-84.3106741,35.9305136,-84.3106741,14.389999389648438,0.0,1,0.059976,6,10,1.21,35.9305136,-84.3106741,0.3,0.3,0.0,0
106.09921,nan,35.9305136,-84.3106741,35.9305136,-84.3106741,14.34000015258789,0.0,1,0.039984,6,10,1.21,35.9305136,-84.3106741,0.3,0.3,0.0,0
106.200003,nan,35.9305136,-84.3106741,35.9305136,-84.3106741,14.289999961853027,0.0,1,0.060809,6,10,1.21,35.9305136,-84.3106741,0.3,0.3,0.0,0
106.299963,nan,35.9305136,-84.3106741,35.9305136,-84.3106741,14.239999771118164,0.0,1,0.039984,6,10,1.21,35.9305136,-84.3106741,0.3,0.3,0.0,0
106.399923,nan,35.9305136,-84.3106741,35.9305136,-84.3106741,14.1899995803833,0.0,1,0.059976,6,10,1.21,35.9305136,-84.3106741,0.3,0.3,0.0,0
106.499883,nan,35.9305136,-84.3106741,35.9305136,-84.3106741,14.139999389648438,0.0,1,0.039984,6,10,1.21,35.9305136,-84.3106741,0.3,0.3,0.0,0
106.599843,nan,35.9305136,-84.3106741,35.9305136,-84.3106741,14.09000015258789,0.0,1,0.059976,6,10,1.21,35.9305136,-84.3106741,0.3,0.3,0.0,0
106.699803,nan,35.9305136,-84.3106741,35.9305136,-84.3106741,14.039999961853027,0.0,1,0.039984,6,10,1.21,35.9305136,-84.3106741,0.3,0.3,0.0,0
106.799763,nan,35.9305136,-84.3106739,35.9305136,-84.3106741,13.989999771118164,0.01802781213228597,1,0.059976,6,10,1.21,35.9305136,-84.3106741,0.3,0.3,0.0,0
106.899723,nan,35.9305136,-84.3106739,35.9305136,-84.3106741,13.9399995803833,0.01802781213228597,1,0.039984,6,10,1.21,35.9305136,-84.310674,0.3,0.3,0.0,0
106.999683,nan,35.9305136,-84.3106739,35.9305136,-84.3106741,13.889999389648438,0.01802781213228597,1,0.059976,6,10,1.21,35.9305136,-84.310674,0.3,0.3,0.0,0
107.099643,nan,35.9305136,-84.3106739,35.9305136,-84.3106741,13.84000015258789,0.01802781213228597,1,0.039984,6,10,1.21,35.9305136,-84.3106739,0.3,0.3,0.0,0
107.199603,nan,35.9305136,-84.3106739,35.9305136,-84.3106741,13.789999961853027,0.01802781213228597,1,0.059976,6,10,1.21,35.9305136,-84.3106739,0.3,0.3,0.0,0
107.299563,nan,35.9305136,-84.3106739,35.9305136,-84.3106741,13.739999771118164,0.01802781213228597,1,0.039984,6,10,1.21,35.9305136,-84.3106739,0.3,0.3,0.0,0
107.399523,nan,35.9305136,-84.3106739,35.9305136,-84.3106741,13.6899995803833,0.01802781213228597,1,0.059976,6,10,1.21,35.9305136,-84.3106739,0.3,0.3,0.0,0
107.499483,nan,35.9305136,-84.3106739,35.9305136,-84.3106741,13.639999389648438,0.01802781213228597,1,0.039984,6,10,1.21,35.9305136,-84.3106739,0.3,0.3,0.0,0
107.599443,nan,35.9305136,-84.3106739,35.9305136,-84.3106741,13.59000015258789,0.01802781213228597,1,0.059976,6,10,1.21,35.9305136,-84.3106739,0.3,0.3,0.0,0
107.699403,nan,35.9305136,-84.3106739,35.9305136,-84.3106741,13.539999961853027,0.01802781213228597,1,0.039984,6,10,1.21,35.9305136,-84.3106739,0.3,0.3,0.0,0
107.799363,nan,35.9305136,-84.3106739,35.9305136,-84.3106741,13.489999771118164,0.01802781213228597,1,0.059976,6,10,1.21,35.9305136,-84.3106739,0.3,0.3,0.0,0
107.899323,nan,35.9305136,-84.3106739,35.9305136,-84.3106741,13.4399995803833,0.01802781213228597,1,0.039984,6,10,1.21,35.9305136,-84.3106739,0.3,0.3,0.0,0
107.999283,nan,35.9305136,-84.3106739,35.9305136,-84.3106741,13.389999389648438,0.01802781213228597,1,0.059976,6,10,1.21,35.9305136,-84.3106739,0.3,0.3,0.0,0
108.099243,nan,35.9305136,-84.3106739,35.9305136,-84.3106741,13.34000015258789,0.01802781213228597,1,0.039984,6,10,1.21,35.9305136,-84.3106739,0.3,0.3,0.0,0
108.199203,nan,35.9305136,-84.3106739,35.9305136,-84.3106741,13.289999961853027,0.01802781213228597,1,0.059976,6,10,1.21,35.9305136,-84.3106739,0.3,0.3,0.0,0
108.299996,nan,35.9305136,-84.3106739,35.9305136,-84.3106741,13.239999771118164,0.01802781213228597,1,0.039984,6,10,1.21,35.9305136,-84.3106739,0.3,0.3,0.0,0
108.399956,nan,35.9305136,-84.3106739,35.9305136,-84.3106741,13.1899995803833,0.01802781213228597,1,0.059976,6,10,1.21,35.9305136,-84.3106739,0.3,0.3,0.0,0
108.499916,nan,35.9305136,-84.3106739,35.9305136,-84.3106741,13.139999389648438,0.01802781213228597,1,0.039984,6,10,1.21,35.9305136,-84.3106739,0.3,0.3,0.0,0
108.599876,nan,35.9305136,-84.3106739,35.9305136,-84.3106741,13.09000015258789,0.01802781213228597,1,0.059976,6,10,1.21,35.9305136,-84.3106739,0.3,0.3,0.0,0
108.699836,nan,35.9305136,-84.3106739,35.9305136,-84.3106741,13.039999961853027,0.01802781213228597,1,0.039984,6,10,1.21,35.9305136,-84.3106739,0.3,0.3,0.0,0
108.799796,nan,35.9305136,-84.3106739,35.9305136,-84.3106741,12.989999771118164,0.01802781213228597,1,0.059976,6,10,1.21,35.9305136,-84.3106739,0.3,0.3,0.0,0
108.899756,nan,35.9305136,-84.3106739,35.9305136,-84.3106741,12.9399995803833,0.01802781213228597,1,0.039984,6,10,1.21,35.9305136,-84.3106739,0.3,0.3,0.0,0
108.999716,nan,35.9305136,-84.3106739,35.9305136,-84.3106741,12.889999389648438,0.01802781213228597,1,0.059976,6,10,1.21,35.9305136,-84.3106739,0.3,0.3,0.0,0
109.099676,nan,35.9305134,-84.3106739,35.9305136,-84.3106741,12.84000015258789,0.028647647098600532,1,0.039984,6,10,1.21,35.9305135,-84.3106739,0.3,0.3,0.0,0
109.199636,nan,35.9305134,-84.3106739,35.9305136,-84.3106741,12.789999961853027,0.028647647098600532,1,0.059976,6,10,1.21,35.9305135,-84.3106739,0.3,0.3,0.0,0
109.299596,nan,35.9305134,-84.3106739,35.9305136,-84.3106741,12.739999771118164,0.028647647098600532,1,0.039984,6,10,1.21,35.9305134,-84.3106739,0.3,0.3,0.0,0
109.399556,nan,35.9305134,-84.3106739,35.9305136,-84.3106741,12.6899995803833,0.028647647098600532,1,0.059976,6,10,1.21,35.9305134,-84.3106739,0.3,0.3,0.0,0
109.499516,nan,35.9305134,-84.3106739,35.9305136,-84.3106741,12.639999389648438,0.028647647098600532,1,0.039984,6,10,1.21,35.9305134,-84.3106739,0.3,0.3,0.0,0
109.599476,nan,35.9305134,-84.3106741,35.9305136,-84.3106741,12.59000015258789,0.0222639994692031,1,0.059976,6,10,1.21,35.9305134,-84.3106739,0.3,0.3,0.0,0
109.699436,nan,35.9305134,-84.3106741,35.9305136,-84.3106741,12.539999961853027,0.0222639994692031,1,0.039984,6,10,1.21,35.9305134,-84.310674,0.3,0.3,0.0,0
109.799396,nan,35.9305134,-84.3106741,35.9305136,-84.3106741,12.489999771118164,0.0222639994692031,1,0.059976,6,10,1.21,35.9305134,-84.310674,0.3,0.3,0.0,0
109.899356,nan,35.9305134,-84.3106741,35.9305136,-84.3106741,12.4399995803833,0.0222639994692031,1,0.039984,6,10,1.21,35.9305134,-84.3106741,0.3,0.3,0.0,0
109.999316,nan,35.9305134,-84.3106741,35.9305136,-84.3106741,12.389999389648438,0.0222639994692031,1,0.059976,6,10,1.21,35.9305134,-84.3106741,0.3,0.3,0.0,0
110.099276,nan,35.9305134,-84.3106741,35.9305136,-84.3106741,12.34000015258789,0.0222639994692031,1,0.039984,6,10,1.21,35.9305134,-84.3106741,0.3,0.3,0.0,0
110.199236,nan,35.9305134,-84.3106741,35.9305136,-84.3106741,12.289999961853027,0.0222639994692031,1,0.059976,6,10,1.21,35.9305134,-84.3106741,0.3,0.3,0.0,0
110.299196,nan,35.9305134,-84.3106741,35.9305136,-84.3106741,12.239999771118164,0.0222639994692031,1,0.039984,6,10,1.21,35.9305134,-84.3106741,0.3,0.3,0.0,0
110.399989,nan,35.9305134,-84.3106741,35.9305136,-84.3106741,12.1899995803833,0.0222639994692031,1,0.060809,6,10,1.21,35.9305134,-84.3106741,0.3,0.3,0.0,0
110.499949,nan,35.9305134,-84.3106741,35.9305136,-84.3106741,12.139999389648438,0.0222639994692031,1,0.039984,6,10,1.21,35.9305134,-84.3106741,0.3,0.3,0.0,0
110.599909,nan,35.9305134,-84.3106741,35.9305136,-84.3106741,12.09000015258789,0.0222639994692031,1,0.059976,6,10,1.21,35.9305134,-84.3106741,0.3,0.3,0.0,0
110.699869,nan,35.9305134,-84.3106741,35.9305136,-84.3106741,12.039999961853027,0.0222639994692031,1,0.039984,6,10,1.21,35.9305134,-84.3106741,0.3,0.3,0.0,0
110.799829,nan,35.9305134,-84.3106741,35.9305136,-84.3106741,11.989999771118164,0.0222639994692031,1,0.059976,6,10,1.21,35.9305134,-84.3106741,0.3,0.3,0.0,0
110.899789,nan,35.9305134,-84.3106741,35.9305136,-84.3106742,11.9399995803833,0.02401949549425644,1,0.039984,6,10,1.21,35.9305134,-84.3106741,0.3,0.3,0.0,0
110.999749,nan,35.9305134,-84.3106741,35.9305136,-84.3106742,11.889999389648438,0.02401949549425644,1,0.059976,6,10,1.21,35.9305134,-84.3106741,0.3,0.3,0.0,0
111.099709,nan,35.9305134,-84.3106741,35.9305136,-84.3106742,11.84000015258789,0.02401949549425644,1,0.039984,6,10,1.21,35.9305134,-84.3106741,0.3,0.3,0.0,0
111.199669,nan,35.9305134,-84.3106741,35.9305136,-84.3106742,11.789999961853027,0.02401949549425644,1,0.059976,6,10,1.21,35.9305134,-84.3106741,0.3,0.3,0.0,0
111.299629,nan,35.9305134,-84.3106741,35.9305136,-84.3106742,11.739999771118164,0.02401949549425644,1,0.039984,6,10,1.21,35.9305134,-84.3106741,0.3,0.3,0.0,0
111.399589,nan,35.9305134,-84.3106741,35.9305136,-84.3106742,11.6899995803833,0.02401949549425644,1,0.059976,6,10,1.21,35.9305134,-84.3106741,0.3,0.3,0.0,0
111.499549,nan,35.9305134,-84.3106741,35.9305136,-84.3106742,11.639999389648438,0.02401949549425644,1,0.039984,6,10,1.21,35.9305134,-84.3106741,0.3,0.3,0.0,0
111.599509,nan,35.9305134,-84.3106741,35.9305136,-84.3106741,11.59000015258789,0.0222639994692031,1,0.059976,6,10,1.21,35.9305134,-84.3106741,0.3,0.3,0.0,0
111.699469,nan,35.9305134,-84.3106741,35.9305136,-84.3106741,11.539999961853027,0.0222639994692031,1,0.039984,6,10,1.21,35.9305134,-84.3106741,0.3,0.3,0.0,0
111.799429,nan,35.9305134,-84.3106741,35.9305136,-84.3106741,11.489999771118164,0.0222639994692031,1,0.059976,6,10,1.21,35.9305134,-84.3106741,0.3,0.3,0.0,0
111.899389,nan,35.9305134,-84.3106741,35.9305136,-84.3106741,11.4399995803833,0.0222639994692031,1,0.039984,6,10,1.21,35.9305134,-84.3106741,0.3,0.3,0.0,0
111.999349,nan,35.9305134,-84.3106741,35.9305136,-84.3106741,11.389999389648438,0.0222639994692031,1,0.059976,6,10,1.21,35.9305134,-84.3106741,0.3,0.3,0.0,0
112.099309,nan,35.9305134,-84.3106741,35.9305136,-84.3106741,11.34000015258789,0.0222639994692031,1,0.039984,6,10,1.21,35.9305134,-84.3106741,0.3,0.3,0.0,0
112.199269,nan,35.9305134,-84.3106741,35.9305136,-84.3106741,11.289999961853027,0.0222639994692031,1,0.059976,6,10,1.21,35.9305134,-84.3106741,0.3,0.3,0.0,0
112.299229,nan,35.9305134,-84.3106741,35.9305136,-84.3106741,11.239999771118164,0.0222639994692031,1,0.039984,6,10,1.21,35.9305134,-84.3106741,0.3,0.3,0.0,0
112.399189,nan,35.9305134,-84.3106741,35.9305136,-84.3106741,11.1899995803833,0.0222639994692031,1,0.059976,6,10,1.21,35.9305134,-84.3106741,0.3,0.3,0.0,0
112.499982,nan,35.9305134,-84.3106741,35.9305136,-84.3106741,11.139999389648438,0.0222639994692031,1,0.039984,6,10,1.21,35.9305134,-84.3106741,0.3,0.3,0.0,0
112.599942,nan,35.9305136,-84.3106741,35.9305136,-84.3106741,11.09000015258789,0.0,1,0.059976,6,10,1.21,35.9305134,-84.3106741,0.3,0.3,0.0,0
112.699902,nan,35.9305136,-84.3106741,35.9305136,-84.3106741,11.039999961853027,0.0,1,0.039984,6,10,1.21,35.9305135,-84.3106741,0.3,0.3,0.0,0
112.799862,nan,35.9305136,-84.3106741,35.9305136,-84.3106741,10.989999771118164,0.0,1,0.059976,6,10,1.21,35.9305135,-84.3106741,0.3,0.3,0.0,0
112.899822,nan,35.9305136,-84.3106741,35.9305136,-84.3106741,10.9399995803833,0.0,1,0.039984,6,10,1.21,35.9305136,-84.3106741,0.3,0.3,0.0,0
112.999782,nan,35.9305136,-84.3106741,35.9305136,-84.3106741,10.889999389648438,0.0,1,0.059976,6,10,1.21,35.9305136,-84.3106741,0.3,0.3,0.0,0
113.099742,nan,35.9305136,-84.3106741,35.9305136,-84.3106741,10.84000015258789,0.0,1,0.039984,6,10,1.21,35.9305136,-84.3106741,0.3,0.3,0.0,0
113.199702,nan,35.9305136,-84.3106741,35.9305136,-84.3106741,10.789999961853027,0.0,1,0.059976,6,10,1.21,35.9305136,-84.3106741,0.3,0.3,0.0,0
113.299662,nan,35.9305136,-84.3106741,35.9305136,-84.3106741,10.739999771118164,0.0,1,0.039984,6,10,1.21,35.9305136,-84.3106741,0.3,0.3,0.0,0
113.399622,nan,35.9305136,-84.3106741,35.9305136,-84.3106741,10.6899995803833,0.0,1,0.059976,6,10,1.21,35.9305136,-84.3106741,0.3,0.3,0.0,0
113.499582,nan,35.9305136,-84.3106741,35.9305136,-84.3106741,10.639999389648438,0.0,1,0.039984,6,10,1.21,35.9305136,-84.3106741,0.3,0.3,0.0,0
113.599542,nan,35.9305136,-84.3106741,35.9305136,-84.3106741,10.59000015258789,0.0,1,0.059976,6,10,1.21,35.9305136,-84.3106741,0.3,0.3,0.0,0
113.699502,nan,35.9305136,-84.3106741,35.9305136,-84.3106741,10.539999961853027,0.0,1,0.039984,6,10,1.21,35.9305136,-84.3106741,0.3,0.3,0.0,0
113.799462,nan,35.9305136,-84.3106741,35.9305136,-84.3106741,10.489999771118164,0.0,1,0.059976,6,10,1.21,35.9305136,-84.3106741,0.3,0.3,0.0,0
113.899422,nan,35.9305136,-84.3106741,35.9305136,-84.3106741,10.4399995803833,0.0,1,0.039984,6,10,1.21,35.9305136,-84.3106741,0.3,0.3,0.0,0
113.999382,nan,35.9305136,-84.3106741,35.9305136,-84.3106741,10.389999389648438,0.0,1,0.059976,6,10,1.21,35.9305136,-84.3106741,0.3,0.3,0.0,0
114.099342,nan,35.9305136,-84.3106741,35.9305136,-84.3106741,10.34000015258789,0.0,1,0.039984,6,10,1.21,35.9305136,-84.3106741,0.3,0.3,0.0,0
114.199302,nan,35.9305136,-84.3106741,35.9305136,-84.3106741,10.289999961853027,0.0,1,0.059976,6,10,1.21,35.9305136,-84.3106741,0.3,0.3,0.0,0
114.299262,nan,35.9305136,-84.3106741,35.9305136,-84.3106741,10.239999771118164,0.0,1,0.039984,6,10,1.21,35.9305136,-84.3106741,0.3,0.3,0.0,0
114.399222,nan,35.9305136,-84.3106741,35.9305136,-84.3106741,10.1899995803833,0.0,1,0.059976,6,10,1.21,35.9305136,-84.3106741,0.3,0.3,0.0,0
114.499182,nan,35.9305136,-84.3106741,35.9305136,-84.3106741,10.139999389648438,0.0,1,0.040817,6,10,1.21,35.9305136,-84.3106741,0.3,0.3,0.0,0
114.599975,nan,35.9305136,-84.3106741,35.9305136,-84.3106741,10.09000015258789,0.0,1,0.059976,6,10,1.21,35.9305136,-84.3106741,0.3,0.3,0.0,0
114.699935,nan,35.9305136,-84.3106741,35.9305136,-84.3106741,10.039999961853027,0.0,1,0.039984,6,10,1.21,35.9305136,-84.3106741,0.3,0.3,0.0,0
114.799895,nan,35.9305136,-84.3106741,35.9305136,-84.3106741,9.989999771118164,0.0,1,0.059976,6,10,1.21,35.9305136,-84.3106741,0.3,0.3,0.0,0
114.899855,nan,35.9305136,-84.3106741,35.9305136,-84.3106741,9.9399995803833,0.0,1,0.039984,6,10,1.21,35.9305136,-84.3106741,0.3,0.3,0.0,0
114.999815,nan,35.9305136,-84.3106741,35.9305136,-84.3106741,9.889999389648438,0.0,1,0.059976,6,10,1.21,35.9305136,-84.3106741,0.3,0.3,0.0,0
115.099775,nan,35.9305136,-84.3106741,35.9305136,-84.3106741,9.84000015258789,0.0,1,0.039984,6,10,1.21,35.9305136,-84.3106741,0.3,0.3,0.0,0
115.199735,nan,35.9305136,-84.3106741,35.9305136,-84.3106741,9.789999961853027,0.0,1,0.059976,6,10,1.21,35.9305136,-84.3106741,0.3,0.3,0.0,0
115.299695,nan,35.9305136,-84.3106741,35.9305136,-84.3106741,9.739999771118164,0.0,1,0.039984,6,10,1.21,35.9305136,-84.3106741,0.3,0.3,0.0,0
115.399655,nan,35.9305136,-84.3106741,35.9305136,-84.3106741,9.6899995803833,0.0,1,0.059976,6,10,1.21,35.9305136,-84.3106741,0.3,0.3,0.0,0
115.499615,nan,35.9305136,-84.3106741,35.9305136,-84.3106741,9.639999389648438,0.0,1,0.039984,6,10,1.21,35.9305136,-84.3106741,0.3,0.3,0.0,0
115.599575,nan,35.9305136,-84.3106741,35.9305136,-84.3106741,9.59000015258789,0.0,1,0.059976,6,10,1.21,35.9305136,-84.3106741,0.3,0.3,0.0,0
115.699535,nan,35.9305136,-84.3106741,35.9305136,-84.3106741,9.539999961853027,0.0,1,0.039984,6,10,1.21,35.9305136,-84.3106741,0.3,0.3,0.0,0
115.799495,nan,35.9305136,-84.3106741,35.9305136,-84.3106741,9.489999771118164,0.0,1,0.059976,6,10,1.21,35.9305136,-84.3106741,0.3,0.3,0.0,0
115.899455,nan,35.9305136,-84.3106741,35.9305136,-84.3106741,9.4399995803833,0.0,1,0.039984,6,10,1.21,35.9305136,-84.3106741,0.3,0.3,0.0,0
115.999415,nan,35.9305136,-84.3106741,35.9305136,-84.3106741,9.389999389648438,0.0,1,0.059976,6,10,1.21,35.9305136,-84.3106741,0.3,0.3,0.0,0
116.099375,nan,35.9305136,-84.3106741,35.9305136,-84.3106741,9.34000015258789,0.0,1,0.039984,6,10,1.21,35.9305136,-84.3106741,0.3,0.3,0.0,0
116.199335,nan,35.9305136,-84.3106741,35.9305136,-84.3106741,9.289999961853027,0.0,1,0.059976,6,10,1.21,35.9305136,-84.3106741,0.3,0.3,0.0,0
116.299295,nan,35.9305136,-84.3106741,35.9305136,-84.3106741,9.239999771118164,0.0,1,0.039984,6,10,1.21,35.9305136,-84.3106741,0.3,0.3,0.0,0
116.399255,nan,35.9305136,-84.3106741,35.9305136,-84.3106741,9.1899995803833,0.0,1,0.059976,6,10,1.21,35.9305136,-84.3106741,0.3,0.3,0.0,0
116.499215,nan,35.9305136,-84.3106741,35.9305136,-84.3106741,9.139999389648438,0.0,1,0.039984,6,10,1.21,35.9305136,-84.3106741,0.3,0.3,0.0,0
116.600008,nan,35.9305136,-84.3106741,35.9305136,-84.3106741,9.09000015258789,0.0,1,0.060809,6,10,1.21,35.9305136,-84.3106741,0.3,0.3,0.0,0
116.699968,nan,35.9305136,-84.3106741,35.9305136,-84.3106741,9.039999961853027,0.0,1,0.039984,6,10,1.21,35.9305136,-84.3106741,0.3,0.3,0.0,0
116.799928,nan,35.9305136,-84.3106741,35.9305136,-84.3106741,8.989999771118164,0.0,1,0.059976,6,10,1.21,35.9305136,-84.3106741,0.3,0.3,0.0,0
116.899888,nan,35.9305136,-84.3106741,35.9305136,-84.3106741,8.9399995803833,0.0,1,0.039984,6,10,1.21,35.9305136,-84.3106741,0.3,0.3,0.0,0
116.999848,nan,35.9305136,-84.3106741,35.9305136,-84.3106741,8.889999389648438,0.0,1,0.059976,6,10,1.21,35.9305136,-84.3106741,0.3,0.3,0.0,0
117.099808,nan,35.9305136,-84.3106741,35.9305136,-84.3106741,8.84000015258789,0.0,1,0.039984,6,10,1.21,35.9305136,-84.3106741,0.3,0.3,0.0,0
117.199768,nan,35.9305136,-84.3106741,35.9305136,-84.3106741,8.789999961853027,0.0,1,0.059976,6,10,1.21,35.9305136,-84.3106741,0.3,0.3,0.0,0
117.299728,nan,35.9305136,-84.3106741,35.9305136,-84.3106741,8.739999771118164,0.0,1,0.039984,6,10,1.21,35.9305136,-84.3106741,0.3,0.3,0.0,0
117.399688,nan,35.9305136,-84.3106741,35.9305136,-84.3106741,8.6899995803833,0.0,1,0.059976,6,10,1.21,35.9305136,-84.3106741,0.3,0.3,0.0,0
117.499648,nan,35.9305136,-84.3106741,35.9305136,-84.3106741,8.639999389648438,0.0,1,0.039984,6,10,1.21,35.9305136,-84.3106741,0.3,0.3,0.0,0
117.599608,nan,35.9305136,-84.3106741,35.9305136,-84.3106741,8.59000015258789,0.0,1,0.059976,6,10,1.21,35.9305136,-84.3106741,0.3,0.3,0.0,0
117.699568,nan,35.9305136,-84.3106741,35.9305136,-84.3106741,8.539999961853027,0.0,1,0.039984,6,10,1.21,35.9305135,-84.3106741,0.3,0.3,0.0,0
117.799528,nan,35.9305134,-84.3106741,35.9305136,-84.3106741,8.489999771118164,0.0222639994692031,1,0.059976,6,10,1.21,35.9305135,-84.3106741,0.3,0.3,0.0,0
117.899488,nan,35.9305134,-84.3106741,35.9305136,-84.3106741,8.4399995803833,0.0222639994692031,1,0.039984,6,10,1.21,35.9305134,-84.3106741,0.3,0.3,0.0,0
117.999448,nan,35.9305134,-84.3106741,35.9305136,-84.3106741,8.389999389648438,0.0222639994692031,1,0.059976,6,10,1.21,35.9305134,-84.3106741,0.3,0.3,0.0,0
118.099408,nan,35.9305134,-84.3106741,35.9305136,-84.3106741,8.34000015258789,0.0222639994692031,1,0.039984,6,10,1.21,35.9305134,-84.3106741,0.3,0.3,0.0,0
118.199368,nan,35.9305134,-84.3106741,35.9305136,-84.3106741,8.289999961853027,0.0222639994692031,1,0.059976,6,10,1.21,35.9305134,-84.3106741,0.3,0.3,0.0,0
118.299328,nan,35.9305134,-84.3106741,35.9305136,-84.3106741,8.239999771118164,0.0222639994692031,1,0.039984,6,10,1.21,35.9305134,-84.3106741,0.3,0.3,0.0,0
118.399288,nan,35.9305134,-84.3106741,35.9305136,-84.3106741,8.1899995803833,0.0222639994692031,1,0.059976,6,10,1.21,35.9305134,-84.3106741,0.3,0.3,0.0,0
118.499248,nan,35.9305134,-84.3106741,35.9305136,-84.3106741,8.139999389648438,0.0222639994692031,1,0.039984,6,10,1.21,35.9305134,-84.3106741,0.3,0.3,0.0,0
118.599208,nan,35.9305134,-84.3106741,35.9305136,-84.3106741,8.09000015258789,0.0222639994692031,1,0.059976,6,10,1.21,35.9305134,-84.3106741,0.3,0.3,0.0,0
118.700001,nan,35.9305134,-84.3106741,35.9305136,-84.3106741,8.039999961853027,0.0222639994692031,1,0.039984,6,10,1.21,35.9305134,-84.3106741,0.3,0.3,0.0,0
118.799961,nan,35.9305134,-84.3106741,35.9305136,-84.3106741,7.989999771118164,0.0222639994692031,1,0.059976,6,10,1.21,35.9305134,-84.3106741,0.3,0.3,0.0,0
118.899921,nan,35.9305134,-84.3106741,35.9305136,-84.3106741,7.940000057220459,0.0222639994692031,1,0.039984,6,10,1.21,35.9305134,-84.3106741,0.3,0.3,0.0,0
118.999881,nan,35.9305134,-84.3106741,35.9305136,-84.3106741,7.889999866485596,0.0222639994692031,1,0.059976,6,10,1.21,35.9305134,-84.3106741,0.3,0.3,0.0,0
119.099841,nan,35.9305134,-84.3106741,35.9305136,-84.3106741,7.839999675750732,0.0222639994692031,1,0.039984,6,10,1.21,35.9305134,-84.3106741,0.3,0.3,0.0,0
119.199801,nan,35.9305134,-84.3106741,35.9305136,-84.3106741,7.789999961853027,0.0222639994692031,1,0.059976,6,10,1.21,35.9305134,-84.3106741,0.3,0.3,0.0,0
119.299761,nan,35.9305134,-84.3106741,35.9305136,-84.3106741,7.739999771118164,0.0222639994692031,1,0.039984,6,10,1.21,35.9305134,-84.3106741,0.3,0.3,0.0,0
119.399721,nan,35.9305134,-84.3106741,35.9305136,-84.3106741,7.690000057220459,0.0222639994692031,1,0.059976,6,10,1.21,35.9305134,-84.3106741,0.3,0.3,0.0,0
119.499681,nan,35.9305134,-84.3106741,35.9305136,-84.3106741,7.639999866485596,0.0222639994692031,1,0.039984,6,10,1.21,35.9305134,-84.3106741,0.3,0.3,0.0,0
119.599641,nan,35.9305134,-84.3106741,35.9305136,-84.3106741,7.589999675750732,0.0222639994692031,1,0.059976,6,10,1.21,35.9305134,-84.3106741,0.3,0.3,0.0,0
119.699601,nan,35.9305134,-84.3106741,35.9305136,-84.3106741,7.539999961853027,0.0222639994692031,1,0.039984,6,10,1.21,35.9305134,-84.3106741,0.3,0.3,0.0,0
119.799561,nan,35.9305134,-84.3106741,35.9305136,-84.3106741,7.489999771118164,0.0222639994692031,1,0.059976,6,10,1.21,35.9305134,-84.3106741,0.3,0.3,0.0,0
119.899521,nan,35.9305134,-84.3106741,35.9305136,-84.3106741,7.440000057220459,0.0222639994692031,1,0.039984,6,10,1.21,35.9305134,-84.3106741,0.3,0.3,0.0,0
119.999481,nan,35.9305134,-84.3106741,35.9305136,-84.3106741,7.389999866485596,0.0222639994692031,1,0.059976,6,10,1.21,35.9305134,-84.3106741,0.3,0.3,0.0,0
120.099441,nan,35.9305134,-84.3106741,35.9305136,-84.3106741,7.339999675750732,0.0222639994692031,1,0.039984,6,10,1.21,35.9305134,-84.3106741,0.3,0.3,0.0,0
120.199401,nan,35.9305134,-84.3106741,35.9305136,-84.3106741,7.289999961853027,0.0222639994692031,1,0.059976,6,10,1.21,35.9305134,-84.3106741,0.3,0.3,0.0,0
120.299361,nan,35.9305134,-84.3106741,35.9305136,-84.3106741,7.239999771118164,0.0222639994692031,1,0.039984,6,10,1.21,35.9305134,-84.3106741,0.3,0.3,0.0,0
120.399321,nan,35.9305134,-84.3106741,35.9305136,-84.3106741,7.190000057220459,0.0222639994692031,1,0.059976,6,10,1.21,35.9305134,-84.3106741,0.3,0.3,0.0,0
120.499281,nan,35.9305134,-84.3106741,35.9305136,-84.3106741,7.139999866485596,0.0222639994692031,1,0.039984,6,10,1.21,35.9305134,-84.3106741,0.3,0.3,0.0,0
120.599241,nan,35.9305134,-84.3106741,35.9305136,-84.3106741,7.089999675750732,0.0222639994692031,1,0.059976,6,10,1.21,35.9305134,-84.3106741,0.3,0.3,0.0,0
120.699201,nan,35.9305134,-84.3106741,35.9305136,-84.3106741,7.039999961853027,0.0222639994692031,1,0.039984,6,10,1.21,35.9305134,-84.3106741,0.3,0.3,0.0,0
120.799994,nan,35.9305134,-84.3106739,35.9305136,-84.3106741,6.989999771118164,0.028647647098600532,1,0.060809,6,10,1.21,35.9305134,-84.3106741,0.3,0.3,0.0,0
120.899954,nan,35.9305134,-84.3106739,35.9305136,-84.3106741,6.940000057220459,0.028647647098600532,1,0.039984,6,10,1.21,35.9305134,-84.310674,0.3,0.3,0.0,0
120.999914,nan,35.9305134,-84.3106739,35.9305136,-84.3106741,6.889999866485596,0.028647647098600532,1,0.059976,6,10,1.21,35.9305134,-84.310674,0.3,0.3,0.0,0
121.099874,nan,35.9305134,-84.3106739,35.9305136,-84.3106741,6.839999675750732,0.028647647098600532,1,0.039984,6,10,1.21,35.9305134,-84.3106739,0.3,0.3,0.0,0
121.199834,nan,35.9305134,-84.3106739,35.9305136,-84.3106741,6.789999961853027,0.028647647098600532,1,0.059976,6,10,1.21,35.9305134,-84.3106739,0.3,0.3,0.0,0
121.299794,nan,35.9305136,-84.3106739,35.9305136,-84.3106741,6.739999771118164,0.01802781213228597,1,0.039984,6,10,1.21,35.9305135,-84.3106739,0.3,0.3,0.0,0
121.399754,nan,35.9305136,-84.3106739,35.9305136,-84.3106741,6.690000057220459,0.01802781213228597,1,0.059976,6,10,1.21,35.9305135,-84.3106739,0.3,0.3,0.0,0
121.499714,nan,35.9305136,-84.3106739,35.9305136,-84.3106741,6.639999866485596,0.01802781213228597,1,0.039984,6,10,1.21,35.9305136,-84.3106739,0.3,0.3,0.0,0
121.599674,nan,35.9305136,-84.3106739,35.9305136,-84.3106741,6.589999675750732,0.01802781213228597,1,0.059976,6,10,1.21,35.9305136,-84.3106739,0.3,0.3,0.0,0
121.699634,nan,35.9305136,-84.3106739,35.9305136,-84.3106741,6.539999961853027,0.01802781213228597,1,0.039984,6,10,1.21,35.9305136,-84.3106739,0.3,0.3,0.0,0
121.799594,nan,35.9305136,-84.3106739,35.9305136,-84.3106741,6.489999771118164,0.01802781213228597,1,0.059976,6,10,1.21,35.9305136,-84.3106739,0.3,0.3,0.0,0
121.899554,nan,35.9305136,-84.3106739,35.9305136,-84.3106741,6.440000057220459,0.01802781213228597,1,0.039984,6,10,1.21,35.9305136,-84.3106739,0.3,0.3,0.0,0
121.999514,nan,35.9305136,-84.3106739,35.9305136,-84.3106741,6.389999866485596,0.01802781213228597,1,0.059976,6,10,1.21,35.9305136,-84.3106739,0.3,0.3,0.0,0
122.099474,nan,35.9305136,-84.3106739,35.9305136,-84.3106741,6.339999675750732,0.01802781213228597,1,0.039984,6,10,1.21,35.9305136,-84.3106739,0.3,0.3,0.0,0
122.199434,nan,35.9305136,-84.3106739,35.9305136,-84.3106741,6.289999961853027,0.01802781213228597,1,0.059976,6,10,1.21,35.9305136,-84.3106739,0.3,0.3,0.0,0
122.299394,nan,35.9305136,-84.3106739,35.9305136,-84.3106741,6.239999771118164,0.01802781213228597,1,0.039984,6,10,1.21,35.9305136,-84.3106739,0.3,0.3,0.0,0
122.399354,nan,35.9305136,-84.3106739,35.9305136,-84.3106741,6.190000057220459,0.01802781213228597,1,0.059976,6,10,1.21,35.9305136,-84.3106739,0.3,0.3,0.0,0
122.499314,nan,35.9305136,-84.3106739,35.9305136,-84.3106741,6.139999866485596,0.01802781213228597,1,0.039984,6,10,1.21,35.9305136,-84.3106739,0.3,0.3,0.0,0
122.599274,nan,35.9305136,-84.3106739,35.9305136,-84.3106741,6.089999675750732,0.01802781213228597,1,0.059976,6,10,1.21,35.9305136,-84.3106739,0.3,0.3,0.0,0
122.699234,nan,35.9305136,-84.3106739,35.9305136,-84.3106741,6.039999961853027,0.01802781213228597,1,0.039984,6,10,1.21,35.9305136,-84.3106739,0.3,0.3,0.0,0
122.799194,nan,35.9305136,-84.3106739,35.9305136,-84.3106741,5.989999771118164,0.01802781213228597,1,0.059976,6,10,1.21,35.9305136,-84.3106739,0.3,0.3,0.0,0
122.899987,nan,35.9305136,-84.3106739,35.9305136,-84.3106741,5.940000057220459,0.01802781213228597,1,0.039984,6,10,1.21,35.9305136,-84.3106739,0.3,0.3,0.0,0
122.999947,nan,35.9305136,-84.3106739,35.9305136,-84.3106741,5.889999866485596,0.01802781213228597,1,0.059976,6,10,1.21,35.9305136,-84.3106739,0.3,0.3,0.0,0
123.099907,nan,35.9305136,-84.3106739,35.9305136,-84.3106741,5.839999675750732,0.01802781213228597,1,0.039984,6,10,1.21,35.9305136,-84.3106739,0.3,0.3,0.0,0
123.199867,nan,35.9305136,-84.3106739,35.9305136,-84.3106741,5.789999961853027,0.01802781213228597,1,0.059976,6,10,1.21,35.9305136,-84.3106739,0.3,0.3,0.0,0
123.299827,nan,35.9305136,-84.3106739,35.9305136,-84.3106741,5.739999771118164,0.01802781213228597,1,0.039984,6,10,1.21,35.9305136,-84.3106739,0.3,0.3,0.0,0
123.399787,nan,35.9305136,-84.3106739,35.9305136,-84.3106741,5.690000057220459,0.01802781213228597,1,0.059976,6,10,1.21,35.9305136,-84.3106739,0.3,0.3,0.0,0
123.499747,nan,35.9305136,-84.3106741,35.9305136,-84.3106741,5.639999866485596,0.0,1,0.039984,6,10,1.21,35.9305136,-84.310674,0.3,0.3,0.0,0
123.599707,nan,35.9305136,-84.3106741,35.9305136,-84.3106741,5.589999675750732,0.0,1,0.059976,6,10,1.21,35.9305136,-84.310674,0.3,0.3,0.0,0
123.699667,nan,35.9305136,-84.3106741,35.9305136,-84.3106741,5.539999961853027,0.0,1,0.039984,6,10,1.21,35.9305136,-84.3106741,0.3,0.3,0.0,0
123.799627,nan,35.9305136,-84.3106741,35.9305136,-84.3106741,5.489999771118164,0.0,1,0.059976,6,10,1.21,35.9305136,-84.3106741,0.3,0.3,0.0,0
123.899587,nan,35.9305136,-84.3106741,35.9305136,-84.3106741,5.440000057220459,0.0,1,0.039984,6,10,1.21,35.9305136,-84.3106741,0.3,0.3,0.0,0
123.999547,nan,35.9305136,-84.3106741,35.9305136,-84.3106741,5.389999866485596,0.0,1,0.059976,6,10,1.21,35.9305136,-84.3106741,0.3,0.3,0.0,0
124.099507,nan,35.9305136,-84.3106741,35.9305136,-84.3106741,5.339999675750732,0.0,1,0.039984,6,10,1.21,35.9305136,-84.3106741,0.3,0.3,0.0,0
124.199467,nan,35.9305136,-84.3106741,35.9305136,-84.3106741,5.289999961853027,0.0,1,0.059976,6,10,1.21,35.9305136,-84.3106741,0.3,0.3,0.0,0
124.299427,nan,35.9305136,-84.3106741,35.9305136,-84.3106741,5.239999771118164,0.0,1,0.039984,6,10,1.21,35.9305136,-84.3106741,0.3,0.3,0.0,0
124.399387,nan,35.9305136,-84.3106741,35.9305136,-84.3106741,5.190000057220459,0.0,1,0.059976,6,10,1.21,35.9305136,-84.3106741,0.3,0.3,0.0,0
124.499347,nan,35.9305136,-84.3106741,35.9305136,-84.3106741,5.139999866485596,0.0,1,0.039984,6,10,1.21,35.9305136,-84.3106741,0.3,0.3,0.0,0
124.599307,nan,35.9305136,-84.3106741,35.9305136,-84.3106741,5.089999675750732,0.0,1,0.059976,6,10,1.21,35.9305136,-84.3106741,0.3,0.3,0.0,0
124.699267,nan,35.9305136,-84.3106741,35.9305136,-84.3106741,5.039999961853027,0.0,1,0.039984,6,10,1.21,35.9305136,-84.3106741,0.3,0.3,0.0,0
124.799227,nan,35.9305136,-84.3106741,35.9305136,-84.3106742,4.989999771118164,0.009013905425666446,1,0.059976,6,10,1.21,35.9305136,-84.3106741,0.3,0.3,0.0,0
124.899187,nan,35.9305136,-84.3106741,35.9305136,-84.3106742,4.940000057220459,0.009013905425666446,1,0.040817,6,10,1.21,35.9305136,-84.3106741,0.3,0.3,0.0,0
124.99998,nan,35.9305136,-84.3106741,35.9305136,-84.3106742,4.889999866485596,0.009013905425666446,1,0.059976,6,10,1.21,35.9305136,-84.3106741,0.3,0.3,0.0,0
125.09994,nan,35.9305136,-84.3106741,35.9305136,-84.3106742,4.839999675750732,0.009013905425666446,1,0.039984,6,10,1.21,35.9305136,-84.3106741,0.3,0.3,0.0,0
125.1999,nan,35.9305136,-84.3106741,35.9305136,-84.3106742,4.789999961853027,0.009013905425666446,1,0.059976,6,10,1.21,35.9305136,-84.3106741,0.3,0.3,0.0,0
125.29986,nan,35.9305136,-84.3106741,35.9305136,-84.3106742,4.739999771118164,0.009013905425666446,1,0.039984,6,10,1.21,35.9305136,-84.3106741,0.3,0.3,0.0,0
125.39982,nan,35.9305136,-84.3106741,35.9305136,-84.3106741,4.690000057220459,0.0,1,0.059976,6,10,1.21,35.9305136,-84.3106741,0.3,0.3,0.0,0
125.49978,nan,35.9305136,-84.3106741,35.9305136,-84.3106741,4.639999866485596,0.0,1,0.039984,6,10,1.21,35.9305136,-84.3106741,0.3,0.3,0.0,0
125.59974,nan,35.9305136,-84.3106741,35.9305136,-84.3106742,4.589999675750732,0.009013905425666446,1,0.059976,6,10,1.21,35.9305136,-84.3106741,0.3,0.3,0.0,0
125.6997,nan,35.9305136,-84.3106741,35.9305136,-84.3106742,4.539999961853027,0.009013905425666446,1,0.039984,6,10,1.21,35.9305136,-84.3106741,0.3,0.3,0.0,0
125.79966,nan,35.9305136,-84.3106741,35.9305136,-84.3106742,4.489999771118164,0.009013905425666446,1,0.059976,6,10,1.21,35.9305136,-84.3106741,0.3,0.3,0.0,0
125.89962,nan,35.9305136,-84.3106741,35.9305136,-84.3106742,4.440000057220459,0.009013905425666446,1,0.039984,6,10,1.21,35.9305136,-84.3106741,0.3,0.3,0.0,0
125.99958,nan,35.9305136,-84.3106741,35.9305136,-84.3106742,4.389999866485596,0.009013905425666446,1,0.059976,6,10,1.21,35.9305136,-84.3106741,0.3,0.3,0.0,0
126.09954,nan,35.9305136,-84.3106741,35.9305136,-84.3106742,4.339999675750732,0.009013905425666446,1,0.039984,6,10,1.21,35.9305135,-84.3106741,0.3,0.3,0.0,0
126.1995,nan,35.9305134,-84.3106741,35.9305136,-84.3106742,4.289999961853027,0.02401949549425644,1,0.059976,6,10,1.21,35.9305135,-84.3106741,0.3,0.3,0.0,0
126.29946,nan,35.9305134,-84.3106741,35.9305136,-84.3106742,4.239999771118164,0.02401949549425644,1,0.039984,6,10,1.21,35.9305134,-84.3106741,0.3,0.3,0.0,0
126.39942,nan,35.9305134,-84.3106741,35.9305136,-84.3106742,4.190000057220459,0.02401949549425644,1,0.059976,6,10,1.21,35.9305134,-84.3106741,0.3,0.3,0.0,0
126.49938,nan,35.9305134,-84.3106741,35.9305136,-84.3106742,4.139999866485596,0.02401949549425644,1,0.039984,6,10,1.21,35.9305134,-84.3106741,0.3,0.3,0.0,0
126.59934,nan,35.9305134,-84.3106741,35.9305136,-84.3106742,4.089999675750732,0.02401949549425644,1,0.059976,6,10,1.21,35.9305134,-84.3106741,0.3,0.3,0.0,0
126.6993,nan,35.9305134,-84.3106741,35.9305136,-84.3106742,4.039999961853027,0.02401949549425644,1,0.039984,6,10,1.21,35.9305134,-84.3106741,0.3,0.3,0.0,0
126.79926,nan,35.9305134,-84.3106741,35.9305136,-84.3106742,3.990000009536743,0.02401949549425644,1,0.059976,6,10,1.21,35.9305134,-84.3106741,0.3,0.3,0.0,0
126.89922,nan,35.9305134,-84.3106741,35.9305136,-84.3106742,3.93999981880188,0.02401949549425644,1,0.039984,6,10,1.21,35.9305134,-84.3106741,0.3,0.3,0.0,0
126.99918,nan,35.9305134,-84.3106741,35.9305136,-84.3106742,3.8899998664855957,0.02401949549425644,1,0.059976,6,10,1.21,35.9305134,-84.3106741,0.3,0.3,0.0,0
127.099973,nan,35.9305134,-84.3106741,35.9305136,-84.3106742,3.8399999141693115,0.02401949549425644,1,0.039984,6,10,1.21,35.9305134,-84.3106741,0.3,0.3,0.0,0
127.199933,nan,35.9305134,-84.3106741,35.9305136,-84.3106742,3.7899999618530273,0.02401949549425644,1,0.059976,6,10,1.21,35.9305134,-84.3106741,0.3,0.3,0.0,0
127.299893,nan,35.9305134,-84.3106741,35.9305136,-84.3106742,3.740000009536743,0.02401949549425644,1,0.039984,6,10,1.21,35.9305134,-84.3106741,0.3,0.3,0.0,0
127.399853,nan,35.9305134,-84.3106741,35.9305136,-84.3106742,3.68999981880188,0.02401949549425644,1,0.059976,6,10,1.21,35.9305134,-84.3106741,0.3,0.3,0.0,0
127.499813,nan,35.9305134,-84.3106741,35.9305136,-84.3106742,3.6399998664855957,0.02401949549425644,1,0.039984,6,10,1.21,35.9305134,-84.3106741,0.3,0.3,0.0,0
127.599773,nan,35.9305134,-84.3106741,35.9305136,-84.3106742,3.5899999141693115,0.02401949549425644,1,0.059976,6,10,1.21,35.9305134,-84.3106741,0.3,0.3,0.0,0
127.699733,nan,35.9305134,-84.3106741,35.9305136,-84.3106742,3.5399999618530273,0.02401949549425644,1,0.039984,6,10,1.21,35.9305134,-84.3106741,0.3,0.3,0.0,0
127.799693,nan,35.9305134,-84.3106741,35.9305136,-84.3106742,3.490000009536743,0.02401949549425644,1,0.059976,6,10,1.21,35.9305134,-84.3106741,0.3,0.3,0.0,0
127.899653,nan,35.9305134,-84.3106741,35.9305136,-84.3106742,3.43999981880188,0.02401949549425644,1,0.039984,6,10,1.21,35.9305134,-84.3106741,0.3,0.3,0.0,0
127.999613,nan,35.9305134,-84.3106741,35.9305136,-84.3106742,3.3899998664855957,0.02401949549425644,1,0.059976,6,10,1.21,35.9305134,-84.3106741,0.3,0.3,0.0,0
128.099573,nan,35.9305134,-84.3106741,35.9305136,-84.3106742,3.3399999141693115,0.02401949549425644,1,0.039984,6,10,1.21,35.9305134,-84.3106741,0.3,0.3,0.0,0
128.199533,nan,35.9305134,-84.3106741,35.9305136,-84.3106742,3.2899999618530273,0.02401949549425644,1,0.059976,6,10,1.21,35.9305134,-84.3106741,0.3,0.3,0.0,0
128.299493,nan,35.9305134,-84.3106741,35.9305136,-84.3106742,3.240000009536743,0.02401949549425644,1,0.039984,6,10,1.21,35.9305134,-84.3106741,0.3,0.3,0.0,0
128.399453,nan,35.9305134,-84.3106741,35.9305136,-84.3106742,3.18999981880188,0.02401949549425644,1,0.059976,6,10,1.21,35.9305134,-84.3106741,0.3,0.3,0.0,0
128.499413,nan,35.9305134,-84.3106741,35.9305136,-84.3106742,3.1399998664855957,0.02401949549425644,1,0.039984,6,10,1.21,35.9305134,-84.3106741,0.3,0.3,0.0,0
128.599373,nan,35.9305134,-84.3106741,35.9305136,-84.3106742,3.0899999141693115,0.02401949549425644,1,0.059976,6,10,1.21,35.9305134,-84.3106741,0.3,0.3,0.0,0
128.699333,nan,35.9305134,-84.3106741,35.9305136,-84.3106742,3.0399999618530273,0.02401949549425644,1,0.039984,6,10,1.21,35.9305134,-84.3106741,0.3,0.3,0.0,0
128.799293,nan,35.9305134,-84.3106741,35.9305136,-84.3106742,2.990000009536743,0.02401949549425644,1,0.059976,6,10,1.21,35.9305134,-84.3106741,0.3,0.3,0.0,0
128.899253,nan,35.9305134,-84.3106741,35.9305136,-84.3106742,2.93999981880188,0.02401949549425644,1,0.039984,6,10,1.21,35.9305134,-84.3106741,0.3,0.3,0.0,0
128.999213,nan,35.9305134,-84.3106741,35.9305136,-84.3106742,2.8899998664855957,0.02401949549425644,1,0.059976,6,10,1.21,35.9305134,-84.3106741,0.3,0.3,0.0,0
129.100006,nan,35.9305134,-84.3106741,35.9305136,-84.3106742,2.8399999141693115,0.02401949549425644,1,0.039984,6,10,1.21,35.9305134,-84.3106741,0.3,0.3,0.0,0
129.199966,nan,35.9305134,-84.3106741,35.9305136,-84.3106742,2.7899999618530273,0.02401949549425644,1,0.059976,6,10,1.21,35.9305134,-84.3106741,0.3,0.3,0.0,0
129.299926,nan,35.9305134,-84.3106741,35.9305136,-84.3106742,2.740000009536743,0.02401949549425644,1,0.039984,6,10,1.21,35.9305134,-84.3106741,0.3,0.3,0.0,0
129.399886,nan,35.9305134,-84.3106741,35.9305136,-84.3106742,2.690000057220459,0.02401949549425644,1,0.059976,6,10,1.21,35.9305134,-84.3106741,0.3,0.3,0.0,0
129.499846,nan,35.9305134,-84.3106741,35.9305136,-84.3106742,2.6399998664855957,0.02401949549425644,1,0.039984,6,10,1.21,35.9305134,-84.3106741,0.3,0.3,0.0,0
129.599806,nan,35.9305134,-84.3106741,35.9305136,-84.3106742,2.5899999141693115,0.02401949549425644,1,0.059976,6,10,1.21,35.9305134,-84.3106741,0.3,0.3,0.0,0
129.699766,nan,35.9305134,-84.3106741,35.9305136,-84.3106742,2.5399999618530273,0.02401949549425644,1,0.039984,6,10,1.21,35.9305134,-84.3106741,0.3,0.3,0.0,0
129.799726,nan,35.9305136,-84.3106741,35.9305136,-84.3106742,2.490000009536743,0.009013905425666446,1,0.059976,6,10,1.21,35.9305134,-84.3106741,0.3,0.3,0.0,0
129.899686,nan,35.9305136,-84.3106741,35.9305136,-84.3106742,2.440000057220459,0.009013905425666446,1,0.039984,6,10,1.21,35.9305135,-84.3106741,0.3,0.3,0.0,0
129.999646,nan,35.9305136,-84.3106741,35.9305136,-84.3106742,2.3899998664855957,0.009013905425666446,1,0.059976,6,10,1.21,35.9305135,-84.3106741,0.3,0.3,0.0,0
130.099606,nan,35.9305136,-84.3106741,35.9305136,-84.3106742,2.3399999141693115,0.009013905425666446,1,0.039984,6,10,1.21,35.9305136,-84.3106741,0.3,0.3,0.0,0
130.199566,nan,35.9305136,-84.3106741,35.9305136,-84.3106742,2.2899999618530273,0.009013905425666446,1,0.059976,6,10,1.21,35.9305136,-84.3106741,0.3,0.3,0.0,0
130.299526,nan,35.9305136,-84.3106741,35.9305136,-84.3106742,2.240000009536743,0.009013905425666446,1,0.039984,6,10,1.21,35.9305136,-84.3106741,0.3,0.3,0.0,0
130.399486,nan,35.9305136,-84.3106741,35.9305136,-84.3106742,2.190000057220459,0.009013905425666446,1,0.059976,6,10,1.21,35.9305136,-84.3106741,0.3,0.3,0.0,0
130.499446,nan,35.9305136,-84.3106741,35.9305136,-84.3106742,2.1399998664855957,0.009013905425666446,1,0.039984,6,10,1.21,35.9305136,-84.3106741,0.3,0.3,0.0,0
130.599406,nan,35.9305136,-84.3106741,35.9305136,-84.3106742,2.0899999141693115,0.009013905425666446,1,0.059976,6,10,1.21,35.9305136,-84.3106741,0.3,0.3,0.0,0
130.699366,nan,35.9305136,-84.3106741,35.9305136,-84.3106742,2.0399999618530273,0.009013905425666446,1,0.039984,6,10,1.21,35.9305136,-84.3106741,0.3,0.3,0.0,0
130.799326,nan,35.9305136,-84.3106741,35.9305136,-84.3106742,1.9900000095367432,0.009013905425666446,1,0.059976,6,10,1.21,35.9305136,-84.3106741,0.3,0.3,0.0,0
130.899286,nan,35.9305136,-84.3106741,35.9305136,-84.3106742,1.9399999380111694,0.009013905425666446,1,0.039984,6,10,1.21,35.9305136,-84.3106741,0.3,0.3,0.0,0
130.999246,nan,35.9305136,-84.3106741,35.9305136,-84.3106742,1.8899999856948853,0.009013905425666446,1,0.059976,6,10,1.21,35.9305136,-84.3106741,0.3,0.3,0.0,0
131.099206,nan,35.9305136,-84.3106741,35.9305136,-84.3106742,1.8399999141693115,0.009013905425666446,1,0.039984,6,10,1.21,35.9305136,-84.3106741,0.3,0.3,0.0,0
131.199999,nan,35.9305136,-84.3106741,35.9305136,-84.3106742,1.7899999618530273,0.009013905425666446,1,0.060809,6,10,1.21,35.9305136,-84.3106741,0.3,0.3,0.0,0
131.299959,nan,35.9305136,-84.3106741,35.9305136,-84.3106742,1.7400000095367432,0.009013905425666446,1,0.039984,6,10,1.21,35.9305136,-84.3106741,0.3,0.3,0.0,0
131.399919,nan,35.9305136,-84.3106741,35.9305136,-84.3106742,1.6899999380111694,0.009013905425666446,1,0.059976,6,10,1.21,35.9305136,-84.3106741,0.3,0.3,0.0,0
131.499879,nan,35.9305136,-84.3106741,35.9305136,-84.3106742,1.6399999856948853,0.009013905425666446,1,0.039984,6,10,1.21,35.9305136,-84.3106741,0.3,0.3,0.0,0
131.599839,nan,35.9305136,-84.3106741,35.9305136,-84.3106742,1.5899999141693115,0.009013905425666446,1,0.059976,6,10,1.21,35.9305136,-84.3106741,0.3,0.3,0.0,0
131.699799,nan,35.9305136,-84.3106741,35.9305136,-84.3106742,1.5399999618530273,0.009013905425666446,1,0.039984,6,10,1.21,35.9305136,-84.3106741,0.3,0.3,0.0,0
131.799759,nan,35.9305136,-84.3106741,35.9305136,-84.3106742,1.4900000095367432,0.009013905425666446,1,0.059976,6,10,1.21,35.9305136,-84.3106741,0.3,0.3,0.0,0
131.899719,nan,35.9305136,-84.3106741,35.9305136,-84.3106742,1.4399999380111694,0.009013905425666446,1,0.039984,6,10,1.21,35.9305136,-84.3106741,0.3,0.3,0.0,0
131.999679,nan,35.9305136,-84.3106741,35.9305136,-84.3106742,1.3899999856948853,0.009013905425666446,1,0.059976,6,10,1.21,35.9305136,-84.3106741,0.3,0.3,0.0,0
132.099639,nan,35.9305136,-84.3106741,35.9305136,-84.3106742,1.3399999141693115,0.009013905425666446,1,0.039984,6,10,1.21,35.9305136,-84.3106741,0.3,0.3,0.0,0
132.199599,nan,35.9305136,-84.3106741,35.9305136,-84.3106742,1.2899999618530273,0.009013905425666446,1,0.059976,6,10,1.21,35.9305136,-84.3106741,0.3,0.3,0.0,0
132.299559,nan,35.9305136,-84.3106741,35.9305136,-84.3106742,1.2400000095367432,0.009013905425666446,1,0.039984,6,10,1.21,35.9305136,-84.3106741,0.3,0.3,0.0,0
132.399519,nan,35.9305136,-84.3106741,35.9305136,-84.3106742,1.1899999380111694,0.009013905425666446,1,0.059976,6,10,1.21,35.9305136,-84.3106741,0.3,0.3,0.0,0
132.499479,nan,35.9305136,-84.3106741,35.9305136,-84.3106742,1.1399999856948853,0.009013905425666446,1,0.039984,6,10,1.21,35.9305136,-84.3106741,0.3,0.3,0.0,0
132.599439,nan,35.9305136,-84.3106741,35.9305136,-84.3106742,1.090000033378601,0.009013905425666446,1,0.059976,6,10,1.21,35.9305136,-84.3106741,0.3,0.3,0.0,0
132.699399,nan,35.9305136,-84.3106741,35.9305136,-84.3106742,1.0399999618530273,0.009013905425666446,1,0.039984,6,10,1.21,35.9305136,-84.3106741,0.3,0.3,0.0,0
132.799359,nan,35.9305136,-84.3106741,35.9305136,-84.3106742,0.9899999499320984,0.009013905425666446,1,0.059976,6,10,1.21,35.9305136,-84.3106741,0.3,0.3,0.0,0
132.899319,nan,35.9305136,-84.3106741,35.9305136,-84.3106742,0.9399999976158142,0.009013905425666446,1,0.039984,6,10,1.21,35.9305136,-84.3106741,0.3,0.3,0.0,0
132.999279,nan,35.9305136,-84.3106741,35.9305136,-84.3106742,0.8899999856948853,0.009013905425666446,1,0.059976,6,10,1.21,35.9305136,-84.3106741,0.3,0.3,0.0,0
133.099239,nan,35.9305136,-84.3106741,35.9305136,-84.3106742,0.8399999737739563,0.009013905425666446,1,0.039984,6,10,1.21,35.9305136,-84.3106741,0.3,0.3,0.0,0
133.199199,nan,35.9305136,-84.3106741,35.9305136,-84.3106742,0.7899999618530273,0.009013905425666446,1,0.059976,6,10,1.21,35.9305136,-84.3106741,0.3,0.3,0.0,0
133.299992,nan,35.9305136,-84.3106741,35.9305136,-84.3106742,0.7400000095367432,0.009013905425666446,1,0.039984,6,10,1.21,35.9305136,-84.3106741,0.3,0.3,0.0,0
133.399952,nan,35.9305136,-84.3106741,35.9305136,-84.3106742,0.6899999976158142,0.009013905425666446,1,0.059976,6,10,1.21,35.9305136,-84.3106741,0.3,0.3,0.0,0
133.499912,nan,35.9305136,-84.3106741,35.9305136,-84.3106742,0.6399999856948853,0.009013905425666446,1,0.039984,6,10,1.21,35.9305136,-84.3106741,0.3,0.3,0.0,0
133.599872,nan,35.9305136,-84.3106741,35.9305136,-84.3106742,0.5899999737739563,0.009013905425666446,1,0.059976,6,10,1.21,35.9305136,-84.3106741,0.3,0.3,0.0,0
133.699832,nan,35.9305136,-84.3106741,35.9305136,-84.3106742,0.5399999618530273,0.009013905425666446,1,0.039984,6,10,1.21,35.9305136,-84.3106741,0.3,0.3,0.0,0
133.799792,nan,35.9305136,-84.3106741,35.9305136,-84.3106742,0.4899999797344208,0.009013905425666446,1,0.059976,6,10,1.21,35.9305136,-84.3106741,0.3,0.3,0.0,0
133.899752,nan,35.9305136,-84.3106741,35.9305136,-84.3106742,0.4399999976158142,0.009013905425666446,1,0.039984,6,10,1.21,35.9305136,-84.3106741,0.3,0.3,0.0,0
133.999712,nan,35.9305136,-84.3106741,35.9305136,-84.3106742,0.38999998569488525,0.009013905425666446,1,0.059976,6,10,1.21,35.9305136,-84.3106741,0.3,0.3,0.0,0
134.099672,nan,35.9305136,-84.3106741,35.9305136,-84.3106742,0.3400000035762787,0.009013905425666446,1,0.039984,6,10,1.21,35.9305136,-84.3106741,0.3,0.3,0.0,0
134.199632,nan,35.9305136,-84.3106739,35.9305136,-84.3106742,0.28999999165534973,0.027041717557952417,1,0.059976,6,10,1.21,35.9305136,-84.3106741,0.3,0.3,0.0,0
134.299592,nan,35.9305136,-84.3106739,35.9305136,-84.3106742,0.23999999463558197,0.027041717557952417,1,0.039984,6,10,1.21,35.9305136,-84.310674,0.3,0.3,0.0,0
134.399552,nan,35.9305136,-84.3106739,35.9305136,-84.3106742,0.1899999976158142,0.027041717557952417,1,0.059976,6,10,1.21,35.9305136,-84.310674,0.3,0.3,0.0,0
134.499512,nan,35.9305136,-84.3106739,35.9305136,-84.3106742,0.14000000059604645,0.027041717557952417,1,0.039984,6,10,1.21,35.9305136,-84.3106739,0.3,0.3,0.0,0
134.599472,nan,35.9305136,-84.3106739,35.9305136,-84.3106742,0.08999999612569809,0.027041717557952417,1,0.059976,6,10,1.21,35.9305136,-84.3106739,0.3,0.3,0.0,0
134.699432,nan,35.9305136,-84.3106739,35.9305136,-84.3106742,0.03999999910593033,0.027041717557952417,1,0.039984,6,10,1.21,35.9305136,-84.3106739,0.3,0.3,0.0,0
134.799392,nan,35.9305136,-84.3106739,35.9305136,-84.3106742,0.029999999329447746,0.027041717557952417,1,0.059976,6,10,1.21,35.9305136,-84.3106739,0.3,0.3,0.0,0
134.899352,nan,35.9305136,-84.3106739,35.9305136,-84.3106742,0.03999999910593033,0.027041717557952417,1,0.039984,6,10,1.21,35.9305136,-84.3106739,0.3,0.3,0.0,0
134.999312,nan,35.9305136,-84.3106739,35.9305136,-84.3106742,0.05999999865889549,0.027041717557952417,1,0.059976,6,10,1.21,35.9305136,-84.3106739,0.3,0.3,0.0,0
135.099272,nan,35.9305136,-84.3106739,35.9305136,-84.3106742,0.05999999865889549,0.027041717557952417,1,0.039984,6,10,1.21,35.9305136,-84.3106739,0.3,0.3,0.0,0
135.199232,nan,35.9305136,-84.3106739,35.9305136,-84.3106742,0.05999999865889549,0.027041717557952417,1,0.059976,6,10,1.21,35.9305136,-84.3106739,0.3,0.3,0.0,0
135.299192,nan,35.9305136,-84.3106739,35.9305136,-84.3106742,0.05999999865889549,0.027041717557952417,1,0.040817,6,10,1.21,35.9305136,-84.3106739,0.3,0.3,0.0,0
135.399985,nan,35.9305136,-84.3106739,35.9305137,-84.3106742,0.05999999865889549,0.029243390969249577,1,0.059976,6,10,1.21,35.9305136,-84.3106739,0.3,0.3,0.0,0
135.499945,nan,35.9305136,-84.3106739,35.9305137,-84.3106741,0.05999999865889549,0.02118781341180144,1,0.039984,6,10,1.21,35.9305136,-84.3106739,0.3,0.3,0.0,0
135.599905,nan,35.9305136,-84.3106739,35.9305137,-84.3106741,0.05999999865889549,0.02118781341180144,1,0.059976,6,10,1.21,35.9305136,-84.3106739,0.3,0.3,0.0,0
135.699865,nan,35.9305136,-84.3106739,35.9305137,-84.3106741,0.05999999865889549,0.02118781341180144,1,0.039984,6,10,1.21,35.9305136,-84.3106739,0.3,0.3,0.0,0
135.799825,nan,35.9305136,-84.3106739,35.9305137,-84.3106741,0.05999999865889549,0.02118781341180144,1,0.059976,6,10,1.21,35.9305136,-84.3106739,0.3,0.3,0.0,0
135.899785,nan,35.9305136,-84.3106739,35.9305137,-84.3106741,0.05999999865889549,0.02118781341180144,1,0.039984,6,10,1.21,35.9305136,-84.3106739,0.3,0.3,0.0,0
135.999745,nan,35.9305136,-84.3106739,35.9305137,-84.3106741,0.05999999865889549,0.02118781341180144,1,0.059976,6,10,1.21,35.9305136,-84.3106739,0.3,0.3,0.0,0
136.099705,nan,35.9305136,-84.3106739,35.9305137,-84.3106741,0.05999999865889549,0.02118781341180144,1,0.039984,6,10,1.21,35.9305136,-84.3106739,0.3,0.3,0.0,0
136.199665,nan,35.9305136,-84.3106739,35.9305137,-84.3106741,0.05999999865889549,0.02118781341180144,1,0.059976,6,10,1.21,35.9305136,-84.3106739,0.3,0.3,0.0,0
136.299625,nan,35.9305136,-84.3106739,35.9305137,-84.3106741,0.05999999865889549,0.02118781341180144,1,0.039984,6,10,1.21,35.9305136,-84.3106739,0.3,0.3,0.0,0
136.399585,nan,35.9305136,-84.3106739,35.9305137,-84.3106741,0.05999999865889549,0.02118781341180144,1,0.059976,6,10,1.21,35.9305136,-84.3106739,0.3,0.3,0.0,0
136.499545,nan,35.9305136,-84.3106739,35.9305137,-84.3106741,0.05999999865889549,0.02118781341180144,1,0.039984,6,10,1.21,35.9305136,-84.3106739,0.3,0.3,0.0,0
136.599505,nan,35.9305136,-84.3106739,35.9305137,-84.3106741,0.05999999865889549,0.02118781341180144,1,0.059976,6,10,1.21,35.9305136,-84.3106739,0.3,0.3,0.0,0
136.699465,nan,35.9305136,-84.3106739,35.9305137,-84.3106741,0.05999999865889549,0.02118781341180144,1,0.039984,6,10,1.21,35.9305136,-84.3106739,0.3,0.3,0.0,0
